Наименование исследование.,Наименование тест.,БМ,Единицы измерения,Референсные значения НИЖНИЙ предел,Референсные значения ВЕРХНИЙ предел,Референсные группы,Критическое значение ниже нормы,Критическое значение выше нормы,"Метод исследования 
(указывается при необходимости)
",Раздел,Подраздел,Синонимы русский,Синонимы английский
АЛТ (аланинаминотрансфераза),АЛТ (аланинаминотрансфераза),Сыв-ка крови,ед/л,,<28,недоношенные,–,>300,"НОКХ, оптимизированный, рекоменд., 1972 и МФКХ без пиридоксальфосфата",Биохимия крови,Ферменты,"АЛТ, АлАТ","ALT, Alanine aminotransferase, SGPT"
,,,,,<31,1 день,,,,,,,
,,,,,<49,2-5 дней,,,,,,,
,,,,,<56,6 дней - 6 месяцев,,,,,,,
,,,,,<54,7-12 месяцев,,,,,,,
,,,,,<33,1-3 года,,,,,,,
,,,,,<29,4-6 лет,,,,,,,
,,,,,<39,7-12 лет,,,,,,,
,,,,,<24,13-17 лет жен.,,,,,,,
,,,,,<27,13-17 лет муж.,,,,,,,
,,,,,<31,>18 лет жен.,,,,,,,
,,,,,<41,>18 лет муж.,,,,,,,
,,,,,<35,>18 лет жен.,,,"МФКХ с пиридоксальфосфатом иНОКХ, стандартный метод, 1994",,,,
,,,,,<50,>18 лет муж.,,,,,,,
АСТ (аспартатаминотрансфераза),АСТ (аспартатаминотрансфераза),Сыв-ка крови,ед/л,,<64,недоношенные,–,>300,"НОКХ, оптимизированный, рекоменд., 1972 и МФКХ без пиридоксальфосфата",Биохимия крови,Ферменты,"АСТ, АсАТ, ","AST, Aspartate aminotransferase, SGOT"
,,,,,<109,1 день,,,,,,,
,,,,,<97,2-5 дней,,,,,,,
,,,,,<77,6 дней - 6 месяцев,,,,,,,
,,,,,<82,7-12 месяцев,,,,,,,
,,,,,<48,1-3 года,,,,,,,
,,,,,<36,4-6 лет,,,,,,,
,,,,,<47,7-12 лет,,,,,,,
,,,,,<25,13-17 лет жен.,,,,,,,
,,,,,<29,13-17 лет муж.,,,,,,,
,,,,,<32,>18 лет жен.,,,,,,,
,,,,,<38,>18 лет муж.,,,,,,,
,,,,,<35,>18 лет жен.,,,"МФКХ с пиридоксальфосфатом иНОКХ, стандартный метод, 1994",,,,
ГГТ (гамма-глутамилтранспептидаза),ГГТ (гамма-глутамилтранспептидаза),Сыв-ка крови,ед/л,,<257,недоношенные,,,Метод по Шашу,Биохимия крови,Ферменты,"ГГТ, γ-ГТ, гамма-ГТ","GGT, Gamma-glutamyl transferase"
,,,,,<151,1 день,,,,,,,
,,,,,<185,2-5 дней,,,,,,,
,,,,,<204,6 дней - 6 месяцев,,,,,,,
,,,,,<34,7-12 месяцев,,,,,,,
,,,,,<18,1-3 года,,,,,,,
,,,,,<23,4-6 лет,,,,,,,
,,,,,<17,7-12 лет,,,,,,,
,,,,,<33,13-17 лет жен.,,,,,,,
,,,,,<45,13-17 лет муж.,,,,,,,
,,,,,<32,>18 лет жен.,,,,,,,
,,,,,<49,>18 лет муж.,,,,,,,
,,,,,<45,>18 лет жен.,,,МФКХ,,,,
,,,,,<64,>18 лет муж.,,,,,,,
,,,,,<185,недоношенные,,,"НОКХ, стандартный метод, 1994",,,,
,,,,,<32,дети,,,,,,,
,,,,,<35,>18 лет жен.,,,,,,,
,,,,,<40,>18 лет муж.,,,,,,,
Щелочная фосфатаза (общая),Щелочная фосфатаза (общая),Сыв-ка крови,ед/л,90,273,<15 дней,,,"Колориметрический метод с р-нитрофенолом. Оптимизирвоанный метод, рекомендвоанный DGKC",Биохимия крови,Ферменты,ЩФ,"ALP, Alkaline phosphatase"
,,,,134,518,1 дней - 1 год,,,,,,,
,,,,156,369,1-10 лет,,,,,,,
,,,,141,460,10-13 лет,,,,,,,
,,,,127,517,13-15 лет муж.,,,,,,,
,,,,89,365,15-17 лет муж.,,,,,,,
,,,,59,164,17-19 лет муж.,,,,,,,
,,,,40,150,>19 лет муж.,,,,,,,
,,,,62,280,13-15 лет жен.,,,,,,,
,,,,40,150,>15 лет жен.,,,,,,,
,,,,,<250,1 день,,,"Расчет производился на основе опубликованных референсных диапазонов по 
определению щелочной фосфатазы с помощью оптического метода (DGKC)
13 с 
использованием коэффициента 0.417, полученного при сравнении методов. Согласованные значения
",,,,
,,,,,<231,2-5 дней,,,,,,,
,,,,,<449,6 дней - 6 месяцев,,,,,,,
,,,,,<462,7-12 месяцев,,,,,,,
,,,,,<281,1-3 года,,,,,,,
,,,,,<269,4-6 лет,,,,,,,
,,,,,<300,7-12 лет,,,,,,,
,,,,,<187,13-17 лет жен.,,,,,,,
,,,,,<390,13-17 лет муж.,,,,,,,
,,,,40,130,>18 лет жен.,,,,,,,
,,,,35,105,>18 лет муж.,,,,,,,
,,,,,<420,новорожденные,,,"НОКХ, стандартный метод, 1994",,,,
,,,,,<480,дети,,,,,,,
,,,,,<145,>18 лет жен.,,,,,,,
,,,,,<155,>18 лет муж.,,,,,,,
,,,,,<105,>18 лет жен.,,,МФКХ,,,,
,,,,,<115,>18 лет муж.,,,,,,,
Холинэстераза,Холинэстераза,Сыв-ка крови,кЕд/л,"5,3","12,9",дети до 18,<2,>15,"Псевдохолинэстераза,бутирилтиохолиниодид, Рош диагностика.",Биохимия крови,Ферменты,"ХЭ, псевдохолинэстераза","CHE, Cholinesterase, Pseudocholinesterase"
,,,,"5,3","12,9",взрослые >40,,,,,,,
,,,,0,"11,2","жен. 16-39 не беременные, не применяющие пероральные контрацептивы",,,,,,,
,,,,"3,6","9,1",жен. 18-39 беременные или применяющие пероральные контрацептивы,,,,,,,
,,,,"3,9","10,8",>18 лет жен.,,,"НОКХ, стандартный метод, 1994",,,,
,,,,"4,6","11,5",>18 лет муж.,,,,,,,
"ГлДГ (глутаматдегидрогеназа, GLDH)","ГлДГ (глутаматдегидрогеназа, GLDH)",Сыв-ка крови,Ед/л,,"<9,8",1-30 дней,,,"НОКХ, оптимизированный, рекоменд., 1972",Биохимия крови,Ферменты,ГДГ,"GLDH, Glutamate dehydrogenase"
,,,,,"<6,4",1-6 месяцев,,,,,,,
,,,,,"<5,2",7-12 месяцев,,,,,,,
,,,,,"<4,2",13-24 месяцев,,,,,,,
,,,,,"<3,8",2-3 года,,,,,,,
,,,,,"<4,8",13-15 лет,,,,,,,
,,,,,<4.5,>18 лет жен.,,,,,,,
,,,,,"<6,0",>18 лет муж.,,,,,,,
,,,,,"<5,0",>18 лет жен.,,,"НОКХ, стандартный метод, 1994",,,,
,,,,,"<6,0",>18 лет муж.,,,,,,,
Альфа-амилаза,Альфа-амилаза,Сыв-ка крови,Ед/л,,<220,>18 лет,–,>300,"Метод EPS, субстрат G7, Рош Диагностика",Биохимия крови,Ферменты,"Диастаза, амилаза общая","Amylase, Alpha-amylase"
,,,,,<100,>18 лет,,,EPS альфа-амилаза жидкая 100% освобождение хромофора.,,,,
Альфа-амилаза панкреатическая,Альфа-амилаза панкреатическая,Сыв-ка крови,Ед/л,,"<2,0",1-5 дней,,,"Метод EPS, субстрат G7, Рош Диагностика",Биохимия крови,Ферменты,Панкреатическая амилаза,"Pancreatic amylase, P-isoamylase"
,,,,,<16,6 дней - 6 месяцев,,,,,,,
,,,,,<45,7 месяцев - 1 год,,,,,,,
,,,,,<61,2-3 года,,,,,,,
,,,,,<66,4-6 лет,,,,,,,
,,,,,<73,7-12 лет жен.,,,,,,,
,,,,,<65,7-12 лет муж.,,,,,,,
,,,,,<77,13-17 лет,,,,,,,
,,,,,<115,>18 лет,,,,,,,
,,,,,<53,>18 лет,,,EPS альфа-амилаза жидкая 100% освобождение хромофора.,,,,
Липаза,Липаза,Сыв-ка крови,Ед/л,,<130,5 дней - 18 лет,,,"Турбидиметрический метод, Рош Диагностика.",Биохимия крови,Ферменты,"ЛПЗ, триацилглицерол-липаза","Lipase, LPS"
,,,,,<190,>18 лет,,,,,,,
,,,,,<60,>18 лет,,,Колориметрический метод,,,,
ЛДГ (лактатдегидрогеназа),ЛДГ (лактатдегидрогеназа),Сыв-ка крови,Ед/л,,<1103,недоношенные,–,>500,"НОКХ, оптимизированный, рекоменд., 1972",Биохимия крови,Ферменты,ЛДГ,"LDH, Lactate dehydrogenase"
,,,,,<1327,1 день,,,,,,,
,,,,,<1732,2-5 дней,,,,,,,
,,,,,<975,6 дней - 6 месяцев,,,,,,,
,,,,,<1100,7-12 месяцев,,,,,,,
,,,,,<850,1-3 года,,,,,,,
,,,,,<615,4-6 лет,,,,,,,
,,,,,<580,7-12 лет жен.,,,,,,,
,,,,,<764,7-12 лет муж.,,,,,,,
,,,,,<436,13-17 лет жен.,,,,,,,
,,,,,<683,13-17 лет муж.,,,,,,,
,,,,,<480,18-65 лет,,,,,,,
,,,,,<530,>66 лет,,,,,,,
,,,,,<214,>18 лет жен.,,,МФКХ,,,,
,,,,,<225,>18 лет муж.,,,,,,,
,,,,,<1100,<6 месяцев,,,"ЛДГ, Французское общество клинической биологии",,,,
,,,,,<440,>18 лет,,,,,,,
,,,,,<600,новорожденные,,,"МФКХ и НОКХ , стандартный метод, 1994",,,,
,,,,,<300,дети,,,,,,,
,,,,,<215,>18 лет жен.,,,,,,,
,,,,,<225,>18 лет муж.,,,,,,,
,,,,,<775,<4 дней,,,Лактат в качестве субстрата,,,,
,,,,,<2000,4-10 дней,,,,,,,
,,,,,<430,11 жней - 24 месяца,,,,,,,
,,,,,<250,>18 лет,,,,,,,
,,,,,<60,>18 лет,,,Колориметрический метод,,,,
ЛДГ-1-2 (гидроксибутиратдегидрогеназа),ЛДГ-1-2 (гидроксибутиратдегидрогеназа),Сыв-ка крови,Ед/л,,<182,>18 лет,,,"НОКХ, оптимизированный, рекоменд., 1972",Биохимия крови,Ферменты,"α-гидроксибутиратдегидрогеназа, альфа-гидроксибутиратдегидрогеназа","HBDH, Hydroxybutyrate dehydrogenase"
Креатинфосфокиназа,Креатинфосфокиназа,Сыв-ка крови,Ед/л,,<712,1 день,–,>1000,"МФКХ
НОКХ, оптимизированный, рекоменд., 1972",Биохимия крови,Ферменты,КФК,"CK, Creatine kinase"
,,,,,<652,2-5 дней,,,,,,,
,,,,,<295,6 дней- 6 месяцев,,,,,,,
,,,,,<203,7-12 месяцев,,,,,,,
,,,,,<228,1-3 года,,,,,,,
,,,,,<149,4-6 лет,,,,,,,
,,,,,<154,7-12 лет жен.,,,,,,,
,,,,,<247,7-12 лет муж.,,,,,,,
,,,,,<123,13-17 лет жен.,,,,,,,
,,,,,<270,13-17 лет муж.,,,,,,,
,,,,,<167,>18 лет жен.,,,,,,,
,,,,,<190,>18 лет муж.,,,,,,,
,,,,,<145,>18 лет жен.,,,"НОКХ, стандартный метод, 1994",,,,
,,,,,<170,>18 лет муж.,,,,,,,
Креатинфосфокиназа МВ-фракция (БХ фракиця),Креатинфосфокиназа МВ-фракция (БХ фракиця),Сыв-ка крови,Ед/л,,<24,>18 лет,,,"НОКХ, оптимизированный, рекоменд.,1972",Биохимия крови,Ферменты,КФК-МВ,"CK-MB, Creatine kinase-MB"
,,,,,<15,>18 лет жен.,,,"НОКХ, стандартный метод, 1994",,,,
,,,,,<20,>18 лет муж.,,,,,,,
"Креатинфосфокиназа МВ-фракция (ИХ фракиця)

","Креатинфосфокиназа МВ-фракция (ИХ фракиця)

",,нг/мл,,<5,>18 лет,,,"Массовая концентрация, предварительный референтный интервал для анализаторва Elicsys",,,,
АПФ (ангиотензинпревращающий фермент),АПФ (ангиотензинпревращающий фермент),Сыв-ка крови,Ед/л,8,52,1–12 лет,,,Ферментативный колориметрический метод (по реакции гидролиза синтетического субстрата).,Биохимия крови,Ферменты,АПФ,"ACE, Angiotensin-converting enzyme"
,,,,12,65,13–18 лет,,,,,,,
,,,,20,70,>18 лет,,,,,,,
Кислая фосфатаза общая,Кислая фосфатаза общая,Сыв-ка крови,Ед/л,,"<5,5",жен.,,,"альфа-Нафтилфосфат, Рош Диагностика, активированный пентандиолом. Эксперементальная величина без использования температурного коэффициента пересчета.",Биохимия крови,Ферменты,КФ,"ACP, Acid phosphatase"
,,,,,"<6,5",муж.,,,,,,,
Креатинин,Креатинин,Сыв-ка крови,мкмоль/л,27,77,Новорожденные (недоношенные),–,>400,Ферментативный метод,БИОХИМИЧЕСКИЕ ИССЛЕДОВАНИЯ КРОВИ,Субстраты,"Креат, креатинин сывороточный, продукт метаболизма креатинфосфата","Creatinine, Serum Creatinine, Cr, CRE"
,,,мкмоль/л,27,77,Новорожденные (доношенные),,,,,,,
,,,мкмоль/л,14,34,2–12 месяцев,,,,,,,
,,,мкмоль/л,15,31,1–3 года,,,,,,,
,,,мкмоль/л,23,37,3–5 лет,,,,,,,
,,,мкмоль/л,25,42,5–7 лет,,,,,,,
,,,мкмоль/л,30,47,7–9 лет,,,,,,,
,,,мкмоль/л,29,56,9–11 лет,,,,,,,
,,,мкмоль/л,39,60,11–13 лет,,,,,,,
,,,мкмоль/л,40,68,13–15 лет,,,,,,,
,,,мкмоль/л,59,104,15-90 лет мужчины,,,,,,,
,,,мкмоль/л,45,84,15-90 лет женщины,,,,,,,
Мочевина,Мочевина,Сыв-ка крови,ммоль/л,1.0,8.7,0–14 дней,<2,>35.5,Кинетический ферментативный метод. ,БИОХИМИЧЕСКИЕ ИССЛЕДОВАНИЯ КРОВИ,Субстраты,"Азот мочевины, мочевина крови, карбамид","Urea, Blood Urea Nitrogen (BUN), Urea Nitrogen, Carbamide"
,,,ммоль/л,1.2,6.3,15 дней – 1 год,,,,,,,
,,,ммоль/л,3.3,8.4,1–10 лет,,,,,,,
,,,ммоль/л,2.7,7.2,10–19 лет жен.,,,,,,,
,,,ммоль/л,2.7,7.9,10–19 лет муж.,,,,,,,
,,,ммоль/л,2.76,8.07,20-90,,,,,,,
Мочевая кислота,Мочевая кислота,Сыв-ка крови,мкмоль/л,165,718,0–14 дней,–,>770,Ферментативный колориметрический тест.,БИОХИМИЧЕСКИЕ ИССЛЕДОВАНИЯ КРОВИ,Субстраты,"Ураты, урикемия, продукт пуринового обмена","Uric Acid, UA, Urate, Serum Urate"
,,,мкмоль/л,100,364,15 дней – 1 год,,,,,,,
,,,мкмоль/л,111,282,1–12 лет,,,,,,,
,,,мкмоль/л,155,338,12–19 лет жен.,,,,,,,
,,,мкмоль/л,158,435,12–19 лет муж.,,,,,,,
,,,мкмоль/л,202.3,416.5,20-90 муж.,,,,,,,
,,,мкмоль/л,142.8,339.2,20-90 жен.,,,,,,,
Билирубин общий,Билирубин общий,Сыв-ка крови,мкмоль/л,0,342,Новорожденные (до 24 часов),–,>250,Кинетический ферментативный метод. ,БИОХИМИЧЕСКИЕ ИССЛЕДОВАНИЯ КРОВИ,Субстраты,"Общий билирубин, суммарный билирубин, T-Bil","Total Bilirubin, TBIL, T-Bil, Serum Bilirubin"
,,,мкмоль/л,0,428,Новорожденные (до 48 часов),,,,,,,
,,,мкмоль/л,0,513,Новорожденные (до 84 часов),,,,,,,
,,,мкмоль/л,2.4,247,0–14 дней,,,,,,,
,,,мкмоль/л,1.2,9.7,15 дней – 1 год,,,,,,,
,,,мкмоль/л,1.2,5.4,1–9 лет,,,,,,,
,,,мкмоль/л,1.2,7.7,9-12 лет,,,,,,,
,,,мкмоль/л,1.2,9.9,12-15 лет,,,,,,,
,,,мкмоль/л,1,12,15-19 лет,,,,,,,
,,,мкмоль/л,0,21,20-90 лет,,,,,,,
Билирубин прямой (коньюгированный),Билирубин прямой (коньюгированный),Сыв-ка крови,мкмоль/л,4.3,9.4,0–14 дней,,,Кинетический ферментативный метод. ,БИОХИМИЧЕСКИЕ ИССЛЕДОВАНИЯ КРОВИ,Субстраты,"Прямой билирубин, связанный билирубин, конъюгированный билирубин","Direct Bilirubin, DBIL, Conjugated Bilirubin"
,,,мкмоль/л,2.0,3.9,15 дней – 1 год,,,,,,,
,,,мкмоль/л,2.0,2.4,1–9 лет,,,,,,,
,,,мкмоль/л,2.0,3.7,9-13 лет,,,,,,,
,,,мкмоль/л,2.0,5.1,12-19 лет жен.,,,,,,,
,,,мкмоль/л,2.0,5.4,12-19 лет муж.,,,,,,,
,,,мкмоль/л,0,5,20-90,,,,,,,
Желчные кислоты,Желчные кислоты,Сыв-ка крови,мкмоль/л,0,10,,,,ферментативный метод. ,БИОХИМИЧЕСКИЕ ИССЛЕДОВАНИЯ КРОВИ,Субстраты,"ЖК, холевые кислоты, соли желчных кислот","Bile Acids, BA, Total Bile Acids (TBA), Cholic Acids"
Проба Реберга (клиренс эндогенного креатинина),Креатинин в сыворотке,Сыв-ка крови,мкмоль/л,27,77,Новорожденные (недоношенные),,,Ферментативный метод.,БИОХИМИЧЕСКИЕ ИССЛЕДОВАНИЯ КРОВИ,Субстраты,"Клиренс креатинина, СКФ (скорость клубочковой фильтрации), проба Реберга-Тареева","Creatinine Clearance, CrCl, Rehberg Test, GFR (Glomerular Filtration Rate)"
,,,мкмоль/л,27,77,Новорожденные (доношенные),,,,,,,
,,,мкмоль/л,14,34,2–12 месяцев,,,,,,,
,,,мкмоль/л,15,31,1–3 года,,,,,,,
,,,мкмоль/л,23,37,3–5 лет,,,,,,,
,,,мкмоль/л,25,42,5–7 лет,,,,,,,
,,,мкмоль/л,30,47,7–9 лет,,,,,,,
,,,мкмоль/л,29,56,9–11 лет,,,,,,,
,,,мкмоль/л,39,60,11–13 лет,,,,,,,
,,,мкмоль/л,40,68,13–15 лет,,,,,,,
,,,мкмоль/л,59,104,15-90 лет мужчины,,,,,,,
,,,мкмоль/л,45,84,15-90 лет женщины,,,,,,,
,Креатинин в моче,Моча сут.,ммоль/сут,0.3,0.7,0-1 месяца муж.,,,Кинетический метод Яффе.,,,,
,,,ммоль/сут,0.5,1.2,2-3 месяца муж.,,,,,,,
,,,ммоль/сут,0.6,1.4,4-5 месяца муж.,,,,,,,
,,,ммоль/сут,0.7,1.7,6-8 месяцев муж.,,,,,,,
,,,ммоль/сут,0.8,1.9,9-11 месяцев муж.,,,,,,,
,,,ммоль/сут,0.9,2.3,12-17 месяцев муж.,,,,,,,
,,,ммоль/сут,1.0,2.5,18-24 месяца муж,,,,,,,
,,,ммоль/сут,1.1,2.9,25-36 месяцев муж.,,,,,,,
,,,ммоль/сут,1.2,3.2,3-4 года муж.,,,,,,,
,,,ммоль/сут,1.4,3.6,4-5 лет муж.,,,,,,,
,,,ммоль/сут,1.5,4.0,5-6 лет муж.,,,,,,,
,,,ммоль/сут,1.7,4.5,6-7 лет муж,,,,,,,
,,,ммоль/сут,2.0,5.0,7-8 лет муж.,,,,,,,
,,,ммоль/сут,2.2,5.5,8-9 лет муж.,,,,,,,
,,,ммоль/сут,2.4,6.1,9-10 лет муж.,,,,,,,
,,,ммоль/сут,2.7,6.8,10-11 лет муж.,,,,,,,
,,,ммоль/сут,3.0,10.4,11-12 лет муж.,,,,,,,
,,,ммоль/сут,3.5,11.9,12-13 лет муж.,,,,,,,
,,,ммоль/сут,3.7,12.8,13-14 лет муж.,,,,,,,
,,,ммоль/сут,7.1,17.7,15-90 лет муж.,,,,,,,
,,,ммоль/сут,0.3,0.9,0-1 месяца жен.,,,,,,,
,,,ммоль/сут,0.5,1.2,2-3 месяца жен.,,,,,,,
,,,ммоль/сут,0.6,1.5,4-5 месяца жен.,,,,,,,
,,,ммоль/сут,0.7,1.7,6-8 месяцев жен.,,,,,,,
,,,ммоль/сут,0.8,1.8,9-11 месяцев жен.,,,,,,,
,,,ммоль/сут,0.9,2.3,12-17 месяцев жен.,,,,,,,
,,,ммоль/сут,1.0,2.6,18-24 месяца жен,,,,,,,
,,,ммоль/сут,1.1,2.8,25-36 месяцев жен.,,,,,,,
,,,ммоль/сут,.12,2.9,3-4 года жен.,,,,,,,
,,,ммоль/сут,1.3,3.6,4-5 лет жен.,,,,,,,
,,,ммоль/сут,1.5,4.0,5-6 лет жен.,,,,,,,
,,,ммоль/сут,1.7,4.5,6-7 лет жен.,,,,,,,
,,,ммоль/сут,2.0,4.9,7-8 лет жен.,,,,,,,
,,,ммоль/сут,2.2,5.5,8-9 лет жен.,,,,,,,
,,,ммоль/сут,2.5,6.2,9-10 лет жен.,,,,,,,
,,,ммоль/сут,2.7,6.9,10-11 лет жен.,,,,,,,
,,,ммоль/сут,3.1,10.7,11-12 лет жен.,,,,,,,
,,,ммоль/сут,3.5,12.0,12-13 лет жен.,,,,,,,
,,,ммоль/сут,3.9,13.3,13-14 лет жен.,,,,,,,
,,,ммоль/сут,5.3,15.9,15-90 лет жен.,,,,,,,
,Клиренс эндогенного креатинина,Моча сут.,"мл/мин/1,73 м2",65,100,0-12 месяцев,,,расчетный,,,,
,,,"мл/мин/1,73 м2",88,146,1 - 30 лет муж.,,,,,,,
,,,"мл/мин/1,73 м2",81,134,1 - 30 лет жен.,,,,,,,
,,,"мл/мин/1,73 м2",82,140,31-40 лет муж.,,,,,,,
,,,"мл/мин/1,73 м2",75,128,31-40 лет жен.,,,,,,,
,,,"мл/мин/1,73 м2",75,133,41-50 лет муж.,,,,,,,
,,,"мл/мин/1,73 м2",69,122,41-50 лет жен.,,,,,,,
,,,"мл/мин/1,73 м2",68,126,51-60 лет муж.,,,,,,,
,,,"мл/мин/1,73 м2",64,116,51-60 лет жен.,,,,,,,
,,,"мл/мин/1,73 м2",61,120,61-70 лет муж.,,,,,,,
,,,"мл/мин/1,73 м2",58,110,61-70 лет жен.,,,,,,,
,,,"мл/мин/1,73 м2",55,113,71-150 лет муж.,,,,,,,
,,,"мл/мин/1,73 м2",52,105,71-150 лет жен.,,,,,,,
,Суточный дирез,Моча сут.,мл,,,,,,,,,,
Клиренс креатинина расчетный (формула Кокрафта Голта),Креатинин,Сыв-ка крови,мкмоль/л,27,77,Новорожденные (недоношенные),,,Ферментативный метод.,,,"Клиренс креатинина, Проба Реберга, Проба Реберга — Тареева, Исследование функции клубочковой фильтрации, Оценка скорости клубочковой фильтрации (СКФ), Скорость выведения креатинина, Проба на СКФ, Почечный клиренс, Расчётный клиренс креатинина","Creatinine clearance, Rehberg test, Rehberg-Tareev test, Glomerular filtration test, GFR estimation (Glomerular Filtration Rate), Creatinine elimination rate, GFR test, Renal clearance, Estimated creatinine clearance."
,,,мкмоль/л,27,77,Новорожденные (доношенные),,,,,,,
,,,мкмоль/л,14,34,2–12 месяцев,,,,,,,
,,,мкмоль/л,15,31,1–3 года,,,,,,,
,,,мкмоль/л,23,37,3–5 лет,,,,,,,
,,,мкмоль/л,25,42,5–7 лет,,,,,,,
,,,мкмоль/л,30,47,7–9 лет,,,,,,,
,,,мкмоль/л,29,56,9–11 лет,,,,,,,
,,,мкмоль/л,39,60,11–13 лет,,,,,,,
,,,мкмоль/л,40,68,13–15 лет,,,,,,,
,,,мкмоль/л,59,104,15-90 лет мужчины,,,,,,,
,,,мкмоль/л,45,84,15-90 лет женщины,,,,,,,
,Клиренс эндогенного креатинина,,мл/мин,90,150,муж.,,,Расчетный,,,,
,,,мл/мин,80,30,жен.,,,,,,,
,Масса тела,,кг,,,,,,,,,,
,Возраст,,годы,,,,,,,,,,
Клиренс креатинина расчетный (CKD-EPI),Креатинин,Сыв-ка крови,мкмоль/л,27,77,Новорожденные (недоношенные),,,Ферментативный метод.,,,"Клиренс креатинина, Проба Реберга, Проба Реберга — Тареева, Исследование функции клубочковой фильтрации, Оценка скорости клубочковой фильтрации (СКФ), Скорость выведения креатинина, Проба на СКФ, Почечный клиренс, Расчётный клиренс креатинина","Creatinine clearance, Rehberg test, Rehberg-Tareev test, Glomerular filtration test, GFR estimation (Glomerular Filtration Rate), Creatinine elimination rate, GFR test, Renal clearance, Estimated creatinine clearance, CKD-EPI."
,,,мкмоль/л,27,77,Новорожденные (доношенные),,,,,,,
,,,мкмоль/л,14,34,2–12 месяцев,,,,,,,
,,,мкмоль/л,15,31,1–3 года,,,,,,,
,,,мкмоль/л,23,37,3–5 лет,,,,,,,
,,,мкмоль/л,25,42,5–7 лет,,,,,,,
,,,мкмоль/л,30,47,7–9 лет,,,,,,,
,,,мкмоль/л,29,56,9–11 лет,,,,,,,
,,,мкмоль/л,39,60,11–13 лет,,,,,,,
,,,мкмоль/л,40,68,13–15 лет,,,,,,,
,,,мкмоль/л,59,104,15-90 лет мужчины,,,,,,,
,,,мкмоль/л,45,84,15-90 лет женщины,,,,,,,
,Клиренс эндогенного креатинина,,"мл/мин/1,73 м2",60,,18-90 лет,,,Расчетный,,,,
,Возраст,,годы,,,,,,,,,,
Общий белок,Общий белок,Сыв-ка крови,г/л,48,80,Пуповинная кровь,,,Колориметрический тест.,БИОХИМИЧЕСКИЕ ИССЛЕДОВАНИЯ КРОВИ,Обмен белков,"ОБ, сывороточный белок, общий протеин","Total Protein, TP, Serum Protein"
,,,г/л,36,60,Недоношенные дети,,,,,,,
,,,г/л,46,70,Новорожденные,,,,,,,
,,,г/л,55,83,0–14 дней,,,,,,,
,,,г/л,46,72,15 дней – 1 год,,,,,,,
,,,г/л,62,76,1–6 лет,,,,,,,
,,,г/л,65,77,6-9 лет,,,,,,,
,,,г/л,66,81,9-19 лет,,,,,,,
,,,г/л,64,83,20-90,,,,,,,
Альбумин,Альбумин,Сыв-ка крови,г/л,34,47,0–14 дней,,,Колориметрический тест.,БИОХИМИЧЕСКИЕ ИССЛЕДОВАНИЯ КРОВИ,Обмен белков,"Альбумин сывороточный, ALB","Albumin, ALB, Serum Albumin"
,,,г/л,30,53,15 дней – 1 год,,,,,,,
,,,г/л,41,52,1–8 лет,,,,,,,
,,,г/л,43,54,8-15 лет,,,,,,,
,,,г/л,41,56,15-19 лет жен.,,,,,,,
,,,г/л,44,57,15-19 лет муж.,,,,,,,
,,,г/л,35,52,20-90,,,,,,,
Белковые фракции,Альбумин,Сыв-ка крови,%,55,69,,,,Электрофорез,БИОХИМИЧЕСКИЕ ИССЛЕДОВАНИЯ КРОВИ,Электрофорез белков,"Альбумин сывороточный, ALB","Albumin, Serum Albumin, ALB"
,альфа-1-глобулин,Сыв-ка крови,%,2.9,4.9,,,,Электрофорез,,,"α1-глобулин, альфа1-фракция глобулинов","Alpha-1 globulin, α1-globulin"
,альфа-2-глобулин,Сыв-ка крови,%,7.1,11.8,,,,,,,"α2-глобулин, альфа2-фракция глобулинов","Alpha-2 globulin, α2-globulin"
,бета-1-глобулин,Сыв-ка крови,%,4.7,7.2,,,,,,,"β-глобулин, бета-фракция глобулинов","Beta globulin, β-globulin"
,бета-2-глобулин,Сыв-ка крови,%,3.2,6.5,,,,,,,,
,гамма-глобулин,Сыв-ка крови,%,11.1,18.8,,,,,,,"γ-глобулин, иммуноглобулины (общий класс)","Gamma globulin, γ-globulin, Immunoglobulins (Ig)"
"Иммуноэлектрофорез-скрининг (дифференцировка гаммапатии: лямбда-цепи, капа-цепи иммуноглобулинов)",Каппа-цепи иимуноглобулинов в сыворотке,Сыв-ка крови,,,Не обнаружено,,,,Электрофорез,,,,
,Лямбда-цепи иммуноглобулино в сыворотке,Сыв-ка крови,,,Не обнаружено,,,,Электрофорез,,,,
Глюкоза,Глюкоза,Плазма с фторидом натрия,ммоль/л,2.22,3.33,"Новорожденные (1 день)
",<2.5,>20,Ферментативный референсный метод с гексокиназой. ,БИОХИМИЧЕСКИЕ ИССЛЕДОВАНИЯ КРОВИ,Обмен углеводов,"Сахар крови, гликемия, глюкоза плазмы","Glucose, Blood Sugar, Plasma Glucose"
,,,ммоль/л,2.78,4.44,1 день - 1 месяц,,,,,,,
,,,ммоль/л,3.33,5.55,1 месяц - 18 лет,,,,,,,
,,,ммоль/л,4.11,5.89,18-60 лет,,,,,,,
,,,ммоль/л,4.56,6.38,60 - 90 лет,,,,,,,
Гликозилированный гемоглобин (HBA1c),Гликозилированный гемоглобин (HBA1c),Кровь ЭДТА,%,4.8,5.9,,–,>10,,БИОХИМИЧЕСКИЕ ИССЛЕДОВАНИЯ КРОВИ,Обмен углеводов,"Гликированный гемоглобин, A1c, HbA1c","Glycated Hemoglobin, A1C, Hemoglobin A1c"
Фруктозамин,Фруктозамин,Сыв-ка крови,мкмоль/л,118,282,муж.,,,Колориметрический тест.,БИОХИМИЧЕСКИЕ ИССЛЕДОВАНИЯ КРОВИ,Обмен углеводов,"Гликозилированный белок, сывороточный фруктозамин","Fructosamine, Glycated Albumin"
,,,,161,351,жен.,,,,,,,
"Глюкозотолерантный тест сокращенный (глюкоза натощак, глюкоза через 2 часа после нагрузки)",Глюкоза (натощак),Плазма с фторидом натрия,ммоль/л,2.22,3.33,"Новорожденные (1 день)
",,,Ферментативный референсный метод с гексокиназой. ,БИОХИМИЧЕСКИЕ ИССЛЕДОВАНИЯ КРОВИ,Обмен углеводов,"ГТТ (2-часовая проба), тест на толерантность к глюкозе","Oral Glucose Tolerance Test (OGTT), 2-hour GTT"
,,,ммоль/л,2.78,4.44,1 день - 1 месяц,,,,,,,
,,,ммоль/л,3.33,5.55,1 месяц - 18 лет,,,,,,,
,,,ммоль/л,4.11,5.89,18-60 лет,,,,,,,
,,,ммоль/л,4.56,6.38,60 - 90 лет,,,,,,,
,Глюкоза (через 2 ч),Плазма с фторидом натрия,ммоль/л,0,"7,8",,,,Ферментативный референсный метод с гексокиназой. ,,,,
"Глюкозотолерантный тест базовый (глюкоза натощак, глюкоза через 1 час и через 2 часа после нагрузки)",Глюкоза (натощак),Плазма с фторидом натрия,ммоль/л,2.22,3.33,"Новорожденные (1 день)
",,,Ферментативный референсный метод с гексокиназой. ,БИОХИМИЧЕСКИЕ ИССЛЕДОВАНИЯ КРОВИ,Обмен углеводов,"ГТТ (1 и 2 часа), стандартный тест на толерантность к глюкозе","Standard OGTT, 1-hour & 2-hour GTT"
,,,ммоль/л,2.78,4.44,1 день - 1 месяц,,,,,,,
,,,ммоль/л,3.33,5.55,1 месяц - 18 лет,,,,,,,
,,,ммоль/л,4.11,5.89,18-60 лет,,,,,,,
,,,ммоль/л,4.56,6.38,60 - 90 лет,,,,,,,
,Глюкоза (через 1 ч),,ммоль/л,0,10,,,,Ферментативный референсный метод с гексокиназой. ,,,,
,Глюкоза (через 2 ч),,ммоль/л,0,8.5,,,,Ферментативный референсный метод с гексокиназой. ,,,,
"Глюкозотолерантный тест расширенный (глюкоза, инсулин, С-пептид натощак и через 2 часа после нагрузки)",Глюкоза (натощак),"Сыв-ка крови, плазма с фторидом натрия",ммоль/л,2.22,3.33,"Новорожденные (1 день)
",,,Ферментативный референсный метод с гексокиназой. ,БИОХИМИЧЕСКИЕ ИССЛЕДОВАНИЯ КРОВИ,Обмен углеводов,"ГТТ с инсулином и С-пептидом, расширенная проба на толерантность",Extended OGTT with Insulin & C-peptide
,,,ммоль/л,2.78,4.44,1 день - 1 месяц,,,,,,,
,,,ммоль/л,3.33,5.55,1 месяц - 18 лет,,,,,,,
,,,ммоль/л,4.11,5.89,18-60 лет,,,,,,,
,,,ммоль/л,4.56,6.38,60 - 90 лет,,,,,,,
,Глюкоза (через 2 ч),,ммоль/л,0,7.8,,,,,,,,
,Инсулин (натощак),,мкЕд/мл,2.7,10.4,,,,Хемилюминесцентный анализ,,,,
,Инсулин (через 2 ч),,мкЕд/мл,0,79.6,,,,Хемилюминесцентный анализ,,,,
,С-пептид (натощак),,пмоль/л,260,1730,,,,Хемилюминесцентный иммуноанализ,,,,
,С-пептид (через 2 ч),,пмоль/л,261,1731,,,,Хемилюминесцентный иммуноанализ,,,,
Индекс HOMA,Глюкоза (натощак),,ммоль/л,2.22,3.33,"Новорожденные (1 день)
",,,Ферментативный референсный метод с гексокиназой. ,БИОХИМИЧЕСКИЕ ИССЛЕДОВАНИЯ КРОВИ,Обмен углеводов,"Индекс инсулинорезистентности, HOMA-IR",Homeostatic Model Assessment (HOMA-IR)
,,,ммоль/л,2.78,4.44,1 день - 1 месяц,,,,,,,
,,,ммоль/л,3.33,5.55,1 месяц - 18 лет,,,,,,,
,,,ммоль/л,4.11,5.89,18-60 лет,,,,,,,
,,,ммоль/л,4.56,6.38,60 - 90 лет,,,,,,,
,Инсулин (натощак),,мкЕд/мл,2.7,10.4,,,,Хемилюминесцентный анализ,,,,
,HOMA-IR        ,,условные единицы,0,2.7,взрослые,,,расчетный,,,,
Лактат (молочная кислота),Лактат (молочная кислота),Плазма с фторидом натрия,ммоль/л,0.5,2.2,18-150 лет,,,Колориметрический тест. ,БИОХИМИЧЕСКИЕ ИССЛЕДОВАНИЯ КРОВИ,Обмен углеводов,"Молочная кислота, лактат крови","Lactate, Lactic Acid, Blood Lactate"
Холестерин общий,Холестерин общий,Сыв-ка крови,ммоль/л,1.29,3.38,0-14 дней жен.,,,Кинетический ферментативный метод. ,БИОХИМИЧЕСКИЕ ИССЛЕДОВАНИЯ КРОВИ,Обмен липидов,"Общий холестерол, TC","Total Cholesterol, TC, Serum Cholesterol"
,,,,1.19,2.96,0-14 дней муж.,,,,,,,
,,,,1.76,6.37,15 дней - 1 год,,,,,,,
,,,,3.04,5.62,1 - 19 лет,,,,,,,
,,,,0,5.2,20-90,,,,,,,
Триглицериды,Триглицериды,Сыв-ка крови,ммоль/л,1.02,3.25,0-14 дней,,,Ферментативный колориметрический метод. ,БИОХИМИЧЕСКИЕ ИССЛЕДОВАНИЯ КРОВИ,Обмен липидов,"ТГ, нейтральные жиры","Triglycerides, TG, Neutral Fats"
,,,,0.65,3.24,15 дней - 1 год,,,,,,,
,,,,0.54,2.47,1 - 19 лет,,,,,,,
,,,,0,1.7,20-90,,,,,,,
"Липопротеины высокой плотности (ЛПВП, HDL)","Липопротеины высокой плотности (ЛПВП, HDL)",Сыв-ка крови,ммоль/л,0.18,1.01,0-14 дней,,,Ферментативный колориметрический метод.,БИОХИМИЧЕСКИЕ ИССЛЕДОВАНИЯ КРОВИ,Обмен липидов,"Липопротеины высокой плотности, ""хороший"" холестерин","High-Density Lipoprotein, HDL-C"
,,,,0.08,1.95,15 дней - 1 год,,,,,,,
,,,,0.72,1.68,1-4 года,,,,,,,
,,,,0.81,1.99,4-13 лет,,,,,,,
,,,,0.7,1.96,13-19 лет жен.,,,,,,,
,,,,0.69,1.85,13-19 лет муж.,,,,,,,
,,,,>1.68,,20-90 лет жен.,,,,,,,
,,,,>1.45,,20-90 лет муж.,,,,,,,
"Липопротеины низкой плотности (ЛПНП, LDL) - прямое определение","Липопротеины низкой плотности (ЛПНП, LDL) - прямое определение",Сыв-ка крови,ммоль/л,0,2.59,18-90 лет,,,Гомогенный ферментативный колориметрический анализ. ,БИОХИМИЧЕСКИЕ ИССЛЕДОВАНИЯ КРОВИ,Обмен липидов,"Липопротеины низкой плотности, ""плохой"" холестерин","Low-Density Lipoprotein, LDL-C (Direct)"
"Липопротеин (a), Lp(a)","Липопротеин (a), Lp(a)",Сыв-ка крови,мг/дл,0,50,18-90,,,Иммунотурбидиметрический тест с латексным усилением. ,БИОХИМИЧЕСКИЕ ИССЛЕДОВАНИЯ КРОВИ,Обмен липидов,"Лп(а), липопротеин ""а""","Lipoprotein (a), Lp(a)"
Аполипопротеин А0,Аполипопротеин А1,Сыв-ка крови,г/л,0.61,1.64,0 - 12 месяцев муж.,,,Имунотурбодиметрический метод,БИОХИМИЧЕСКИЕ ИССЛЕДОВАНИЯ КРОВИ,Обмен липидов,"АпоА1, Apo A1","Apolipoprotein A1, ApoA1"
,,,,0.59,1.69,0 - 12 месяцев жен.,,,,,,,
,,,,0.93,1.72,1-12 лет муж.,,,,,,,
,,,,0.86,1.79,1-12 лет жен.,,,,,,,
,,,,0.95,1.86,13-60 лет муж.,,,,,,,
,,,,1.01,2.23,13-60 лет жен.,,,,,,,
,,,,0.73,1.86,61-90 лет муж.,,,,,,,
,,,,0.91,2.24,61-90 лет жен.,,,,,,,
Аполипопротеин В,Аполипопротеин В,Сыв-ка крови,г/л,0.16,1.24,0 - 12 месяцев муж.,,,Имунотурбодиметрический метод,БИОХИМИЧЕСКИЕ ИССЛЕДОВАНИЯ КРОВИ,Обмен липидов,"АпоВ, Apo B","Apolipoprotein B, ApoB"
,,,,0.17,1.20,0 - 12 месяцев жен.,,,,,,,
,,,,0.48,1.25,1-12 лет муж.,,,,,,,
,,,,0.51,1.26,1-12 лет жен.,,,,,,,
,,,,0.49,1.73,13-60 лет муж.,,,,,,,
,,,,0.53,1.82,13-60 лет жен.,,,,,,,
,,,,0.54,1.63,61-90 лет муж.,,,,,,,
,,,,0.64,1.82,61-90 лет жен.,,,,,,,
Калий (К+),Калий (К+),Сыв-ка крови,мэкв/л,3.2,4.6,Недоношенные,,,"Ион селективный электрод, не прямой метод и ферментативный колориметрический тест. .",БИОХИМИЧЕСКИЕ ИССЛЕДОВАНИЯ КРОВИ,Электролиты и микроэлементы,"Калий сывороточный, ионы калия","Potassium, Serum K+, K"
,,,,3.6,6.1,1 день - 4 недели,,,,,,,
,,,,3.6,5.8,2-12 месяцев,,,,,,,
,,,,3.1,5.1,1 -18 лет,,,,,,,
,,,,3.3,5.1,19-60 лет,,,,,,,
,,,,3.7,5.4,60-90 лет,,,,,,,
Натрий (Na+),Натрий (Na+),Сыв-ка крови,мэкв/л,128,147,Недоношенные,,,"Ион селективный электрод, не прямой метод и ферментативный колориметрический тест.",БИОХИМИЧЕСКИЕ ИССЛЕДОВАНИЯ КРОВИ,Электролиты и микроэлементы,"Натрий сывороточный, ионы натрия","Sodium, Serum Na+, Na"
,,,,132,147,1 день - 4 недели,,,,,,,
,,,,129,143,2-12 месяцев,,,,,,,
,,,,132,145,1 -18 лет,,,,,,,
,,,,133,145,19-60 лет,,,,,,,
,,,,132,146,60-90 лет,,,,,,,
Хлор (Cl-),Хлор (Cl-),Сыв-ка крови,мэкв/л,97,122,Недоношенные,,,"Ион селективный электрод, не прямой метод и ферментативный колориметрический тест.",БИОХИМИЧЕСКИЕ ИССЛЕДОВАНИЯ КРОВИ,Электролиты и микроэлементы,"Хлориды, ионы хлора","Chloride, Cl, Serum Chloride"
,,,,95,116,1 день - 4 недели,,,,,,,
,,,,93,112,2-12 месяцев,,,,,,,
,,,,96,111,1 -18 лет,,,,,,,
,,,,96,108,19-60 лет,,,,,,,
,,,,94,110,60-90 лет,,,,,,,
Кальций ионизированный (Ca++),Кальций ионизированный (Ca++),Сыв-ка крови,ммоль/л,1.17,1.29,18-90 лет,<0.75,>1.63,Ионселективные электроды,БИОХИМИЧЕСКИЕ ИССЛЕДОВАНИЯ КРОВИ,Электролиты и микроэлементы,"Свободный кальций, активный кальций","Ionized Calcium, Free Calcium, Ca²⁺"
Кальций общий,Кальций общий,Сыв-ка крови,ммоль/л,1.9,2.6,0-10 дней,,,Колориметрический тест.,БИОХИМИЧЕСКИЕ ИССЛЕДОВАНИЯ КРОВИ,Электролиты и микроэлементы,"Общий кальций сыворотки, Ca","Total Calcium, Serum Calcium, Ca"
,,,,2.25,2.75,11 дней - 2 года,,,,,,,
,,,,2.2,2.7,3-12 лет,,,,,,,
,,,,2.1,2.55,13-18 лет,,,,,,,
,,,,2.15,2.5,19-60 лет,,,,,,,
,,,,2.2,2.55,61-90 лет,,,,,,,
,,,,2.05,2.4,91-150 лет,,,,,,,
Фосфор,Фосфор,Сыв-ка крови,ммоль/л,1.25,2.25,1-30 дней муж.,,,УФ-метод с молибдатом.,БИОХИМИЧЕСКИЕ ИССЛЕДОВАНИЯ КРОВИ,Электролиты и микроэлементы,"Фосфаты, неорганический фосфор","Phosphorus, Phosphate, Inorganic Phosphate"
,,,,1.40,2.50,1-30 дней жен.,,,,,,,
,,,,1.15,2.15,1-12 мес. муж.,,,,,,,
,,,,1.20,2.10,1-12 мес. жен.,,,,,,,
,,,,1.00,1.95,1-3 года муж.,,,,,,,
,,,,1.10,1.95,1-3 года жен.,,,,,,,
,,,,01.05,1.80,4-6 лет,,,,,,,
,,,,0.95,1.75,7-9 лет муж.,,,,,,,
,,,,1.00,1.80,7-9 лет жен.,,,,,,,
,,,,01.05,1.85,10-12 лет муж.,,,,,,,
,,,,01.05,1.70,10-12 лет жен.,,,,,,,
,,,,0.95,1.65,13-15 лет муж.,,,,,,,
,,,,0.90,1.55,13-15 лет жен.,,,,,,,
,,,,0.85,1.60,16-18 лет муж.,,,,,,,
,,,,0.80,1.55,16-18 лет жен.,,,,,,,
,,,,0.81,1.45,19-150 лет,,,,,,,
Магний ионизированный (Mg++),Магний ионизированный (Mg++),Сыв-ка крови,ммоль/л,0.45,0.6,,,,ионселективные эллектроды,БИОХИМИЧЕСКИЕ ИССЛЕДОВАНИЯ КРОВИ,Электролиты и микроэлементы,"Свободный магний, активный магний","Ionized Magnesium, Free Magnesium, Mg²⁺"
Магний,Магний,Сыв-ка крови,ммоль/л,0.62,0.91,Новорожденные,,,"Метод колориметрического определения по конечной точке.",БИОХИМИЧЕСКИЕ ИССЛЕДОВАНИЯ КРОВИ,Электролиты и микроэлементы,"Магний сывороточный, Mg","Magnesium, Serum Magnesium, Mg"
,,,,0.70,0.95,5 месяцев – 6 лет,,,,,,,
,,,,0.70,0.86,7–12 лет,,,,,,,
,,,,0.70,0.91,13–20 лет,,,,,,,
,,,,0.66,1.07,21-60 лет,,,,,,,
,,,,0.66,0.99,61–90 лет,,,,,,,
,,,,0.70,0.95,91-150 лет,,,,,,,
Железо сывороточное,Железо сывороточное,Сыв-ка крови,мкмоль/л,6.4,33,Новорожденные,<2,>34,Метод с феррозином,БИОХИМИЧЕСКИЕ ИССЛЕДОВАНИЯ КРОВИ,Обмен железа,"Fe, железо в сыворотке","Iron, Serum Iron, Fe"
,,,,6.4,28,0 дней - 6 месяцев,,,,,,,
,,,,7.7,33,7 месяцев - 18 лет,,,,,,,
,,,,6.6,26,18-150 лет жен.,,,,,,,
,,,,11,28,18-150 лет муж.,,,,,,,
Железосвязывающая способность сыворотки (ОЖСС),Сывороточное железо,Сыв-ка крови,мкмоль/л,6.4,33,Новорожденные,,,Метод с феррозином,БИОХИМИЧЕСКИЕ ИССЛЕДОВАНИЯ КРОВИ,Обмен железа,Общая железосвязывающая способность сыворотки,Total Iron-Binding Capacity (TIBC)
,,,,6.4,28,0 дней - 6 месяцев,,,,,,,
,,,,7.7,33,7 месяцев - 18 лет,,,,,,,
,,,,6.6,26,18-150 лет жен.,,,,,,,
,,,,11,28,18-150 лет муж.,,,,,,,
,ОЖСС,Сыв-ка крови,мкмоль/л,44.8,76.3,,,,расчетный,,,,
,ЛЖСС,Сыв-ка крови,мкмоль/л,20,62,,,,Прямое определение с феррозином,,,,
Трансферрин,Трансферрин,Сыв-ка крови,г/л,1.86,3.88,1-13 лет муж.,,,Иммунотурбидиметрический метод,БИОХИМИЧЕСКИЕ ИССЛЕДОВАНИЯ КРОВИ,Обмен железа,"Сидерофилин, белок-переносчик железа","Transferrin, Siderophilin"
,,,,1.8,3.91,1-13 лет жен.,,,,,,,
,,,,1.74,3.64,14-60 лет муж.,,,,,,,
,,,,1.8,3.82,14-60 лет жен.,,,,,,,
,,,,1.63,3.44,61-80 лет муж.,,,,,,,
,,,,1.73,3.6,61-80 лет жен.,,,,,,,
Ферритин,Ферритин,Сыв-ка крови,мкг/л,150,450,1 месяц,<15,>150,Иммунотурбидиметрический метод. Tina-quant Ferritin 2-е поколение.,БИОХИМИЧЕСКИЕ ИССЛЕДОВАНИЯ КРОВИ,Обмен железа,"Депонированное железо, маркер запасов железа","Ferritin, Iron Storage Protein"
,,,,80,500,2-3 месяца,,,,,,,
,,,,20,200,4 мес. - 16 лет,,,,,,,
,,,,15,150,17-150 лет жен.,,,,,,,
,,,,30,400,17-150 лет муж.,,,,,,,
Витамин В12 (цианкобаламин),Витамин В12 (цианкобаламин),Сыв-ка крови,пг/мл,228,1515,0 д - 12 месяцев жен.,,,РИА,БИОХИМИЧЕСКИЕ ИССЛЕДОВАНИЯ КРОВИ,Витамины,"Кобаламин, B12","Vitamin B12, Cobalamin, Cyanocobalamin"
,,,,293,1210,0 д - 12 месяцев муж.,,,,,,,
,,,,416,1210,2-3 года жен.,,,,,,,
,,,,264,1215,2-3 года муж.,,,,,,,
,,,,313,1410,4-6 лет жен.,,,,,,,
,,,,245,1075,4-6 лет муж.,,,,,,,
,,,,247,1175,7-9 лет жен.,,,,,,,
,,,,271,1170,7-9 лет муж.,,,,,,,
,,,,198,1020,10-12 лет жен.,,,,,,,
,,,,183,1090,10-12 лет муж.,,,,,,,
,,,,182,820,13-18 лет жен.,,,,,,,
,,,,214,864,13-18 лет муж.,,,,,,,
,,,,220,925,19-150 лет,,,,,,,
Фолиевая кислота (фолаты),Фолиевая кислота (фолаты),Сыв-ка крови,нг/мл,6.6,23,0 д - 12 месяцев жен.,,,РИА,БИОХИМИЧЕСКИЕ ИССЛЕДОВАНИЯ КРОВИ,Витамины,"Витамин B9, фолаты сыворотки","Folate, Folic Acid, Vitamin B9"
,,,,7.1,23,0 д - 12 месяцев муж.,,,,,,,
,,,,1.7,16,2-3 года жен.,,,,,,,
,,,,2.5,15,2-3 года муж.,,,,,,,
,,,,2.7,14,4-6 лет жен.,,,,,,,
,,,,0.5,13,4-6 лет муж.,,,,,,,
,,,,2.4,13,7-9 лет жен.,,,,,,,
,,,,2.3,12,7-9 лет муж.,,,,,,,
,,,,1.0,10,10-12 лет жен.,,,,,,,
,,,,1.5,11,10-12 лет муж.,,,,,,,
,,,,1.2,7.1,13-18 лет жен.,,,,,,,
,,,,1.2,8.8,13-18 лет муж.,,,,,,,
,,,,2.7,16.1,19-150 лет,,,,,,,
25-ОН Витамин D общий (25-гидроксикальциферол),25-ОН Витамин D общий (25-гидроксикальциферол),Сыв-ка крови,нг/мл,30,80,,,,ИХЛА,БИОХИМИЧЕСКИЕ ИССЛЕДОВАНИЯ КРОВИ,Витамины,"Кальциферол, витамин D3 + D2","25-Hydroxyvitamin D, Vitamin D Total"
С-реактивный белок (высокочувствительный),С-реактивный белок (высокочувствительный),Сыв-ка крови,мг/л,0,1,,,>100,Иммунотурбидиметрический тест с латексным усилением. ,БИОХИМИЧЕСКИЕ ИССЛЕДОВАНИЯ КРОВИ,Специфические белки,"вчСРБ, ультрачувствительный СРБ","hs-CRP, High-Sensitivity C-Reactive Protein"
Антистрептолизин О (АСЛ-О),Антистрептолизин О (АСЛ-О),Сыв-ка крови,МЕ/мл,0,150,<18 лет,,,Иммунотурбидиметрический тест. ,БИОХИМИЧЕСКИЕ ИССЛЕДОВАНИЯ КРОВИ,Специфические белки,"АСЛО, антистрептолизиновые антитела","ASO, Anti-Streptolysin O"
,,,,0,200,18-90 лет,,,,,,,
Ревматоидный фактор,Ревматоидный фактор,Сыв-ка крови,МЕ/мл,1,14,,–,>100,Иммунотурбидиметрический тест. ,БИОХИМИЧЕСКИЕ ИССЛЕДОВАНИЯ КРОВИ,Специфические белки,"РФ, ревмофактор",Rheumatoid Factor (RF)
Альфа-1-антитрипсин,Альфа-1-антитрипсин,Сыв-ка крови,г/л,0.9,2.0,,,,Иммунотурбидиметрический тест. ,БИОХИМИЧЕСКИЕ ИССЛЕДОВАНИЯ КРОВИ,Специфические белки,"А1АТ, ингибитор протеаз","Alpha-1 Antitrypsin (A1AT), AAT"
Альфа-1-кислый гликопротеин,Альфа-1-кислый гликопротеин,Сыв-ка крови,г/л,0.5,1.2,,,,Иммунотурбидиметрический тест.,БИОХИМИЧЕСКИЕ ИССЛЕДОВАНИЯ КРОВИ,Специфические белки,Оросомукоид,"Alpha-1 Acid Glycoprotein (A1AG), Orosomucoid"
Преальбумин,Преальбумин,Сыв-ка крови,г/л,0.2,0.4,,,,Иммунонефелометрический метод.,БИОХИМИЧЕСКИЕ ИССЛЕДОВАНИЯ КРОВИ,Специфические белки,"Транстиретин, ПА","Prealbumin, Transthyretin (TTR)"
Гаптоглобин,Гаптоглобин,Сыв-ка крови,г/л,0,3,0- 12 месяцев муж.,<0.3,>5,Иммунотурбидиметрический тест.,БИОХИМИЧЕСКИЕ ИССЛЕДОВАНИЯ КРОВИ,Специфические белки,"Hp, белок, связывающий гемоглобин","Haptoglobin, Hp"
,,,,0,2.35,0- 12 месяцев жен.,,,,,,,
,,,,0.03,2.7,1 год - 11 лет муж.,,,,,,,
,,,,0.11,2.2,1 год - 11 лет жен.,,,,,,,
,,,,0.14,2.58,12 - 60 лет муж.,,,,,,,
,,,,0.35,2.5,12 - 60 лет жен.,,,,,,,
,,,,0.4,2.68,61 - 150 лет муж.,,,,,,,
,,,,0.63,2.73,61 - 150 лет жен.,,,,,,,
Церулоплазмин,Церулоплазмин,Сыв-ка крови,г/л,0.2,0.6,,,,Иммунотурбидиметрический тест.,БИОХИМИЧЕСКИЕ ИССЛЕДОВАНИЯ КРОВИ,Специфические белки,Медьсодержащий белок,"Ceruloplasmin, Cp"
Гомоцистеин,Гомоцистеин,Сыв-ка крови,мкмоль/л,5.9,16.0,муж.,,,ИХЛА,БИОХИМИЧЕСКИЕ ИССЛЕДОВАНИЯ КРОВИ,Специфические белки,"ГЦ, маркер сердечно-сосудистого риска","Homocysteine, HCY"
,,,,3.4,20.4,жен.,,,,,,,
Бета-2-Микроглобулин,Бета-2-Микроглобулин,Сыв-ка крови,мг/л,"1,603","4,790",0-1 месяц муж.,,,Иммуноферментный анализ,БИОХИМИЧЕСКИЕ ИССЛЕДОВАНИЯ КРОВИ,Специфические белки,β2-МГ,Beta-2 Microglobulin (B2M)
,,,мг/л,"1,423","3,324",1-6 месяцев муж.,,,,,,,
,,,мг/л,"0,897","3,095",6-12 месяцев муж.,,,,,,,
,,,мг/л,"0,827","2,228",1-4 года муж.,,,,,,,
,,,мг/л,"0,567","2,260",4-7 лет муж.,,,,,,,
,,,мг/л,"0,772","1,712",7-10 лет муж.,,,,,,,
,,,мг/л,"0,699","1,836",10-13 лет муж.,,,,,,,
,,,мг/л,"0,681","1,954",13-16 лет муж.,,,,,,,
,,,мг/л,"0,724","1,874",16-19 лет муж.,,,,,,,
,,,мг/л,"0,670","2,329",19-90 лет муж.,,,,,,,
,,,мг/л,"1,722","4,547",0-1 месяц жен.,,,,,,,
,,,мг/л,"1,024","3,774",1-6 месяцев жен.,,,,,,,
,,,мг/л,"0,999","2,282",6-12 месяцев жен.,,,,,,,
,,,мг/л,"0,742","2,396",1-4 года жен.,,,,,,,
,,,мг/л,"0,546","2,170",4-7 лет жен.,,,,,,,
,,,мг/л,"0,736","1,766",7-10 лет жен.,,,,,,,
,,,мг/л,"0,704","1,951",10-13 лет жен.,,,,,,,
,,,мг/л,"0,787","1,916",13-16 лет жен.,,,,,,,
,,,мг/л,"0,555","1,852",16-19 лет жен.,,,,,,,
,,,мг/л,"0,670","2,329",19-90 лет жен.,,,,,,,
Альфа-2-Макроглобулин,Альфа-2-Макроглобулин,Сыв-ка крови,г/л,1.3,3,,,,Иммунотурбидиметрический тест.,БИОХИМИЧЕСКИЕ ИССЛЕДОВАНИЯ КРОВИ,Специфические белки,α2-МГ,Alpha-2 Macroglobulin (A2M)
С3 компонент комплемента,С3 компонент комплемента,Сыв-ка крови,г/л,0.82,1.73,1-14 лет муж.,,,Иммунотурбидиметрический тест.,БИОХИМИЧЕСКИЕ ИССЛЕДОВАНИЯ КРОВИ,Специфические белки,Компонент комплемента 3,Complement C3
,,,,0.8,1.7,1-14 лет жен.,,,,,,,
,,,,0.83,1.93,15-90 лет муж,,,,,,,
,,,,0.82,1.85,15-90 лет жен,,,,,,,
С4 компонент комплемента,С4 компонент комплемента,Сыв-ка крови,г/л,0.13,0.46,1-14 лет муж.,,,Иммунотурбидиметрический тест.,БИОХИМИЧЕСКИЕ ИССЛЕДОВАНИЯ КРОВИ,Специфические белки,Компонент комплемента 4,Complement C4
,,,,0.14,0.44,1-14 лет жен.,,,,,,,
,,,,0.15,0.57,15-90 лет муж,,,,,,,
,,,,0.15,0.53,15-90 лет жен,,,,,,,
Каппа-цепи иимуноглобулинов в сыворотке,Каппа-цепи иимуноглобулинов в сыворотке,Сыв-ка крови,г/л,1.55,4.08,,,,Иммунотурбидиметрический тест,БИОХИМИЧЕСКИЕ ИССЛЕДОВАНИЯ КРОВИ,Специфические белки,"κ-цепи, свободные легкие цепи каппа","Kappa Light Chains, Free Kappa Chains"
Лямбда-цепи иммуноглобулино в сыворотке,Лямбда-цепи иммуноглобулино в сыворотке,Сыв-ка крови,г/л,0.83,2.24,,,,Иммунотурбидиметрический тест,БИОХИМИЧЕСКИЕ ИССЛЕДОВАНИЯ КРОВИ,Специфические белки,"λ-цепи, свободные легкие цепи лямбда","Lambda Light Chains, Free Lambda Chains"
Расчет соотношения κ/λ цепи,Расчет соотношения κ/λ цепи,Сыв-ка крови,г/л,1.29,2.61,,,,,,,,
Иммуноглобулин G (IgG),Иммуноглобулин G (IgG),Сыв-ка крови,г/л,3.20,12.1,0-14 дней,,,Иммунотурбидиметрический тест.,БИОХИМИЧЕСКИЕ ИССЛЕДОВАНИЯ КРОВИ,Специфические белки,"IgG, гамма-глобулин","Immunoglobulin G, IgG"
,,,,1.48,6.31,15 дней - 12 месяцев,,,,,,,
,,,,3.17,9.94,1-4 года,,,,,,,
,,,,5.01,11.7,5-10 лет,,,,,,,
,,,,5.95,13.1,11-19 лет,,,,,,,
,,,,7,16,20-90 лет,,,,,,,
Иммуноглобулин M (IgM),Иммуноглобулин M (IgM),Сыв-ка крови,г/л,0.03,0.32,0-14 дней ,,,Иммунотурбидиметрический тест.,БИОХИМИЧЕСКИЕ ИССЛЕДОВАНИЯ КРОВИ,Специфические белки,"IgM, макроглобулин","Immunoglobulin M, IgM"
,,,,0.10,0.67,15 дней - 12 недель ,,,,,,,
,,,,0.14,0.82,13 недель - 12 месяцев ,,,,,,,
,,,,0.45,1.78,1-19 лет жен.,,,,,,,
,,,,0.36,1.44,1-19 лет муж.,,,,,,,
,,,,0.40,2.30,20-90 лет,,,,,,,
Иммуноглобулин A (IgA),Иммуноглобулин A (IgA),Сыв-ка крови,г/л,0.7,4.0,20-90 лет,,,Иммунотурбидиметрический тест.,БИОХИМИЧЕСКИЕ ИССЛЕДОВАНИЯ КРОВИ,Специфические белки,"IgA, секреторный иммуноглобулин","Immunoglobulin A, IgA"
,,,,0,0.14,0-12 месяцев жен.,,,,,,,
,,,,0,0.14,0-12 месяцев муж.,,,,,,,
,,,,0,0.80,1-2 года жен.,,,,,,,
,,,,0,0.80,1-2 года муж.,,,,,,,
,,,,0.11,1.42,3-6 лет жен.,,,,,,,
,,,,0.11,1.42,3-6 лет муж.,,,,,,,
,,,,0.34,2.20,7-14 лет жен.,,,,,,,
,,,,0.34,2.22,7-14 лет муж.,,,,,,,
,,,,0.40,2.93,15-19 лет жен.,,,,,,,
,,,,0.40,2.93,15-19 лет муж.,,,,,,,
Иммуноглобулин Е (IgE общий),Иммуноглобулин Е (IgE общий),Сыв-ка крови,МЕ/мл,0,1.5,Новорожденные,,,"Электрохемилюминесцентный иммуноанализ (ECLIA), Roche Cobas e601/e602",БИОХИМИЧЕСКИЕ ИССЛЕДОВАНИЯ КРОВИ,Специфические белки,"IgE, маркер аллергии","Immunoglobulin E, IgE"
,,,,0,15,1-12 месяцев,,,,,,,
,,,,0,60,1-5 лет,,,,,,,
,,,,0,90,6-9 лет,,,,,,,
,,,,0,200,10-15 лет,,,,,,,
,,,,0,100,16-90 лет,,,,,,,
Катионный протеин эозинофилов,Катионный протеин эозинофилов,Сыв-ка крови,нг/мл,0,24,,,,Иммуноферментный анализ,БИОХИМИЧЕСКИЕ ИССЛЕДОВАНИЯ КРОВИ,Специфические белки,"ЭКП, ECP (Eosinophil Cationic Protein)","ECP, Eosinophil Cationic Protein"
"Прокальцитонин (диагностика бактериальных инфекций, сепсиса)","Прокальцитонин (диагностика бактериальных инфекций, сепсиса)",Сыв-ка крови,нг/мл,0,0.046,,,,"Электрохемилюминесцентный иммуноанализ (ECLIA), Roche Cobas e601/e602",БИОХИМИЧЕСКИЕ ИССЛЕДОВАНИЯ КРОВИ,Белки - маркёры инфекций,"ПКТ, маркер сепсиса",Procalcitonin (PCT)
Пресепсин,Пресепсин,Плазма ЭДТА,пг/мл,48,171,,,,ИХЛА,БИОХИМИЧЕСКИЕ ИССЛЕДОВАНИЯ КРОВИ,Белки - маркёры инфекций,"Маркер сепсиса, CD14-подтип","Presepsin, sCD14-ST"
"Неоптерин (диагностика вирусных инфекций, туберкулеза)","Неоптерин (диагностика вирусных инфекций, туберкулеза)",Сыв-ка крови,нмоль/л,0,10,,,,ИФА,БИОХИМИЧЕСКИЕ ИССЛЕДОВАНИЯ КРОВИ,Белки - маркёры инфекций,"Маркер вирусных инфекций, туберкулеза",Neopterin
NT-проBNP (N-терминальный мозговой натрийуретический пропептид),NT-проBNP (N-терминальный мозговой натрийуретический пропептид),Сыв-ка крови,пг/мл,0,62,1-17 лет муж.,,,ЭХЛА,БИОХИМИЧЕСКИЕ ИССЛЕДОВАНИЯ КРОВИ,Белки - маркёры сердечной деятельности,N-терминальный пропептид натрийуретического гормона,NT-pro B-type Natriuretic Peptide
,,,,0,83,1-17 лет жен.,,,,,,,
,,,,0,92.6,18-45 лет муж.,,,,,,,
,,,,0,177.6,18-45 лет жен.,,,,,,,
,,,,0,137.5,46-55 лет муж.,,,,,,,
,,,,0,192.0,46-55 лет жен.,,,,,,,
,,,,0,176.8,56-65 лет муж.,,,,,,,
,,,,0,225.7,56-65 лет жен.,,,,,,,
,,,,0,229.1,66-75 лет муж.,,,,,,,
,,,,0,352.7,66-75 лет жен.,,,,,,,
,,,,0,851.9,76-90 лет муж.,,,,,,,
,,,,0,624.0,76-90 лет жен.,,,,,,,
Тропонин I,Тропонин I,Сыв-ка крови,нг/л,0,34.2,муж.,,,ИХЛА,БИОХИМИЧЕСКИЕ ИССЛЕДОВАНИЯ КРОВИ,Белки - маркёры сердечной деятельности,"ТнI, кардиомаркер","Troponin I (TnI), Cardiac Troponin I"
,,,,0,15.6,жен.,,,,,,,
Миоглобин,Миоглобин,Сыв-ка крови,нг/мл,28,72,муж.,,,ЭХЛА,БИОХИМИЧЕСКИЕ ИССЛЕДОВАНИЯ КРОВИ,Белки - маркёры сердечной деятельности,"Мг, маркер повреждения мышц","Myoglobin, Mb"
,,,,25,58,жен.,,,,,,,
Протромбин (по Квику) + МНО,Протромбин (по Квику) ,Плазма цитрат,%,70,130,,,,Клоттинговый тест.,БИОХИМИЧЕСКИЕ ИССЛЕДОВАНИЯ КРОВИ,КОАГУЛОЛОГИЧЕСКИЕ ИССЛЕДОВАНИЯ		,"ПТИ, протромбиновое время, МНО","Prothrombin Time (PT), INR"
,МНО,Плазма цитрат,,0.85,1.15,,<2,>4.5,,,,,
АЧТВ,АЧТВ,Плазма цитрат,сек.,25.4,36.9,,<12,>75,Клоттинговый тест.,БИОХИМИЧЕСКИЕ ИССЛЕДОВАНИЯ КРОВИ,КОАГУЛОЛОГИЧЕСКИЕ ИССЛЕДОВАНИЯ		,Активированное частичное тромбопластиновое время,Activated Partial Thromboplastin Time (aPTT)
Тромбиновое время,Тромбиновое время,Плазма цитрат,сек.,12,18,,<8,>30,Клоттинговый тест.,БИОХИМИЧЕСКИЕ ИССЛЕДОВАНИЯ КРОВИ,КОАГУЛОЛОГИЧЕСКИЕ ИССЛЕДОВАНИЯ		,"ТВ, время свертывания фибриногена",Thrombin Time (TT)
Фибриноген,Фибриноген,Плазма цитрат,г/л,2.0,4.4,,<0.8,–,Клоттинговый тест.,БИОХИМИЧЕСКИЕ ИССЛЕДОВАНИЯ КРОВИ,КОАГУЛОЛОГИЧЕСКИЕ ИССЛЕДОВАНИЯ		,Фактор I свертывания крови,"Fibrinogen, Factor I"
Антитромбин III,Антитромбин III,Плазма цитрат,%,80,120,,,,"Тест активности, хромогенный субстрат",БИОХИМИЧЕСКИЕ ИССЛЕДОВАНИЯ КРОВИ,КОАГУЛОЛОГИЧЕСКИЕ ИССЛЕДОВАНИЯ		,"АТ III, естественный антикоагулянт",Antithrombin III (AT III)
D-димер,D-димер,Плазма цитрат,нг/мл,0,225,,–,>800,Иммунотурбидиметрический тест.,БИОХИМИЧЕСКИЕ ИССЛЕДОВАНИЯ КРОВИ,КОАГУЛОЛОГИЧЕСКИЕ ИССЛЕДОВАНИЯ		,Продукт деградации фибрина,"D-Dimer, Fibrin Degradation Product"
,,,,0,286,Беременные 1 триместр,,,,,,,
,,,,0,457,Беременные 2-ой триместр,,,,,,,
,,,,0,644,Беременные 3-ий триместр,,,,,,,
Протеин S,Протеин S,Плазма цитрат,%,74.1,146.1,муж.,,,Иммуноферментный тест.,БИОХИМИЧЕСКИЕ ИССЛЕДОВАНИЯ КРОВИ,КОАГУЛОЛОГИЧЕСКИЕ ИССЛЕДОВАНИЯ		,Протеин S свободный и общий,Protein S (Free & Total)
,,,,54.7,123.7,жен.,,,,,,,
Протеин С,Протеин С,Плазма цитрат,%,70,140,,,,Хромогенный тест,БИОХИМИЧЕСКИЕ ИССЛЕДОВАНИЯ КРОВИ,КОАГУЛОЛОГИЧЕСКИЕ ИССЛЕДОВАНИЯ		,Антикоагулянтный белок,Protein C
Волчаночный антикоагулянт,Волчаночный антикоагулянт,Плазма цитрат,,0,1.2,,,,Клоттинговый тест.,БИОХИМИЧЕСКИЕ ИССЛЕДОВАНИЯ КРОВИ,КОАГУЛОЛОГИЧЕСКИЕ ИССЛЕДОВАНИЯ		,"ВА, антифосфолипидные антитела",Lupus Anticoagulant (LA)
,Волчаночный антикоагулянт (подтверждающий тест),Плазма цитрат,,0,1,,,,,,,,
Общий анализ мочи,Цвет,Моча средняя порция,,,Оттенки желтого цвета,,,,сухуя химия,общеклинические исследвоания мочи,,"Цвет, Общий анализ мочи; Цвет мочи, Общий анализ мочи; Окраска, Общий анализ мочи; Хромогенность, Общий анализ мочи; Визуальный цвет, Общий анализ мочи","Color, General urine analysis; Urine color, General urine analysis; Colour, General urine analysis; Chromogenity, General urine analysis; Visual colour, General urine analysis"
,Прозрачность,,,,прозрачная,,,,,,,"Прозрачность, Общий анализ мочи; Четкость мочи, Общий анализ мочи; Ясность, Общий анализ мочи; Отсутствие мути, Общий анализ мочи; Визуальная чистота, Общий анализ мочи","Transparency, General urine analysis; Clarity, General urine analysis; Clearness, General urine analysis; Absence of turbidity, General urine analysis; Visual clarity, General urine analysis"
,Относительная плотность,,г/мл,1.002,1.020,Дети 0–28 дней,,,,,,"Относительная плотность, Общий анализ мочи; Удельный вес, Общий анализ мочи; Specific gravity, Общий анализ мочи; Плотность мочи, Общий анализ мочи; Концентрация мочи, Общий анализ мочи","Relative density, General urine analysis; Specific gravity, General urine analysis; Urine density, General urine analysis; Osmolality proxy, General urine analysis; Urine concentration, General urine analysis"
,,,г/мл,1.005,1.025,Дети старше 28 дней и взрослые,,,,,,,
,pH мочи,,Ед,4.8,5.6,Недоношенные,,,,,,"pH мочи, Общий анализ мочи; Кислотность мочи, Общий анализ мочи; Реакция мочи, Общий анализ мочи; Щелочность/кислотность, Общий анализ мочи; Уровень pH, Общий анализ мочи","pH, General urine analysis; Urine acidity, General urine analysis; Urine reaction, General urine analysis; Alkalinity/acidity, General urine analysis; pH level, General urine analysis"
,,,Ед,5.5,6.0,Новорожденные,,,,,,,
,,,Ед,7.0,7.8,Младенцы на грудном вскармливании (< 1 года),,,,,,,
,,,Ед,5.5,7.0,Младенцы на искусственном вскармливании (< 1 года),,,,,,,
,,,Ед,5.5,7.0,Дети от года и взрослые,,,,,,,
,Лейкоциты (эстераза),,кл/мкл,0,отрицательно,,,,,,,"Лейкоциты (эстераза), Общий анализ мочи; Лейкоциты в моче, Общий анализ мочи; Белые кровяные тельца, Общий анализ мочи; WBC в моче, Общий анализ мочи; Нейтрофилы в моче, Общий анализ мочи","Leukocytes (esterase), General urine analysis; Leukocytes in urine, General urine analysis; White blood cells, General urine analysis; WBC in urine, General urine analysis; Neutrophils in urine, General urine analysis"
,Нитриты,,,,отрицательно,,,,,,,"Нитриты, Общий анализ мочи; NO₂⁻, Общий анализ мочи; Бактериальный индикатор, Общий анализ мочи; Маркер бактериурии, Общий анализ мочи; Нитраты (в виде NO₂⁻), Общий анализ мочи","Nitrites, General urine analysis; NO₂⁻, General urine analysis; Bacterial indicator, General urine analysis; Marker of bacteriuria, General urine analysis; Nitrates (as NO₂⁻), General urine analysis"
,Белок,,г/л,0,0.14,,,,,,,"Белок, Общий анализ мочи; Протеинурия (следы), Общий анализ мочи; Микроальбуминурия, Общий анализ мочи; Общий белок в моче, Общий анализ мочи; Proteinuria (trace), Общий анализ мочи","Protein, General urine analysis; Proteinuria (trace), General urine analysis; Microalbuminuria, General urine analysis; Total protein in urine, General urine analysis; Albuminuria screening, General urine analysis"
,Глюкоза,,ммоль/л,0,0.84,,,,,,,"Глюкоза, Общий анализ мочи; Сахар в моче, Общий анализ мочи; Гликозурия, Общий анализ мочи; Уровень глюкозы, Общий анализ мочи; Sugar in urine, Общий анализ мочи","Glucose, General urine analysis; Sugar in urine, General urine analysis; Glycosuria, General urine analysis; Glucose level, General urine analysis; Reducing substances, General urine analysis"
,Кетоны,,ммоль/л,0,0.5,,,,,,,"Кетоны, Общий анализ мочи; Кетоновые тела, Общий анализ мочи; Ацетон в моче, Общий анализ мочи; Кетонурия, Общий анализ мочи; Ketones in urine, Общий анализ мочи","Ketones, General urine analysis; Ketone bodies, General urine analysis; Acetone in urine, General urine analysis; Ketonuria, General urine analysis; Urinary ketones, General urine analysis"
,Уробилиноген,,мкмоль/л,0,17,,,,,,,"Уробилиноген, Общий анализ мочи; Уробилин, Общий анализ мочи; Пигмент желчи, Общий анализ мочи; Bilichrome, Общий анализ мочи; Stercobilinogen, Общий анализ мочи","Urobilinogen, General urine analysis; Urobilin, General urine analysis; Bile pigment, General urine analysis; Bilichrome, General urine analysis; Stercobilinogen, General urine analysis"
,Билирубин,,мкмоль/л,0,8.5,,,,,,,"Билирубин, Общий анализ мочи; Жёлчный пигмент, Общий анализ мочи; Direct bilirubin, Общий анализ мочи; Conjugated bilirubin, Общий анализ мочи; Bilirubinuria, Общий анализ мочи","Bilirubin, General urine analysis; Bile pigment, General urine analysis; Direct bilirubin, General urine analysis; Conjugated bilirubin, General urine analysis; Bilirubinuria, General urine analysis"
,Эритроциты (хим. реакция на гем.),,эр/мкл,0,отрицательно,,,,,,,"Эритроциты (хим. реакция на гем.), Общий анализ мочи; Кровь в моче, Общий анализ мочи; Гемоглобин в моче, Общий анализ мочи; Гематурия (скрытая), Общий анализ мочи; Hemoglobinuria, Общий анализ мочи","Erythrocytes (chemical hem reaction), General urine analysis; Blood in urine, General urine analysis; Hemoglobin in urine, General urine analysis; Occult hematuria, General urine analysis; Hemoglobinuria, General urine analysis"
,Эритроциты,,кл/мкл,0,7.1,Мальчики до 12 лет,,,,,,"Эритроциты, Общий анализ мочи; Красные кровяные тельца, Общий анализ мочи; RBC в моче, Общий анализ мочи; Гематурия, Общий анализ мочи; Blood cells in urine, Общий анализ мочи","Erythrocytes, General urine analysis; Red blood cells, General urine analysis; RBC in urine, General urine analysis; Hematuria, General urine analysis; Red cells in urine, General urine analysis"
,,,кл/мкл,0,8.7,Девочки до 12 лет,,,,,,,
,,,кл/мкл,0,11.1,Мужчины,,,,,,,
,,,кл/мкл,0,12.2,Женщины,,,,,,,
,Лейкоциты,,кл/мкл,0,9.2,Мальчики до 12 лет,,,,,,"Лейкоциты, Общий анализ мочи; Белые кровяные тельца, Общий анализ мочи; WBC в моче, Общий анализ мочи; Лейкоцитурия, Общий анализ мочи; White cells in urine, Общий анализ мочи","Leukocytes, General urine analysis; White blood cells, General urine analysis; WBC in urine, General urine analysis; Leukocyturia, General urine analysis; White cells in urine, General urine analysis"
,,,кл/мкл,0,10.9,Девочки до 12 лет,,,,,,,
,,,кл/мкл,0,11.7,Мужчины,,,,,,,
,,,кл/мкл,0,11.9,Женщины,,,,,,,
,Эпителий плоский,,кл/мкл,0,6.1,Мальчики до 12 лет,,,,,,"Эпителий плоский, Общий анализ мочи; Плоский эпителий, Общий анализ мочи; Эпителиальные клетки из уретры, Общий анализ мочи; Squamous epithelium, Общий анализ мочи; Transitional cells, Общий анализ мочи","Flat epithelium, General urine analysis; Squamous epithelium, General urine analysis; Epithelial cells from urethra, General urine analysis; Transitional epithelium, General urine analysis; Superficial epithelium, General urine analysis"
,,,кл/мкл,0,8.6,Девочки до 12 лет,,,,,,,
,,,кл/мкл,0,7.1,Мужчины,,,,,,,
,,,кл/мкл,0,7.6,Женщины,,,,,,,
,Эпителий переходный,,кл/мкл,0,3.3,Мальчики до 12 лет,,,,,,"Эпителий переходный, Общий анализ мочи; Переходный эпителий, Общий анализ мочи; Эпителий мочевого пузыря, Общий анализ мочи; Transitional epithelium, Общий анализ мочи; Urothelium, Общий анализ мочи","Transitional epithelium, General urine analysis; Urothelium, General urine analysis; Bladder epithelium, General urine analysis; Stratified epithelium, General urine analysis; Urinary tract epithelium, General urine analysis"
,,,кл/мкл,0,2.7,Девочки до 12 лет,,,,,,,
,Эпителий почечный,,кл/мкл,0,3.3,Мальчики до 12 лет,,,,,,"Эпителий почечный, Общий анализ мочи; Почечный эпителий, Общий анализ мочи; Эпителий канальцев, Общий анализ мочи; Renal tubular cells, Общий анализ мочи; Tubular epithelium, Общий анализ мочи","Renal epithelium, General urine analysis; Tubular epithelium, General urine analysis; Kidney epithelial cells, General urine analysis; Renal tubular cells, General urine analysis; Proximal tubule cells, General urine analysis"
,,,кл/мкл,0,2.7,Девочки до 12 лет,,,,,,,
,Цилиндры гиалиновые,,цил/мкл,0,0.7,Мальчики до 12 лет,,,,,,"Цилиндры гиалиновые, Общий анализ мочи; Гиалиновые цилиндры, Общий анализ мочи; Прозрачные цилиндры, Общий анализ мочи; Hyaline casts, Общий анализ мочи; Glassy casts, Общий анализ мочи","Hyaline casts, General urine analysis; Transparent casts, General urine analysis; Glassy casts, General urine analysis; Mucoprotein casts, General urine analysis; Benign casts, General urine analysis"
,,,цил/мкл,0,0.7,Девочки до 12 лет,,,,,,,
,,,цил/мкл,0,0.88,Мужчины,,,,,,,
,,,цил/мкл,0,0.86,Женщины,,,,,,,
,Цилиндры зернистые,,цил/мкл,0,не обнаружено,Дети до 12 лет,,,,,,"Цилиндры зернистые, Общий анализ мочи; Зернистые цилиндры, Общий анализ мочи; Гранулярные цилиндры, Общий анализ мочи; Granular casts, Общий анализ мочи; Coarse granular casts, Общий анализ мочи","Granular casts, General urine analysis; Coarse granular casts, General urine analysis; Fine granular casts, General urine analysis; Degenerated casts, General urine analysis; Cellular debris casts, General urine analysis"
,,,цил/мкл,0,0.523,Мужчины,,,,,,,
,,,цил/мкл,0,0.667,Женщины,,,,,,,
,Цилиндры восковидные,,цил/мкл,0,не обнаружено,Дети до 12 лет,,,,,,"Цилиндры восковидные, Общий анализ мочи; Восковидные цилиндры, Общий анализ мочи; Wax-like casts, Общий анализ мочи; Waxy casts, Общий анализ мочи; Broad casts, Общий анализ мочи","Waxy casts, General urine analysis; Broad casts, General urine analysis; Wide casts, General urine analysis; Chronic renal casts, General urine analysis; Dull waxy structures, General urine analysis"
,,,цил/мкл,0,0.523,Мужчины,,,,,,,
,,,цил/мкл,0,0.667,Женщины,,,,,,,
,Цилиндры лейкоцитарные,,цил/мкл,0,не обнаружено,Дети до 12 лет,,,,,,"Цилиндры лейкоцитарные, Общий анализ мочи; Цилиндры с лейкоцитами, Общий анализ мочи; Leukocyte casts, Общий анализ мочи; Inflammatory casts, Общий анализ мочи; Polymorphonuclear casts, Общий анализ мочи","Leukocyte casts, General urine analysis; WBC-containing casts, General urine analysis; Inflammatory casts, General urine analysis; PMN casts, General urine analysis; Pus cell casts, General urine analysis"
,,,цил/мкл,0,0.523,Мужчины,,,,,,,
,,,цил/мкл,0,0.667,Женщины,,,,,,,
,Цилиндры  пигментные,,цил/мкл,0,не обнаружено,Дети до 12 лет,,,,,,"Цилиндры пигментные, Общий анализ мочи; Пигментные цилиндры, Общий анализ мочи; Pigmented casts, Общий анализ мочи; Melanin casts, Общий анализ мочи; Haemosiderin casts, Общий анализ мочи","Pigmented casts, General urine analysis; Melanin casts, General urine analysis; Haemosiderin casts, General urine analysis; Iron-containing casts, General urine analysis; Coloured casts, General urine analysis"
,,,цил/мкл,0,0.523,Мужчины,,,,,,,
,,,цил/мкл,0,0.667,Женщины,,,,,,,
,Цилиндры  эпителиальные,,цил/мкл,0,не обнаружено,Дети до 12 лет,,,,,,"Цилиндры эпителиальные, Общий анализ мочи; Эпителиальные цилиндры, Общий анализ мочи; Renal epithelial casts, Общий анализ мочи; Tubular cell casts, Общий анализ мочи; Cell casts, Общий анализ мочи","Epithelial casts, General urine analysis; Renal epithelial casts, General urine analysis; Tubular cell casts, General urine analysis; Cellular casts, General urine analysis; Casts with epithelial cells, General urine analysis"
,,,цил/мкл,0,0.523,Мужчины,,,,,,,
,,,цил/мкл,0,0.667,Женщины,,,,,,,
,Цилиндры  жировые,,цил/мкл,0,не обнаружено,Дети до 12 лет,,,,,,"Цилиндры жировые, Общий анализ мочи; Жировые цилиндры, Общий анализ мочи; Fatty casts, Общий анализ мочи; Lipid casts, Общий анализ мочи; Oval fat bodies, Общий анализ мочи","Fatty casts, General urine analysis; Lipid casts, General urine analysis; Oval fat bodies, General urine analysis; Fat-laden casts, General urine analysis; Chylous casts, General urine analysis"
,,,цил/мкл,0,0.523,Мужчины,,,,,,,
,,,цил/мкл,0,0.667,Женщины,,,,,,,
,Бактерии,,х10⁴/мл,0,1.2,Дети до 12 лет,,,,,,"Бактерии, Общий анализ мочи; Микробы в моче, Общий анализ мочи; Бактериурия, Общий анализ мочи; Microorganisms in urine, Общий анализ мочи; Pathogens in urine, Общий анализ мочи","Bacteria, General urine analysis; Microorganisms in urine, General urine analysis; Bacteriuria, General urine analysis; Germ count, General urine analysis; Pathogens in urine, General urine analysis"
,,,х10⁴/мл,0,10.0,Взрослые,,,,,,,
,Споры грибов,,кл/мкл,0,не обнаружено,,,,,,,"Споры грибов, Общий анализ мочи; Грибы в моче, Общий анализ мочи; Дрожжевые клетки, Общий анализ мочи; Yeast cells, Общий анализ мочи; Fungal elements, Общий анализ мочи","Fungal spores, General urine analysis; Yeast forms in urine, General urine analysis; Candida in urine, General urine analysis; Fungal elements, General urine analysis; Spores in urine, General urine analysis"
,Кристаллы солей,,крист/мкл,0,не обнаружено,Мальчики до 12 лет,,,,,,"Кристаллы солей, Общий анализ мочи; Соли в моче, Общий анализ мочи; Ураты, Общий анализ мочи; Oxalates, Общий анализ мочи; Crystals in urine, Общий анализ мочи","Crystals, General urine analysis; Salt crystals, General urine analysis; Urates, General urine analysis; Oxalates, General urine analysis; Mineral deposits, General urine analysis"
,,,крист/мкл,0,не обнаружено,Девочки до 12 лет,,,,,,,
,,,крист/мкл,0,0.3,Мужчины,,,,,,,
,,,крист/мкл,0,0.3,Женщины,,,,,,,
,Слизь,,,,не обнаружено,,,,,,,"Слизь, Общий анализ мочи; Слизистые нити, Общий анализ мочи; Mucus threads, Общий анализ мочи; Mucozuria, Общий анализ мочи; Viscous material, Общий анализ мочи","Mucus, General urine analysis; Mucous threads, General urine analysis; Mucoproteins, General urine analysis; Mucozuria, General urine analysis; Viscous material, General urine analysis"
,Сперматозоиды,,кл/мкл,0,не обнаружено,,,,,,,"Сперматозоиды, Общий анализ мочи; Сперма в моче, Общий анализ мочи; Spermatozoa in urine, Общий анализ мочи; Sperm cells, Общий анализ мочи; Sperm in urine, Общий анализ мочи","Spermatozoa, General urine analysis; Sperm cells in urine, General urine analysis; Sperm in urine, General urine analysis; Male germ cells, General urine analysis; Sperm traces, General urine analysis"
Анализ мочи по Нечипоренко (подсчет форменных элементов в камере),Лейкоциты в моче,Моча разовая (средняя порция утренней мочи),клеток/мл,0,2000,,,,Микроскопия ,общеклинические исследвоания мочи,,"Лейкоциты в моче,  анализ мочи по Земницкому; Белые кровяные тельца в моче,  анализ мочи по Земницкому; WBC в моче,  анализ мочи по Земницкому; Лейкоцитурия,  анализ мочи по Земницкому; White blood cells в моче,  анализ мочи по Земницкому","Leukocytes in urine, General urine analysis by Zimnitsky; White blood cells in urine, General urine analysis by Zimnitsky; WBC in urine, General urine analysis by Zimnitsky; Leukocyturia, General urine analysis by Zimnitsky; White cells in urine, General urine analysis by Zimnitsky"
,Эритроциты в моче,,клеток/мл,0,1000,,,,Микроскопия ,,,"Эритроциты в моче,  анализ мочи по Земницкому; Красные кровяные тельца в моче,  анализ мочи по Земницкому; RBC в моче,  анализ мочи по Земницкому; Гематурия,  анализ мочи по Земницкому; Blood cells в моче,  анализ мочи по Земницкому","Erythrocytes in urine, General urine analysis by Zimnitsky; Red blood cells in urine, General urine analysis by Zimnitsky; RBC in urine, General urine analysis by Zimnitsky; Hematuria, General urine analysis by Zimnitsky; Blood cells in urine, General urine analysis by Zimnitsky"
,Цилиндры в моче,,клеток/мл,0,20,,,,Микроскопия ,,,"Цилиндры в моче,  анализ мочи по Земницкому; Мочевые цилиндры,  анализ мочи по Земницкому; Casts в моче,  анализ мочи по Земницкому; Уриновые цилиндры,  анализ мочи по Земницкому; Почки цилиндры,  анализ мочи по Земницкому","Casts in urine, General urine analysis by Zimnitsky; Urinary casts, General urine analysis by Zimnitsky; Kidney casts, General urine analysis by Zimnitsky; Mucoprotein casts, General urine analysis by Zimnitsky; Tubular formations, General urine analysis by Zimnitsky"
Общий анализ крови,Лейкоциты (WBC),Кровь венозная с ЭДТА,(х 10^9/л),9.40,34.0,Дети (0-1 день),2,50,Лазеро-оптический метод и количественная капиллярная фотометрия,общеклинические исследования крови,,"Лейкоциты, Общий анализ крови; Белые кровяные тельца, Общий анализ крови; WBC, Общий анализ крови; Лейкоцитоз/лейкопения, Общий анализ крови; White blood cells, Общий анализ крови","Leukocytes, General blood analysis; White blood cells, General blood analysis; WBC count, General blood analysis; Leukocytosis/leukopenia, General blood analysis; Total WBC, General blood analysis"
,,Кровь венозная с ЭДТА,(х 10^9/л),5.0,21.0,Дети (1 - 7 дней),,,,,,,
,,Кровь венозная с ЭДТА,(х 10^9/л),5.0,20.0,Дети (7 - 14 дней),,,,,,,
,,Кровь венозная с ЭДТА,(х 10^9/л),5.0,19.50,Дети (14 дней - 1 месяц),,,,,,,
,,Кровь венозная с ЭДТА,(х 10^9/л),5.50,18.0,Дети (1 – 4 месяца),,,,,,,
,,Кровь венозная с ЭДТА,(х 10^9/л),6.0,17.50,Дети (4 – 12 месяцев),,,,,,,
,,Кровь венозная с ЭДТА,(х 10^9/л),6.0,17.0,Дети (1 - 2 года),,,,,,,
,,Кровь венозная с ЭДТА,(х 10^9/л),5.50,15.50,Дети (2 - 4 года),,,,,,,
,,Кровь венозная с ЭДТА,(х 10^9/л),5.0,14.50,Дети (4 - 6 лет),,,,,,,
,,Кровь венозная с ЭДТА,(х 10^9/л),4.50,13.50,Дети (6 - 12 лет),,,,,,,
,,Кровь венозная с ЭДТА,(х 10^9/л),4.50,13.0,Дети (12 - 16 лет),,,,,,,
,,Кровь венозная с ЭДТА,(х 10^9/л),3.90,10.40,Мужчины (16 - 31 год),,,,,,,
,,Кровь венозная с ЭДТА,(х 10^9/л),3.60,11.20,Женщины (16 – 31 год),,,,,,,
,,Кровь венозная с ЭДТА,(х 10^9/л),3.80,10.50,Мужчины (31 – 41 год),,,,,,,
,,Кровь венозная с ЭДТА,(х 10^9/л),3.50,10.50,Женщины (31 – 41 год),,,,,,,
,,Кровь венозная с ЭДТА,(х 10^9/л),4.30,10.80,Мужчины (41- 51 год),,,,,,,
,,Кровь венозная с ЭДТА,(х 10^9/л),3.33,10.30,Женщины (41- 51 год),,,,,,,
,,Кровь венозная с ЭДТА,(х 10^9/л),3.80,11.60,Мужчины (51 – 61 год),,,,,,,
,,Кровь венозная с ЭДТА,(х 10^9/л),3.40,10.20,Женщины (51 – 61 год),,,,,,,
,,Кровь венозная с ЭДТА,(х 10^9/л),3.95,11.20,Мужчины (61 – 150 лет),,,,,,,
,,Кровь венозная с ЭДТА,(х 10^9/л),2.57,10.46,Женщины (61 – 150 лет),,,,,,,
,Эритроциты (RBC),Кровь венозная с ЭДТА,(х 10^12/л),4.15,7.16,Дети (0 – 7 дней),,,,,,"Эритроциты, Общий анализ крови; Красные кровяные тельца, Общий анализ крови; RBC, Общий анализ крови; Red blood cells, Общий анализ крови; Erythrocytes, Общий анализ крови","Erythrocytes, General blood analysis; Red blood cells, General blood analysis; RBC count, General blood analysis; Red cell count, General blood analysis; RBCs, General blood analysis"
,,Кровь венозная с ЭДТА,(х 10^12/л),3.70,6.10,Дети (7 - 21 день),,,,,,,
,,Кровь венозная с ЭДТА,(х 10^12/л),3.20,5.60,Дети (21 - 30 дней),,,,,,,
,,Кровь венозная с ЭДТА,(х 10^12/л),3.10,5.10,Дети (1 - 2 месяца),,,,,,,
,,Кровь венозная с ЭДТА,(х 10^12/л),2.80,4.80,Дети (2 - 3 месяца),,,,,,,
,,Кровь венозная с ЭДТА,(х 10^12/л),3.10,4.70,Дети (3 - 4 месяца),,,,,,,
,,Кровь венозная с ЭДТА,(х 10^12/л),3.20,5.20,Дети (4 - 5 месяцев),,,,,,,
,,Кровь венозная с ЭДТА,(х 10^12/л),4.19,5.48,Дети (5 месяцев – 17 лет),,,,,,,
,,Кровь венозная с ЭДТА,(х 10^12/л),4.0,5.0,Мужчины (17 - 21 лет),,,,,,,
,,Кровь венозная с ЭДТА,(х 10^12/л),3.90,4.70,Женщины (17 - 21 лет),,,,,,,
,,Кровь венозная с ЭДТА,(х 10^12/л),4.48,5.80,Мужчины (21 – 31 год),,,,,,,
,,Кровь венозная с ЭДТА,(х 10^12/л),3.78,4.98,Женщины (21 – 31 год),,,,,,,
,,Кровь венозная с ЭДТА,(х 10^12/л),4.37,5.79,Мужчины (31 – 41 год),,,,,,,
,,Кровь венозная с ЭДТА,(х 10^12/л),3.76,5.5,Женщины (31 – 41 год),,,,,,,
,,Кровь венозная с ЭДТА,(х 10^12/л),4.36,5.75,Мужчины (41- 51 год),,,,,,,
,,Кровь венозная с ЭДТА,(х 10^12/л),3.81,5.8,Женщины (41- 51 год),,,,,,,
,,Кровь венозная с ЭДТА,(х 10^12/л),4.20,5.64,Мужчины (51 – 61 год),,,,,,,
,,Кровь венозная с ЭДТА,(х 10^12/л),3.88,5.22,Женщины (51 – 61 год),,,,,,,
,,Кровь венозная с ЭДТА,(х 10^12/л),3.90,5.65,Мужчины (61 – 150 лет),,,,,,,
,,Кровь венозная с ЭДТА,(х 10^12/л),3.80,5.19,Женщины (61 – 150 лет),,,,,,,
,Гемоглобин (Hb),Кровь венозная с ЭДТА,(г/л),147.0,238.0,Дети (0 – 7 дней),66,200,,,,"Гемоглобин, Общий анализ крови; Hb, Общий анализ крови; Гемоглобин крови, Общий анализ крови; Hemoglobin level, Общий анализ крови; HGB, Общий анализ крови","Hemoglobin, General blood analysis; Hb, General blood analysis; Blood hemoglobin, General blood analysis; Hemoglobin concentration, General blood analysis; HGB, General blood analysis"
,,Кровь венозная с ЭДТА,(г/л),127.0,187.0,Дети (7 - 24 дня),,,,,,,
,,Кровь венозная с ЭДТА,(г/л),103.0,179.0,Дети (24 - 40 дней),,,,,,,
,,Кровь венозная с ЭДТА,(г/л),90.0,166.0,Дети (40 дней – 50 дней),,,,,,,
,,Кровь венозная с ЭДТА,(г/л),92.0,136.0,Дети (50 дней - 3 месяца),,,,,,,
,,Кровь венозная с ЭДТА,(г/л),96.0,128.0,Дети (3 - 5 месяцев),,,,,,,
,,Кровь венозная с ЭДТА,(г/л),114.0,143.0,Дети (5 месяцев –7 лет),,,,,,,
,,Кровь венозная с ЭДТА,(г/л),116.0,154.0,Дети (7 - 17 лет),,,,,,,
,,Кровь венозная с ЭДТА,(г/л),130.0,160.0,Мужчины (старше 17),,,,,,,
,,Кровь венозная с ЭДТА,(г/л),120.0,140.0,Женщины (старше 17),,,,,,,
,,Кровь венозная с ЭДТА,(%),44.0,72.0,Дети (0 – 2 дня),,,,,,,
,,Кровь венозная с ЭДТА,(%),50.0,82.0,Дети (2 - 14 дней),,,,,,,
,,Кровь венозная с ЭДТА,(%),42.0,62.0,Дети (14 - 24 дня),,,,,,,
,,Кровь венозная с ЭДТА,(%),31.0,59.0,Дети (24 – 40 дней),,,,,,,
,,Кровь венозная с ЭДТА,(%),30.0,54.0,Дети (40 дней - 2 месяца),,,,,,,
,,Кровь венозная с ЭДТА,(%),30.0,46.0,Дети (2 - 3 месяца),,,,,,,
,,Кровь венозная с ЭДТА,(%),31.0,43.0,Дети (3 - 5 месяцев),,,,,,,
,,Кровь венозная с ЭДТА,(%),32.0,44.0,Дети (5 - 8 месяцев),,,,,,,
,,Кровь венозная с ЭДТА,(%),35.0,43.0,Дети (8 месяцев – 3 года),,,,,,,
,,Кровь венозная с ЭДТА,(%),31.0,43.0,Дети (3 года – 5 лет),,,,,,,
,,Кровь венозная с ЭДТА,(%),33.0,45.0,Дети (5 – 10 лет),,,,,,,
,,Кровь венозная с ЭДТА,(%),40.0,52.0,Мужчины (10 – 21 год),,,,,,,
,,Кровь венозная с ЭДТА,(%),35.0,47.0,Женщины (10 – 21 год),,,,,,,
,,Кровь венозная с ЭДТА,(%),40.48,50.55,Мужчины (21 – 31 год),,,,,,,
,,Кровь венозная с ЭДТА,(%),34.45,44.13,Женщины (21 – 31 год),,,,,,,
,,Кровь венозная с ЭДТА,(%),39.85,50.99,Мужчины (31 – 41 год),,,,,,,
,,Кровь венозная с ЭДТА,(%),34.80,45.30,Женщины (31 – 41 год),,,,,,,
,,Кровь венозная с ЭДТА,(%),40.19,51.16,Мужчины (41- 51 год),,,,,,,
,,Кровь венозная с ЭДТА,(%),34.88,45.26,Женщины (41- 51 год),,,,,,,
,,Кровь венозная с ЭДТА,(%),38.59,50.95,Мужчины (51 – 61 год),,,,,,,
,,Кровь венозная с ЭДТА,(%),35.14,46.67,Женщины (51 – 61 год),,,,,,,
,,Кровь венозная с ЭДТА,(%),38.50,51.10,Мужчины (61 – 150 лет),,,,,,,
,,Кровь венозная с ЭДТА,(%),35.29,47.9,Женщины (61 – 150 лет),,,,,,,
,Средний объем эритроцита (MCV),Кровь венозная с ЭДТА,(фл),90.0,107.0,Дети (0 – 7 дней),,,,,,"MCV, Общий анализ крови; Средний объем эритроцита, Общий анализ крови; Средний объём красных кровяных телец, Общий анализ крови; Mean Corpuscular Volume, Общий анализ крови; Объем эритроцита, Общий анализ крови","MCV, General blood analysis; Mean Corpuscular Volume, General blood analysis; Average red cell volume, General blood analysis; Erythrocyte mean volume, General blood analysis; RBC volume, General blood analysis"
,,Кровь венозная с ЭДТА,(фл),84.0,128.0,Дети (7 - 21 день),,,,,,,
,,Кровь венозная с ЭДТА,(фл),82.0,126.0,Дети (21 - 1 месяц),,,,,,,
,,Кровь венозная с ЭДТА,(фл),81.0,121.0,Дети (1 - 3 месяца),,,,,,,
,,Кровь венозная с ЭДТА,(фл),77.0,113.0,Дети (3 - 5 месяцев),,,,,,,
,,Кровь венозная с ЭДТА,(фл),71.50,84.30,Дети (5 месяцев – 3 года),,,,,,,
,,Кровь венозная с ЭДТА,(фл),75.70,90.40,Дети (3 года – 17 лет),,,,,,,
,,Кровь венозная с ЭДТА,(фл),80.0,100.0,Взрослые (17 – 21 год),,,,,,,
,,Кровь венозная с ЭДТА,(фл),81.17,96.12,Мужчины (21 – 31 год),,,,,,,
,,Кровь венозная с ЭДТА,(фл),82.51,97.54,Женщины (21 – 31 год),,,,,,,
,,Кровь венозная с ЭДТА,(фл),81.66,97.89,Мужчины (31 – 41 год),,,,,,,
,,Кровь венозная с ЭДТА,(фл),80.0,98.0,Женщины (31 – 41 год),,,,,,,
,,Кровь венозная с ЭДТА,(фл),81.0,99.0,Мужчины (41- 51 год),,,,,,,
,,Кровь венозная с ЭДТА,(фл),82.40,98.78,Женщины (41- 51 год),,,,,,,
,,Кровь венозная с ЭДТА,(фл),82.46,99.50,Мужчины (51 – 61 год),,,,,,,
,,Кровь венозная с ЭДТА,(фл),83.11,97.44,Женщины (51 – 61 год),,,,,,,
,,Кровь венозная с ЭДТА,(фл),83.51,101.20,Мужчины (61 – 150 лет),,,,,,,
,,Кровь венозная с ЭДТА,(фл),82.78,98.80,Женщины (61 – 150 лет),,,,,,,
,Среднее содержание гемоглобина в эритроците (MCH),Кровь венозная с ЭДТА,(пг),32.0,38.0,Дети (0 – 7 дней),,,,,,"MCH, Общий анализ крови; Среднее содержание гемоглобина в эритроците, Общий анализ крови; Гемоглобин на эритроцит, Общий анализ крови; Mean Hemoglobin per RBC, Общий анализ крови; Содержание Hb в клетке, Общий анализ крови","MCH, General blood analysis; Mean Hemoglobin per RBC, General blood analysis; Average hemoglobin per erythrocyte, General blood analysis; Hemoglobin content per cell, General blood analysis; Mean corpuscular Hb, General blood analysis"
,,Кровь венозная с ЭДТА,(пг),29.0,45.0,Дети (2 - 7 дней),,,,,,,
,,Кровь венозная с ЭДТА,(пг),26.0,38.0,Дети (7 – 1 месяц),,,,,,,
,,Кровь венозная с ЭДТА,(пг),25.0,37.0,Дети (1 – 2 месяца),,,,,,,
,,Кровь венозная с ЭДТА,(пг),24.0,36.0,Дети (2 - 3 месяца),,,,,,,
,,Кровь венозная с ЭДТА,(пг),23.0,36.0,Дети (3 - 4 месяца),,,,,,,
,,Кровь венозная с ЭДТА,(пг),21.0,33.0,Дети (4 - 5 месяцев),,,,,,,
,,Кровь венозная с ЭДТА,(пг),24.50,28.80,Дети (5 месяцев – 3 года),,,,,,,
,,Кровь венозная с ЭДТА,(пг),24.80,30.30,Дети (3 года – 17 лет),,,,,,,
,,Кровь венозная с ЭДТА,(пг),27.0,31.0,Взрослые (17 – 21 год),,,,,,,
,,Кровь венозная с ЭДТА,(пг),27.91,32.72,Мужчины (21 – 31 год),,,,,,,
,,Кровь венозная с ЭДТА,(пг),27.27,32.88,Женщины (21 – 31 год),,,,,,,
,,Кровь венозная с ЭДТА,(пг),27.74,33.18,Мужчины (31 – 41 год),,,,,,,
,,Кровь венозная с ЭДТА,(пг),26.50,33.30,Женщины (31 – 41 год),,,,,,,
,,Кровь венозная с ЭДТА,(пг),27.40,33.10,Мужчины (41 - 51 год),,,,,,,
,,Кровь венозная с ЭДТА,(пг),27.9,32.98,Женщины (41 - 51 год),,,,,,,
,,Кровь венозная с ЭДТА,(пг),27.88,33.53,Мужчины (51 – 61 год),,,,,,,
,,Кровь венозная с ЭДТА,(пг),26.97,32.73,Женщины (51 – 61 год),,,,,,,
,,Кровь венозная с ЭДТА,(пг),28.8,33.74,Мужчины (61 – 150 лет),,,,,,,
,,Кровь венозная с ЭДТА,(пг),27.12,32.91,Женщины (61 – 150 лет),,,,,,,
,Средняя концентрация гемоглобина в эритроцитах (MCHC),Кровь венозная с ЭДТА,(г/л),332.0,375.0,Дети (0 – 7 дней),,,,,,"MCHC, Общий анализ крови; Средняя концентрация гемоглобина в эритроците, Общий анализ крови; Концентрация Hb в эритроците, Общий анализ крови; Mean Corpuscular Hemoglobin Concentration, Общий анализ крови; Гемоглобин в клетке (%), Общий анализ крови","MCHC, General blood analysis; Mean Corpuscular Hemoglobin Concentration, General blood analysis; Hemoglobin concentration in RBC, General blood analysis; Average Hb concentration, General blood analysis; MCH concentration, General blood analysis"
,,Кровь венозная с ЭДТА,(г/л),260.0,340.0,Дети (7 - 21 день),,,,,,,
,,Кровь венозная с ЭДТА,(г/л),250.0,370.0,Дети (21 день – 1 месяц),,,,,,,
,,Кровь венозная с ЭДТА,(г/л),260.0,340.0,Дети (1 - 5 месяцев),,,,,,,
,,Кровь венозная с ЭДТА,(г/л),320.0,353.0,Дети (5 месяцев – 17 лет),,,,,,,
,,Кровь венозная с ЭДТА,(г/л),330.0,360.0,Взрослые (17 – 21 год),,,,,,,
,,Кровь венозная с ЭДТА,(г/л),326.1,358.10,Мужчины (21 – 31 год),,,,,,,
,,Кровь венозная с ЭДТА,(г/л),315.95,350.39,Женщины (21 – 31 год),,,,,,,
,,Кровь венозная с ЭДТА,(г/л),316.0,357.0,Мужчины (31 – 41 год),,,,,,,
,,Кровь венозная с ЭДТА,(г/л),315.0,351.0,Женщины (31 – 41 год),,,,,,,
,,Кровь венозная с ЭДТА,(г/л),321.86,354.30,Мужчины (41 - 51 год),,,,,,,
,,Кровь венозная с ЭДТА,(г/л),313.45,346.68,Женщины (41 - 51 год),,,,,,,
,,Кровь венозная с ЭДТА,(г/л),320.48,353.15,Мужчины (51 – 61 год),,,,,,,
,,Кровь венозная с ЭДТА,(г/л),312.58,346.17,Женщины (51 – 61 год),,,,,,,
,,Кровь венозная с ЭДТА,(г/л),315.0,356.0,Мужчины (61 – 150 лет),,,,,,,
,,Кровь венозная с ЭДТА,(г/л),313.69,346.82,Женщины (61 – 150 лет),,,,,,,
,Индекс распределения эритроцитов (RDW - SD),Кровь венозная с ЭДТА,(фл),39.90,52.20,Мужчины,,,,,,"RDW-SD, Общий анализ крови; Ширина распределения эритроцитов (SD), Общий анализ крови; Распределение по объёму, Общий анализ крови; Red Cell Distribution Width (SD), Общий анализ крови; Анизоцитоз (SD), Общий анализ крови","RDW-SD, General blood analysis; Red Cell Distribution Width (SD), General blood analysis; Variation in RBC size (SD), General blood analysis; Anisocytosis (SD), General blood analysis; Erythrocyte width (SD), General blood analysis"
,,Кровь венозная с ЭДТА,(фл),42.0,53.60,Женщины,,,,,,,
,Индекс распределения эритроцитов (RDW - CV),Кровь венозная с ЭДТА,(%),12.20,14.60,Мужчины,,,,,,"RDW-CV, Общий анализ крови; Ширина распределения эритроцитов (CV), Общий анализ крови; Процентное распределение эритроцитов, Общий анализ крови; Red Cell Distribution Width (CV), Общий анализ крови; Анизоцитоз (CV), Общий анализ крови","RDW-CV, General blood analysis; Red Cell Distribution Width (CV), General blood analysis; Variation in RBC size (CV), General blood analysis; Anisocytosis (CV), General blood analysis; Erythrocyte distribution width (CV), General blood analysis"
,,Кровь венозная с ЭДТА,(%),12.20,15.0,Женщины,,,,,,,
,Тромбоциты (PLT),Кровь венозная с ЭДТА,(х 10^9/л),98.0,369.0,Дети (0 – 3 дня),40,1000,,,,"Тромбоциты, Общий анализ крови; PLT, Общий анализ крови; Тромбоцитарные клетки, Общий анализ крови; Platelets, Общий анализ крови;血小板（血小板计数）, Общий анализ крови","Platelets, General blood analysis; PLT, General blood analysis; Thrombocytes, General blood analysis; Platelet count, General blood analysis; Blood platelets, General blood analysis"
,,Кровь венозная с ЭДТА,(х 10^9/л),127.0,395.0,Дети (3 – 7 дней),,,,,,,
,,Кровь венозная с ЭДТА,(х 10^9/л),267.0,580.0,Дети (7 дней – 5 лет),,,,,,,
,,Кровь венозная с ЭДТА,(х 10^9/л),175.0,436.0,Дети (5 – 17 лет),,,,,,,
,,Кровь венозная с ЭДТА,(х 10^9/л),154.0,386.0,Мужчины (17 – 21 год),,,,,,,
,,Кровь венозная с ЭДТА,(х 10^9/л),140.0,336.0,Женщины (17 – 21 год),,,,,,,
,,Кровь венозная с ЭДТА,(х 10^9/л),150.26,315.90,Мужчины (21 – 31 год),,,,,,,
,,Кровь венозная с ЭДТА,(х 10^9/л),155.0,392.0,Женщины (21 – 31 год),,,,,,,
,,Кровь венозная с ЭДТА,(х 10^9/л),144.63,334.60,Мужчины (31 – 41 год),,,,,,,
,,Кровь венозная с ЭДТА,(х 10^9/л),149.11,358.42,Женщины (31 – 41 год),,,,,,,
,,Кровь венозная с ЭДТА,(х 10^9/л),147.11,330.64,Мужчины (41 - 51 год),,,,,,,
,,Кровь венозная с ЭДТА,(х 10^9/л),146.16,377.65,Женщины (41 - 51 год),,,,,,,
,,Кровь венозная с ЭДТА,(х 10^9/л),134.86,343.82,Мужчины (51 – 61 год),,,,,,,
,,Кровь венозная с ЭДТА,(х 10^9/л),167.0,379.0,Женщины (51 – 61 год),,,,,,,
,,Кровь венозная с ЭДТА,(х 10^9/л),118.36,327.52,Мужчины (61 – 150 лет),,,,,,,
,,Кровь венозная с ЭДТА,(х 10^9/л),131.62,353.12,Женщины (61 – 150 лет),,,,,,,
,Средний объем тромбоцита (MPV),Кровь венозная с ЭДТА,(фл),8.65,12.16,Мужчины (0 – 31год),,,,,,"MPV, Общий анализ крови; Средний объём тромбоцита, Общий анализ крови; Средний размер тромбоцита, Общий анализ крови; Mean Platelet Volume, Общий анализ крови; Объём тромбоцита, Общий анализ крови","MPV, General blood analysis; Mean Platelet Volume, General blood analysis; Average platelet size, General blood analysis; Platelet mean volume, General blood analysis; Size of thrombocytes, General blood analysis"
,,Кровь венозная с ЭДТА,(фл),9.10,12.30,Женщины (0 - 31 год),,,,,,,
,,Кровь венозная с ЭДТА,(фл),8.80,11.86,Мужчины (31 – 41 год),,,,,,,
,,Кровь венозная с ЭДТА,(фл),9.0,11.97,Женщины (31 – 41 год),,,,,,,
,,Кровь венозная с ЭДТА,(фл),8.71,11.85,Мужчины (41- 51 год),,,,,,,
,,Кровь венозная с ЭДТА,(фл),8.61,12.21,Женщины (41- 51 год),,,,,,,
,,Кровь венозная с ЭДТА,(фл),8.59,12.17,Мужчины (51 – 61 год),,,,,,,
,,Кровь венозная с ЭДТА,(фл),9.1,12.4,Женщины (51 – 61 год),,,,,,,
,,Кровь венозная с ЭДТА,(фл),8.69,11.94,Мужчины (61 – 150 лет),,,,,,,
,,Кровь венозная с ЭДТА,(фл),8.87,11.87,Женщины (61 – 150 лет),,,,,,,
,Тромбокрит (PCT),Кровь венозная с ЭДТА,(%),0.16,0.32,Мужчины (0 – 31год),,,,,,"Тромбокрит, Общий анализ крови; PCT, Общий анализ крови; Plateletcrit, Общий анализ крови; Процент объема тромбоцитов, Общий анализ крови; Объем тромбоцитов, Общий анализ крови","Thrombocrit, General blood analysis; PCT, General blood analysis; Plateletcrit, General blood analysis; Platelet volume fraction, General blood analysis; Volume occupied by platelets, General blood analysis"
,,Кровь венозная с ЭДТА,(%),0.16,0.41,Женщины (0 - 31 год),,,,,,,
,,Кровь венозная с ЭДТА,(%),0.16,0.33,Мужчины (31 – 41 год),,,,,,,
,,Кровь венозная с ЭДТА,(%),0.18,0.38,Женщины (31 – 41 год),,,,,,,
,,Кровь венозная с ЭДТА,(%),0.17,0.34,Мужчины (41- 51 год),,,,,,,
,,Кровь венозная с ЭДТА,(%),0.18,0.38,Женщины (41- 51 год),,,,,,,
,,Кровь венозная с ЭДТА,(%),0.15,0.35,Мужчины (51 – 61 год),,,,,,,
,,Кровь венозная с ЭДТА,(%),0.17,0.38,Женщины (51 – 61 год),,,,,,,
,,Кровь венозная с ЭДТА,(%),0.13,0.33,Мужчины (61 – 150 лет),,,,,,,
,,Кровь венозная с ЭДТА,(%),0.14,0.36,Женщины (61 – 150 лет),,,,,,,
,Индекс распределения тромбоцитов (PDW),Кровь венозная с ЭДТА,(фл),9.80,15.20,Мужчины,,,,,,"PDW, Общий анализ крови; Ширина распределения тромбоцитов, Общий анализ крови; Распределение по размеру тромбоцитов, Общий анализ крови; Platelet Distribution Width, Общий анализ крови; Вариабельность тромбоцитов, Общий анализ крови","PDW, General blood analysis; Platelet Distribution Width, General blood analysis; Variation in platelet size, General blood analysis; Size dispersion of platelets, General blood analysis; Platelet width, General blood analysis"
,,Кровь венозная с ЭДТА,(фл),9.60,15.20,Женщины,,,,,,,
,Нейтрофилы (Ne) абсолютное количество (#),Кровь венозная с ЭДТА,(х10^9/л),3.50,18.10,Дети (0 – 2 дня),,,,,,"Нейтрофилы (абс), Общий анализ крови; Ne#, Общий анализ крови; Абсолютные нейтрофилы, Общий анализ крови; Absolute neutrophils, Общий анализ крови; Neutrophil count, Общий анализ крови","Neutrophils (abs), General blood analysis; Absolute neutrophils, General blood analysis; Ne#, General blood analysis; Neutrophil count, General blood analysis; Total neutrophils, General blood analysis"
,,Кровь венозная с ЭДТА,(х10^9/л),2.50,13.30,Дети (2 – 3 дня),,,,,,,
,,Кровь венозная с ЭДТА,(х10^9/л),1.56,10.60,Дети (3 - 7 дней),,,,,,,
,,Кровь венозная с ЭДТА,(х10^9/л),0.60,3.60,Дети (7 дней – 1 год),,,,,,,
,,Кровь венозная с ЭДТА,(х10^9/л),1.10,5.80,Дети (1 год – 17 лет),,,,,,,
,,Кровь венозная с ЭДТА,(х10^9/л),1.60,6.10,Мужчины (17-31 год),,,,,,,
,,Кровь венозная с ЭДТА,(х10^9/л),1.40,7.40,Женщины (17-31 год),,,,,,,
,,Кровь венозная с ЭДТА,(х10^9/л),1.40,6.60,Мужчины (31 – 41 год),,,,,,,
,,Кровь венозная с ЭДТА,(х10^9/л),1.50,6.80,Женщины (31 – 41 год),,,,,,,
,,Кровь венозная с ЭДТА,(х10^9/л),1.90,6.90,Мужчины (41 – 51 год),,,,,,,
,,Кровь венозная с ЭДТА,(х10^9/л),1.50,7.0,Женщины (41 – 51 год),,,,,,,
,,Кровь венозная с ЭДТА,(х10^9/л),1.60,7.10,Мужчины (51 – 61 год),,,,,,,
,,Кровь венозная с ЭДТА,(х10^9/л),1.8,5.78,Женщины (51 – 61 год),,,,,,,
,,Кровь венозная с ЭДТА,(х10^9/л),2.20,6.40,Мужчины (61 – 150 лет),,,,,,,
,,Кровь венозная с ЭДТА,(х10^9/л),1.40,7.0,Женщины (61 – 150 лет),,,,,,,
,Нейтрофилы относительное количество (%),Кровь венозная с ЭДТА,(%),50.40,85.20,Дети (0 – 1 день),,,,,,"Нейтрофилы (%), Общий анализ крови; Ne%, Общий анализ крови; Относительные нейтрофилы, Общий анализ крови; Relative neutrophils, Общий анализ крови; Neutrophil percentage, Общий анализ крови","Neutrophils (%), General blood analysis; Relative neutrophils, General blood analysis; Ne%, General blood analysis; Neutrophil proportion, General blood analysis; Percent neutrophils, General blood analysis"
,,Кровь венозная с ЭДТА,(%),47.40,80.40,Дети (1 - 2 дня),,,,,,,
,,Кровь венозная с ЭДТА,(%),42.50,70.10,Дети (2 - 3 дня),,,,,,,
,,Кровь венозная с ЭДТА,(%),37.20,64.40,Дети (3 - 4дня),,,,,,,
,,Кровь венозная с ЭДТА,(%),33.70,59.10,Дети (4 - 5 дней),,,,,,,
,,Кровь венозная с ЭДТА,(%),41.60,59.0,Дети (5 - 6 дней),,,,,,,
,,Кровь венозная с ЭДТА,(%),30.40,51.60,Дети (6 - 7 дней),,,,,,,
,,Кровь венозная с ЭДТА,(%),30.70,53.0,Дети (7 - 8 дней),,,,,,,
,,Кровь венозная с ЭДТА,(%),27.20,51.60,Дети (8 - 15 дней),,,,,,,
,,Кровь венозная с ЭДТА,(%),17.90,42.10,Дети (15 дней - 1 месяц),,,,,,,
,,Кровь венозная с ЭДТА,(%),16.90,37.10,Дети (1 - 2 месяца),,,,,,,
,,Кровь венозная с ЭДТА,(%),18.80,39.20,Дети (2 - 3 месяца),,,,,,,
,,Кровь венозная с ЭДТА,(%),20.0,42.0,Дети (3 - 4 месяца),,,,,,,
,,Кровь венозная с ЭДТА,(%),21.90,42.10,Дети (4 – 5 месяцев),,,,,,,
,,Кровь венозная с ЭДТА,(%),20.80,43.20,Дети (5 - 6 месяцев),,,,,,,
,,Кровь венозная с ЭДТА,(%),20.90,43.10,Дети (6 - 7 месяцев),,,,,,,
,,Кровь венозная с ЭДТА,(%),21.80,46.20,Дети (7 – 8 месяцев),,,,,,,
,,Кровь венозная с ЭДТА,(%),22.80,45.20,Дети (8 – 9 месяцев),,,,,,,
,,Кровь венозная с ЭДТА,(%),24.80,47.20,Дети (9 – 10 месяцев),,,,,,,
,,Кровь венозная с ЭДТА,(%),25.80,46.20,Дети (10 - 11 месяцев),,,,,,,
,,Кровь венозная с ЭДТА,(%),23.80,46.20,Дети (11 – 12 месяцев),,,,,,,
,,Кровь венозная с ЭДТА,(%),29.0,51.0,Дети (1 – 2 года),,,,,,,
,,Кровь венозная с ЭДТА,(%),33.0,57.0,Дети (2 – 3 года),,,,,,,
,,Кровь венозная с ЭДТА,(%),36.0,58.0,Дети (3 – 4 года),,,,,,,
,,Кровь венозная с ЭДТА,(%),36.0,58.0,Дети (4 – 5 лет),,,,,,,
,,Кровь венозная с ЭДТА,(%),39.0,61.0,Дети (5 – 6 лет),,,,,,,
,,Кровь венозная с ЭДТА,(%),40.0,60.0,Дети (6 – 7 лет),,,,,,,
,,Кровь венозная с ЭДТА,(%),42.0,62.0,Дети (7 – 8 лет),,,,,,,
,,Кровь венозная с ЭДТА,(%),44.0,62.0,Дети (8 – 9 лет),,,,,,,
,,Кровь венозная с ЭДТА,(%),44.0,62.0,Дети (9 – 10 лет),,,,,,,
,,Кровь венозная с ЭДТА,(%),46.0,60.0,Дети (10 – 11 лет),,,,,,,
,,Кровь венозная с ЭДТА,(%),45.0,63.0,Дети (11 – 12 лет),,,,,,,
,,Кровь венозная с ЭДТА,(%),46.0,62.0,Дети (12 – 13 лет),,,,,,,
,,Кровь венозная с ЭДТА,(%),47.0,63.0,Дети (13 – 14 лет),,,,,,,
,,Кровь венозная с ЭДТА,(%),46.0,64.0,Дети (14 – 15 лет),,,,,,,
,,Кровь венозная с ЭДТА,(%),48.0,78.0,Дети (15 – 17 лет),,,,,,,
,,Кровь венозная с ЭДТА,(%),35.2,71.6,Мужчины (17 - 31 год),,,,,,,
,,Кровь венозная с ЭДТА,(%),39.25,76.73,Женщины (17 - 31 год),,,,,,,
,,Кровь венозная с ЭДТА,(%),38.80,70.37,Мужчины (31 – 41 год),,,,,,,
,,Кровь венозная с ЭДТА,(%),39.16,75.83,Женщины (31 – 41 год),,,,,,,
,,Кровь венозная с ЭДТА,(%),38.28,70.95,Мужчины (41 – 51 год),,,,,,,
,,Кровь венозная с ЭДТА,(%),38.20,74.14,Женщины (41 – 51 год),,,,,,,
,,Кровь венозная с ЭДТА,(%),38.88,73.3,Мужчины (51 – 61 год),,,,,,,
,,Кровь венозная с ЭДТА,(%),38.65,72.32,Женщины (51 – 61 год),,,,,,,
,,Кровь венозная с ЭДТА,(%),40.37,71.96,Мужчины (61 - 150 лет),,,,,,,
,,Кровь венозная с ЭДТА,(%),39.29,72.87,Женщины (61 - 150 лет),,,,,,,
,Лимфоциты (LYMF) абсолютное количество (#),Кровь венозная с ЭДТА,(х10^9/л),3.30,9.0,Дети (0 день — 1 год),,,,,,"Лимфоциты (абс), Общий анализ крови; LYMF#, Общий анализ крови; Абсолютные лимфоциты, Общий анализ крови; Absolute lymphocytes, Общий анализ крови; Lymphocyte count, Общий анализ крови","Lymphocytes (abs), General blood analysis; Absolute lymphocytes, General blood analysis; LYMF#, General blood analysis; Lymphocyte count, General blood analysis; Total lymphocytes, General blood analysis"
,,Кровь венозная с ЭДТА,(х10^9/л),1.60,7.10,Дети (1 - 5 лет),,,,,,,
,,Кровь венозная с ЭДТА,(х10^9/л),0.90,5.0,Дети (5–10 лет),,,,,,,
,,Кровь венозная с ЭДТА,(х10^9/л),1.10,3.80,Дети (10 - 17 лет),,,,,,,
,,Кровь венозная с ЭДТА,(х10^9/л),1.8,3.26,Мужчины (17 - 31 год),,,,,,,
,,Кровь венозная с ЭДТА,(х10^9/л),1.10,3.40,Женщины (17 - 31 год),,,,,,,
,,Кровь венозная с ЭДТА,(х10^9/л),1.20,3.40,Мужчины (31 – 41 год),,,,,,,
,,Кровь венозная с ЭДТА,(х10^9/л),1.10,3.30,Женщины (31 – 41 год),,,,,,,
,,Кровь венозная с ЭДТА,(х10^9/л),1.9,3.58,Мужчины (41 – 51 год),,,,,,,
,,Кровь венозная с ЭДТА,(х10^9/л),1.20,3.50,Женщины (41 – 51 год),,,,,,,
,,Кровь венозная с ЭДТА,(х10^9/л),1.10,3.30,Мужчины (51 – 61 год),,,,,,,
,,Кровь венозная с ЭДТА,(х10^9/л),0.86,3.24,Женщины (51 – 61 год),,,,,,,
,,Кровь венозная с ЭДТА,(х10^9/л),0.85,3.26,Мужчины (61 - 150 лет),,,,,,,
,,Кровь венозная с ЭДТА,(х10^9/л),1.0,3.30,Женщины (61 - 150 лет),,,,,,,
,Лимфоциты (LYMF) относительное количество (%),Кровь венозная с ЭДТА,(%),15.50,31.70,Дети (0 - 1 день),,,,,,"Лимфоциты (%), Общий анализ крови; LYMF%, Общий анализ крови; Относительные лимфоциты, Общий анализ крови; Relative lymphocytes, Общий анализ крови; Lymphocyte percentage, Общий анализ крови","Lymphocytes (%), General blood analysis; Relative lymphocytes, General blood analysis; LYMF%, General blood analysis; Lymphocyte proportion, General blood analysis; Percent lymphocytes, General blood analysis"
,,Кровь венозная с ЭДТА,(%),18.60,34.80,Дети (1 - 2 дня),,,,,,,
,,Кровь венозная с ЭДТА,(%),21.90,40.30,Дети (2 – 3 дня),,,,,,,
,,Кровь венозная с ЭДТА,(%),26.10,47.10,Дети (3 – 4 дня),,,,,,,
,,Кровь венозная с ЭДТА,(%),30.70,49.90,Дети (4 – 5 дней),,,,,,,
,,Кровь венозная с ЭДТА,(%),31.50,53.70,Дети (5 – 6 дней),,,,,,,
,,Кровь венозная с ЭДТА,(%),36.50,55.10,Дети (6 – 7 дней),,,,,,,
,,Кровь венозная с ЭДТА,(%),37.0,55.40,Дети (7 – 8 дней),,,,,,,
,,Кровь венозная с ЭДТА,(%),38.0,57.80,Дети (8 - 15 дней),,,,,,,
,,Кровь венозная с ЭДТА,(%),46.0,70.0,Дети (15 - 30 дней),,,,,,,
,,Кровь венозная с ЭДТА,(%),52.0,72.0,Дети (1 - 2 месяца),,,,,,,
,,Кровь венозная с ЭДТА,(%),51.0,71.0,Дети (2 - 3 месяца),,,,,,,
,,Кровь венозная с ЭДТА,(%),48.0,68.0,Дети (3-5 месяцев),,,,,,,
,,Кровь венозная с ЭДТА,(%),47.0,69.0,Дети (5 – 6 месяцев),,,,,,,
,,Кровь венозная с ЭДТА,(%),48.0,68.0,Дети (6 – 7 месяцев),,,,,,,
,,Кровь венозная с ЭДТА,(%),45.0,67.0,Дети (7 -8 месяцев),,,,,,,
,,Кровь венозная с ЭДТА,(%),46.0,66.0,Дети (8 – 9 месяцев),,,,,,,
,,Кровь венозная с ЭДТА,(%),44.0,64.0,Дети (9 – 10 месяцев),,,,,,,
,,Кровь венозная с ЭДТА,(%),43.0,65.0,Дети (10 - 11 месяцев),,,,,,,
,,Кровь венозная с ЭДТА,(%),44.0,66.0,Дети (11 – 12 месяцев),,,,,,,
,,Кровь венозная с ЭДТА,(%),37.0,61.0,Дети (1 – 2 года),,,,,,,
,,Кровь венозная с ЭДТА,(%),34.0,56.0,Дети (2 - 3 года),,,,,,,
,,Кровь венозная с ЭДТА,(%),33.0,53.0,Дети (3 - 5 лет),,,,,,,
,,Кровь венозная с ЭДТА,(%),30.0,50.0,Дети (5 – 6 лет),,,,,,,
,,Кровь венозная с ЭДТА,(%),32.0,50.0,Дети (6 – 7 лет),,,,,,,
,,Кровь венозная с ЭДТА,(%),29.0,49.0,Дети (7 – 8 лет),,,,,,,
,,Кровь венозная с ЭДТА,(%),30.0,46.0,Дети (8 - 11 лет),,,,,,,
,,Кровь венозная с ЭДТА,(%),29.0,45.0,Дети (11-12 лет),,,,,,,
,,Кровь венозная с ЭДТА,(%),30.0,44.0,Дети (12 - 13 лет),,,,,,,
,,Кровь венозная с ЭДТА,(%),28.0,44.0,Дети (13 – 14 лет),,,,,,,
,,Кровь венозная с ЭДТА,(%),29.0,45.0,Дети (14 – 15 лет),,,,,,,
,,Кровь венозная с ЭДТА,(%),18.61,50.36,Мужчины (15 - 31 год),,,,,,,
,,Кровь венозная с ЭДТА,(%),14.3,48.18,Женщины (15 - 31 год),,,,,,,
,,Кровь венозная с ЭДТА,(%),19.28,46.22,Мужчины (31 – 41 год),,,,,,,
,,Кровь венозная с ЭДТА,(%),15.48,47.68,Женщины (31 – 41 год),,,,,,,
,,Кровь венозная с ЭДТА,(%),17.91,47.80,Мужчины (41 – 51 год),,,,,,,
,,Кровь венозная с ЭДТА,(%),16.94,47.48,Женщины (41 – 51 год),,,,,,,
,,Кровь венозная с ЭДТА,(%),16.37,46.82,Мужчины (51 – 61 год),,,,,,,
,,Кровь венозная с ЭДТА,(%),18.44,48.93,Женщины (51 – 61 год),,,,,,,
,,Кровь венозная с ЭДТА,(%),15.60,46.58,Мужчины (61 -150 лет),,,,,,,
,,Кровь венозная с ЭДТА,(%),17.12,47.60,Женщины (61 - 150 лет),,,,,,,
,Моноциты (MON) абсолютное количество (#),Кровь венозная с ЭДТА,(10^9/л),0.37,1.26,Дети (0 - 17лет),,,,,,"Моноциты (абс), Общий анализ крови; MON#, Общий анализ крови; Абсолютные моноциты, Общий анализ крови; Absolute monocytes, Общий анализ крови; Monocyte count, Общий анализ крови","Monocytes (abs), General blood analysis; Absolute monocytes, General blood analysis; MON#, General blood analysis; Monocyte count, General blood analysis; Total monocytes, General blood analysis"
,,Кровь венозная с ЭДТА,(10^9/л),0.30,1.20,Мужчины (17 - 31 год),,,,,,,
,,Кровь венозная с ЭДТА,(10^9/л),0.30,1.0,Женщины (17 - 31 год),,,,,,,
,,Кровь венозная с ЭДТА,(10^9/л),0.30,1.10,Мужчины (31 – 41 год),,,,,,,
,,Кровь венозная с ЭДТА,(10^9/л),0.30,0.90,Женщины (31 – 41 год),,,,,,,
,,Кровь венозная с ЭДТА,(10^9/л),0.30,1.10,Мужчины (41 – 51 год),,,,,,,
,,Кровь венозная с ЭДТА,(10^9/л),0.30,1.0,Женщины (41 – 51 год),,,,,,,
,,Кровь венозная с ЭДТА,(10^9/л),0.30,1.10,Мужчины (51 – 61 год),,,,,,,
,,Кровь венозная с ЭДТА,(10^9/л),0.30,0.90,Женщины (51 – 61 год),,,,,,,
,,Кровь венозная с ЭДТА,(10^9/л),0.30,1.15,Мужчины (61 - 150 лет),,,,,,,
,,Кровь венозная с ЭДТА,(10^9/л),0.30,1.0,Женщины (61 - 150 лет),,,,,,,
,Моноциты (MON) относительное количество (%),Кровь венозная с ЭДТА,(%),4.10,10.50,Дети (0 - 1 день),,,,,,"Моноциты (%), Общий анализ крови; MON%, Общий анализ крови; Относительные моноциты, Общий анализ крови; Relative monocytes, Общий анализ крови; Monocyte percentage, Общий анализ крови","Monocytes (%), General blood analysis; Relative monocytes, General blood analysis; MON%, General blood analysis; Monocyte proportion, General blood analysis; Percent monocytes, General blood analysis"
,,Кровь венозная с ЭДТА,(%),4.70,12.10,Дети (1 – 2 дня),,,,,,,
,,Кровь венозная с ЭДТА,(%),5.90,14.30,Дети (2 – 3 дня),,,,,,,
,,Кровь венозная с ЭДТА,(%),5.60,15.0,Дети (3 – 4 дня),,,,,,,
,,Кровь венозная с ЭДТА,(%),6.40,14.40,Дети (4 – 5 дней),,,,,,,
,,Кровь венозная с ЭДТА,(%),6.80,14.20,Дети (5 – 6 дней),,,,,,,
,,Кровь венозная с ЭДТА,(%),6.10,14.90,Дети (6 – 7 дней),,,,,,,
,,Кровь венозная с ЭДТА,(%),6.0,14.20,Дети (7 – 8 дней),,,,,,,
,,Кровь венозная с ЭДТА,(%),6.20,14.80,Дети (8 - 15 дней),,,,,,,
,,Кровь венозная с ЭДТА,(%),4.20,11.80,Дети (15 дней – 1 месяц),,,,,,,
,,Кровь венозная с ЭДТА,(%),4.40,11.60,Дети (1 - 2 месяца),,,,,,,
,,Кровь венозная с ЭДТА,(%),4.0,10.0,Дети (2 – 3 месяца),,,,,,,
,,Кровь венозная с ЭДТА,(%),3.70,10.30,Дети (3 – 5месяцев),,,,,,,
,,Кровь венозная с ЭДТА,(%),3.90,10.10,Дети (5 – 6 месяцев),,,,,,,
,,Кровь венозная с ЭДТА,(%),4.0,10.0,Дети (6 – 7 месяцев),,,,,,,
,,Кровь венозная с ЭДТА,(%),3.80,10.20,Дети (7-8 месяцев),,,,,,,
,,Кровь венозная с ЭДТА,(%),4.0,10.0,Дети (8 – 12 месяцев),,,,,,,
,,Кровь венозная с ЭДТА,(%),5.0,9.0,Дети (1 – 2 года),,,,,,,
,,Кровь венозная с ЭДТА,(%),4.0,8.0,Дети (2 – 4 года),,,,,,,
,,Кровь венозная с ЭДТА,(%),3.0,9.0,Дети (4 - 6 лет),,,,,,,
,,Кровь венозная с ЭДТА,(%),4.0,8.0,Дети (6 - 10 лет),,,,,,,
,,Кровь венозная с ЭДТА,(%),3.0,9.0,Дети (10 – 11 лет),,,,,,,
,,Кровь венозная с ЭДТА,(%),4.0,8.0,Дети (11 – 14 лет),,,,,,,
,,Кровь венозная с ЭДТА,(%),3.0,9.0,Дети (14 - 15 лет),,,,,,,
,,Кровь венозная с ЭДТА,(%),6.30,13.80,Мужчины (15 - 31 год),,,,,,,
,,Кровь венозная с ЭДТА,(%),4.80,12.90,Женщины (15 - 31 год),,,,,,,
,,Кровь венозная с ЭДТА,(%),6.0,14.0,Мужчины (31 – 41 год),,,,,,,
,,Кровь венозная с ЭДТА,(%),5.10,12.20,Женщины (31 – 41 год),,,,,,,
,,Кровь венозная с ЭДТА,(%),5.75,14.25,Мужчины (41 – 51 год),,,,,,,
,,Кровь венозная с ЭДТА,(%),4.73,12.0,Женщины (41 – 51 год),,,,,,,
,,Кровь венозная с ЭДТА,(%),5.6,13.28,Мужчины (51 – 61 год),,,,,,,
,,Кровь венозная с ЭДТА,(%),4.40,11.66,Женщины (51 – 61 год),,,,,,,
,,Кровь венозная с ЭДТА,(%),5.19,13.71,Мужчины (61 - 150 лет),,,,,,,
,,Кровь венозная с ЭДТА,(%),4.87,12.29,Женщины (61 - 150 лет),,,,,,,
,Эозинофилы (Eo) абсолютное количество (#),Кровь венозная с ЭДТА,(x10^9/л),0.0,0.40,,,,,,,"Эозинофилы (абс), Общий анализ крови; Eo#, Общий анализ крови; Абсолютные эозинофилы, Общий анализ крови; Absolute eosinophils, Общий анализ крови; Eosinophil count, Общий анализ крови","Eosinophils (abs), General blood analysis; Absolute eosinophils, General blood analysis; Eo#, General blood analysis; Eosinophil count, General blood analysis; Total eosinophils, General blood analysis"
,Эозинофилы (Eo) относительное количество (%),Кровь венозная с ЭДТА,(%),0.70,3.0,Дети (0 - 1 день),,,,,,"Эозинофилы (%), Общий анализ крови; Eo%, Общий анализ крови; Относительные эозинофилы, Общий анализ крови; Relative eosinophils, Общий анализ крови; Eosinophil percentage, Общий анализ крови","Eosinophils (%), General blood analysis; Relative eosinophils, General blood analysis; Eo%, General blood analysis; Eosinophil proportion, General blood analysis; Percent eosinophils, General blood analysis"
,,Кровь венозная с ЭДТА,(%),0.80,5.0,Дети (1 – 2 дня),,,,,,,
,,Кровь венозная с ЭДТА,(%),1.70,5.70,Дети (2 – 3 дня),,,,,,,
,,Кровь венозная с ЭДТА,(%),1.60,6.20,Дети (3 - 4 дня),,,,,,,
,,Кровь венозная с ЭДТА,(%),1.80,6.0,Дети (4 – 5 дней),,,,,,,
,,Кровь венозная с ЭДТА,(%),1.50,6.30,Дети (5 - 6 дней),,,,,,,
,,Кровь венозная с ЭДТА,(%),1.70,5.70,Дети (6 – 7 дней),,,,,,,
,,Кровь венозная с ЭДТА,(%),1.50,5.70,Дети (7 – 8 дней),,,,,,,
,,Кровь венозная с ЭДТА,(%),1.90,6.30,Дети (8 – 15 дней),,,,,,,
,,Кровь венозная с ЭДТА,(%),1.80,6.20,Дети (15 дней – 1 месяц),,,,,,,
,,Кровь венозная с ЭДТА,(%),1.0,5.0,Дети (1 – 6 месяцев),,,,,,,
,,Кровь венозная с ЭДТА,(%),1.90,5.10,Дети (6 – 7 месяцев),,,,,,,
,,Кровь венозная с ЭДТА,(%),1.0,5.0,Дети (7 - 9 месяцев),,,,,,,
,,Кровь венозная с ЭДТА,(%),1.20,4.80,Дети (9 – 10 месяцев),,,,,,,
,,Кровь венозная с ЭДТА,(%),0.90,5.10,Дети (10 - 11 месяцев),,,,,,,
,,Кровь венозная с ЭДТА,(%),0.80,5.20,Дети (11 – 12 месяцев),,,,,,,
,,Кровь венозная с ЭДТА,(%),1.0,7.0,Дети (1 – 3 года),,,,,,,
,,Кровь венозная с ЭДТА,(%),2.0,6.0,Дети (3 – 4 года),,,,,,,
,,Кровь венозная с ЭДТА,(%),2.0,6.0,Дети (4 – 6 лет),,,,,,,
,,Кровь венозная с ЭДТА,(%),1.0,5.0,Дети (6 - 8 лет),,,,,,,
,,Кровь венозная с ЭДТА,(%),1.50,4.50,Дети (8 – 9 лет),,,,,,,
,,Кровь венозная с ЭДТА,(%),1.0,5.0,Дети (9-10 лет),,,,,,,
,,Кровь венозная с ЭДТА,(%),1.50,4.50,Дети (10 – 11 лет),,,,,,,
,,Кровь венозная с ЭДТА,(%),1.0,5.0,Дети (11 – 15 лет),,,,,,,
,,Кровь венозная с ЭДТА,(%),0.20,5.80,Мужчины (17 – 31 год),,,,,,,
,,Кровь венозная с ЭДТА,(%),0.20,5.40,Женщины (17 – 31 год),,,,,,,
,,Кровь венозная с ЭДТА,(%),0.35,5.25,Мужчины (31 – 41 год),,,,,,,
,,Кровь венозная с ЭДТА,(%),0.20,5.0,Женщины (31 – 41 год),,,,,,,
,,Кровь венозная с ЭДТА,(%),0.40,5.80,Мужчины (41 – 51 год),,,,,,,
,,Кровь венозная с ЭДТА,(%),0.30,4.70,Женщины (41 – 51 год),,,,,,,
,,Кровь венозная с ЭДТА,(%),0.10,5.30,Мужчины (51 – 61 год),,,,,,,
,,Кровь венозная с ЭДТА,(%),0.30,5.40,Женщины (51 – 61 год),,,,,,,
,,Кровь венозная с ЭДТА,(%),0.20,5.20,Мужчины (61 – 150 лет),,,,,,,
,,Кровь венозная с ЭДТА,(%),0.10,5.10,Женщины (61 – 150 лет),,,,,,,
,Базофилы (Ba) абсолютное количество (#),Кровь венозная с ЭДТА,(х10^3/мл),0.1,0.8,,,,,,,"Базофилы (абс), Общий анализ крови; Ba#, Общий анализ крови; Абсолютные базофилы, Общий анализ крови; Absolute basophils, Общий анализ крови; Basophil count, Общий анализ крови","Basophils (abs), General blood analysis; Absolute basophils, General blood analysis; Ba#, General blood analysis; Basophil count, General blood analysis; Total basophils, General blood analysis"
,Базофилы (Ba) относительное количество (%),Кровь венозная с ЭДТА,(%),0.20,1.20,Мужчины,,,,,,"Базофилы (%), Общий анализ крови; Ba%, Общий анализ крови; Относительные базофилы, Общий анализ крови; Relative basophils, Общий анализ крови; Basophil percentage, Общий анализ крови","Basophils (%), General blood analysis; Relative basophils, General blood analysis; Ba%, General blood analysis; Basophil proportion, General blood analysis; Percent basophils, General blood analysis"
,,Кровь венозная с ЭДТА,(%),0.10,1.20,Женщины,,,,,,,
,Незрелые гранулоциты абсолютное количество (#),Кровь венозная с ЭДТА,(x10^9/л),0.0,0.59,Дети (0 – 3 дня),,,,,,"Незрелые гранулоциты (абс), Общий анализ крови; IG#, Общий анализ крови; Абсолютные незрелые гранулоциты, Общий анализ крови; Immature granulocytes count, Общий анализ крови; Absolute immature neutrophils, Общий анализ крови","Immature granulocytes (abs), General blood analysis; IG#, General blood analysis; Absolute immature granulocytes, General blood analysis; Count of immature PMNs, General blood analysis; Total immature granulocytes, General blood analysis"
,,Кровь венозная с ЭДТА,(x10^9/л),0.0,0.45,Дети (3 – 7 дней),,,,,,,
,,Кровь венозная с ЭДТА,(x10^9/л),0.0,0.27,Дети (7 – 14 дней),,,,,,,
,,Кровь венозная с ЭДТА,(x10^9/л),0.0,0.22,Дети (14 – 30 дней),,,,,,,
,,Кровь венозная с ЭДТА,(x10^9/л),0.0,0.9,Дети (30 – 90 дней),,,,,,,
,,Кровь венозная с ЭДТА,(x10^9/л),0.0,0.6,Дети (90 – 180),,,,,,,
,,Кровь венозная с ЭДТА,(x10^9/л),0.0,0.14,Дети (180 дней – 2 года),,,,,,,
,,Кровь венозная с ЭДТА,(x10^9/л),0.0,0.6,Дети (2 – 6 лет),,,,,,,
,,Кровь венозная с ЭДТА,(x10^9/л),0.0,0.4,Дети (6 – 12 лет),,,,,,,
,,Кровь венозная с ЭДТА,(x10^9/л),0.0,0.3,Дети (12 – 18 лет),,,,,,,
,,Кровь венозная с ЭДТА,(x10^9/л),0.0,0.9,Взрослые (18 – 150),,,,,,,
,Незрелые гранулоциты относительное количество (%),Кровь венозная с ЭДТА,(%),0.0,1.70,Дети (0 – 2 дня),,,,,,"Незрелые гранулоциты (%), Общий анализ крови; IG%, Общий анализ крови; Относительные незрелые гранулоциты, Общий анализ крови; Relative immature granulocytes, Общий анализ крови; Proportion of immature PMNs, Общий анализ крови","Immature granulocytes (%), General blood analysis; IG%, General blood analysis; Relative immature granulocytes, General blood analysis; Percent immature PMNs, General blood analysis; Fraction of immature granulocytes, General blood analysis"
,,Кровь венозная с ЭДТА,(%),0.0,1.90,Дети (2 – 14 дней),,,,,,,
,,Кровь венозная с ЭДТА,(%),0.0,1.30,Дети (14 – 30 дней),,,,,,,
,,Кровь венозная с ЭДТА,(%),0.0,0.90,Дети (30 – 90 дней),,,,,,,
,,Кровь венозная с ЭДТА,(%),0.0,0.50,Дети (90 – 180 дней),,,,,,,
,,Кровь венозная с ЭДТА,(%),0.0,0.90,Дети (180 дней – 2 года),,,,,,,
,,Кровь венозная с ЭДТА,(%),0.0,0.80,Дети (2 – 6 лет),,,,,,,
,,Кровь венозная с ЭДТА,(%),0.0,0.30,Дети (6 – 18 лет),,,,,,,
,,Кровь венозная с ЭДТА,(%),0.0,0.60,Взрослые (18 – 150 лет),,,,,,,
,Нормобласты,Кровь венозная с ЭДТА,относительное количество (%) – не обнаружено,(%).0,0.0,,,,,,,"Нормобласты, Общий анализ крови; Эритробласты, Общий анализ крови; Ядерные предшественники эритроцитов, Общий анализ крови; Nucleated red cells, Общий анализ крови; NRBC, Общий анализ крови","Normoblasts, General blood analysis; Erythroblasts, General blood analysis; Nucleated RBC precursors, General blood analysis; NRBC, General blood analysis; Red cell precursors, General blood analysis"
,Ретикулоциты относительное количество (%),Кровь венозная с ЭДТА,(%),0.90,2.22,Мужчины,,,,,,"Ретикулоциты (%), Общий анализ крови; RET%, Общий анализ крови; Относительные ретикулоциты, Общий анализ крови; Relative reticulocytes, Общий анализ крови; Reticulocyte percentage, Общий анализ крови","Reticulocytes (%), General blood analysis; RET%, General blood analysis; Relative reticulocytes, General blood analysis; Percent reticulocytes, General blood analysis; Reticulocyte proportion, General blood analysis"
,,Кровь венозная с ЭДТА,(%),0.76,2.21,Женщины,,,,,,,
,Ретикулоциты абсолютное количество (#),Кровь венозная с ЭДТА,(x10^9/л),46.40,121.20,Мужчины,,,,,,"Ретикулоциты (абс), Общий анализ крови; RET#, Общий анализ крови; Абсолютные ретикулоциты, Общий анализ крови; Absolute reticulocytes, Общий анализ крови; Total reticulocytes, Общий анализ крови","Reticulocytes (abs), General blood analysis; RET#, General blood analysis; Absolute reticulocytes, General blood analysis; Reticulocyte count, General blood analysis; Total reticulocytes, General blood analysis"
,,Кровь венозная с ЭДТА,(x10^9/л),33.10,101.50,Женщины,,,,,,,
,Ретикулоциты низкой флюоресценции (LFR),Кровь венозная с ЭДТА,(%),87.20,97.90,Мужчины,,,,,,"LFR, Общий анализ крови; Ретикулоциты с низкой флюоресценцией, Общий анализ крови; Low fluorescence reticulocytes, Общий анализ крови; Малоактивные ретикулоциты, Общий анализ крови; Незрелые ретикулоциты (низкие), Общий анализ крови","LFR, General blood analysis; Low fluorescence reticulocytes, General blood analysis; Low RNA reticulocytes, General blood analysis; Less mature reticulocytes, General blood analysis; Early reticulocytes, General blood analysis"
,,Кровь венозная с ЭДТА,(%),87.0,98.60,Женщины,,,,,,,
,Фракция незрелых ретикулоцитов (IRF),Кровь венозная с ЭДТА,(%),3.30,13.20,Мужчины,,,,,,"IRF, Общий анализ крови; Индекс незрелых ретикулоцитов, Общий анализ крови; Immature reticulocyte fraction, Общий анализ крови; Доля молодых ретикулоцитов, Общий анализ крови; Сумма MFR + HFR, Общий анализ крови","IRF, General blood analysis; Immature reticulocyte fraction, General blood analysis; Fraction of immature reticulocytes, General blood analysis; Sum of MFR+HFR, General blood analysis; Reticulocyte maturity index, General blood analysis"
,,Кровь венозная с ЭДТА,(%),3.10,13.50,Женщины,,,,,,,
,Ретикулоциты средней флюоресценции (MFR),Кровь венозная с ЭДТА,(%),3.20,11.30,Мужчины,,,,,,"MFR, Общий анализ крови; Ретикулоциты со средней флюоресценцией, Общий анализ крови; Medium fluorescence reticulocytes, Общий анализ крови; Умеренно зрелые ретикулоциты, Общий анализ крови; Промежуточные ретикулоциты, Общий анализ крови","MFR, General blood analysis; Medium fluorescence reticulocytes, General blood analysis; Moderately mature reticulocytes, General blood analysis; Intermediate reticulocytes, General blood analysis; Mid-stage reticulocytes, General blood analysis"
,,Кровь венозная с ЭДТА,(%),2.80,12.40,Женщины,,,,,,,
,Ретикулоциты сильной флюоресценции (HFR),Кровь венозная с ЭДТА,(%),0.20,1.40,Мужчины,,,,,,"HFR, Общий анализ крови; Ретикулоциты с высокой флюоресценцией, Общий анализ крови; High fluorescence reticulocytes, Общий анализ крови; Зрелые ретикулоциты, Общий анализ крови; Высокоактивные ретикулоциты, Общий анализ крови","HFR, General blood analysis; High fluorescence reticulocytes, General blood analysis; Highly immature reticulocytes, General blood analysis; High RNA reticulocytes, General blood analysis; Late immature reticulocytes, General blood analysis"
,,Кровь венозная с ЭДТА,(%),0.10,1.50,Женщины,,,,,,,
,Содержание гемоглобина в ретикулоците,Кровь венозная с ЭДТА,(пг),31.20,36.20,Мужчины,,,,,,"Гемоглобин в ретикулоците, Общий анализ крови; CHr, Общий анализ крови; Среднее содержание Hb в ретикулоците, Общий анализ крови; Mean hemoglobin content in reticulocytes, Общий анализ крови; Retic-Hb, Общий анализ крови","Hemoglobin content in reticulocyte, General blood analysis; CHr, General blood analysis; Mean Hb per reticulocyte, General blood analysis; Reticulocyte Hb content, General blood analysis; Retic-Hb, General blood analysis"
,,Кровь венозная с ЭДТА,(пг),30.20,35.60,Женщины,,,,,,,
,Дельта-гемоглобин – не определено,Кровь венозная с ЭДТА,(%),0.0,0.0,,,,,,,"Дельта-гемоглобин, Общий анализ крови; Гемоглобин A2, Общий анализ крови; Не определено, Общий анализ крови; Delta-Hb – не измеряется, Общий анализ крови; HbA2 – не определён, Общий анализ крови","Delta-hemoglobin, General blood analysis; Hemoglobin A2, General blood analysis; Not measured, General blood analysis; Delta-Hb not assessed, General blood analysis; HbA2 not determined, General blood analysis"
СОЭ,СОЭ,Кровь венозная с ЭДТА,мм/ч,0,10,0-10 лет,,,Метод Вестергрена,общеклинические исследования крови,,"СОЭ, Общий анализ крови; ESR, Общий анализ крови; Реакция оседания эритроцитов, Общий анализ крови; Скорость оседания эритроцитов, Общий анализ крови; Sedimentation rate, Общий анализ крови","ESR, General blood analysis; Sedimentation rate, General blood analysis; Erythrocyte sedimentation rate, General blood analysis; Blood sedimentation rate, General blood analysis; Westergren ESR, General blood analysis"
,,,мм/ч,0,15,11-50 лет муж.,,,,,,,
,,,мм/ч,0,20,11-50 лет жен.,,,,,,,
,,,мм/ч,0,20,51-90 лет муж.,,,,,,,
,,,мм/ч,0,30,51-90 лет жен.,,,,,,,
ТТГ (тиреотропный гормон),ТТГ (тиреотропный гормон),Сыв-ка крови,мМЕ/мл,0.98,5.63,5 дней - 12 месяцев,,,ИХЛА,Гормональные исследования,Щитовидная железа                ,"Тиреотропин,
Тиротропин,
TSH,
Гормон гипофиза (тиреотропный),
Тиреостимулирующий гормон,
ТТГ сывороточный","TSH,
Thyrotropin,
Thyroid-stimulating hormone,
Pituitary thyrotropin,
Serum TSH,
Thyrotropic hormone"
,,,,0.64,5.76,1-6 лет,,,,,,,
,,,,0.51,4.82,7-11 лет,,,,,,,
,,,,0.53,5.27,12-14 лет,,,,,,,
,,,,0.40,4.00,15-90 лет,,,,,,,
Т4 свободный,Т4 свободный,Сыв-ка крови,пмоль/л,11.4,19.5,5 дней - 12 месяцев,,,ИХЛА,,,"Свободный тироксин,
fT4,
Несвязанный Т4,
Тироксин свободная фракция,
Free T4,
Активная форма тироксина","Free Thyroxine,
fT4,
Free T4,
Unbound thyroxine,
Active thyroxine fraction,
Thyroxine free form"
,,,,11.5,20.4,1-6 лет,,,,,,,
,,,,11.2,18.6,7-11 лет,,,,,,,
,,,,10.0,17.7,12-14 лет,,,,,,,
,,,,9.0,19.1,15-90 лет,,,,,,,
Т3 свободный,Т3 свободный,Сыв-ка крови,пмоль/л,4.3,7.8,5 дней - 12 месяцев,,,ИХЛА,,,"Свободный трийодтиронин,
fT3,
Несвязанный Т3,
Трийодтиронин свободная фракция,
Free T3,
Активная форма трийодтиронина","Free Triiodothyronine,
fT3,
Free T3,
Unbound triiodothyronine,
Active triiodothyronine fraction,
Triiodothyronine free form"
,,,,3.8,7.2,1-6 лет,,,,,,,
,,,,4.1,7.1,7-11 лет,,,,,,,
,,,,3.1,6.6,12-14 лет,,,,,,,
,,,,2.63,5.7,15-90 лет,,,,,,,
Антитела к тиреоглобулину (анти-ТГ),Антитела к тиреоглобулину (анти-ТГ),Сыв-ка крови,МЕ/мл,0,4.1,,,,ИХЛА,,,"АТ-ТГ,
Анти-ТГ,
Антитела к ТГ,
Аутоантитела к тиреоглобулину,
Анти-Tg","Anti-Tg,
Anti-thyroglobulin antibodies,
TgAb,
Thyroglobulin autoantibodies,
Anti-TG antibodies"
Антитела к тиреопероксидазе (анти-ТПО),Антитела к тиреопероксидазе (анти-ТПО),Сыв-ка крови,МЕ/мл,0,5.6,,,,ИХЛА,,,"АТ-ТПО,
Анти-ТПО,
Антитела к ТПО,
Антитела к микросомальной фракции,
Анти-микросомальные антитела","Anti-TPO,
Anti-thyroid peroxidase antibodies,
TPOAb,
Anti-microsomal antibodies,
Thyroid microsomal antibodies"
Антитела к рецепторам ТТГ,Антитела к рецепторам ТТГ,Сыв-ка крови,МЕ/л,0,1.0,,,,ИХЛА,,,"АТ-рТТГ,
Анти-рТТГ,
Антитела к TSH-рецептору,
TSH-рецепторные антитела,
ТРАБ","TRAb,
TSH receptor antibodies,
Anti-TSHR,
Thyrotropin receptor antibodies,
TSH-R autoantibodies"
Тиреоглобулин,Тиреоглобулин,Сыв-ка крови,нг/мл,1.6,59,,,,,,,"ТГ,
Тиреоглобулин сывороточный,
Белок-предшественник тиреоидных гормонов,
Маркер ткани щитовидной железы","Thyroglobulin,
Tg,
Serum thyroglobulin,
Thyroid hormone precursor protein,
Thyroid tissue marker"
Т4 общий,Т4 общий,Сыв-ка крови,нмоль/л,101,213,5 дней - 12 месяцев,,,ИХЛА,,,"Тироксин общий,
Тетрайодтиронин,
Тиреоидный гормон Т4,
TT4,
Общий тироксин сыворотки,
Гормон щитовидной железы (основной)","Total Thyroxine,
T4 total,
Tetraiodothyronine,
TT4,
Serum total thyroxine,
Main thyroid hormone"
,,,,94,194,1-6 лет,,,,,,,
,,,,83,172,7-11 лет,,,,,,,
,,,,72,151,12-14 лет,,,,,,,
,,,,62.68,150.83,15-90 лет,,,,,,,
Т3 общий,Т3 общий,Сыв-ка крови,пмоль/л,4.3,7.8,5 дней - 12 месяцев,,,ИХЛА,,,"Трийодтиронин общий,
Тиреоидный гормон Т3,
TT3,
Общий трийодтиронин сыворотки,
Активный тиреоидный гормон","Total Triiodothyronine,
T3 total,
Triiodothyronine,
TT3,
Serum total triiodothyronine,
Active thyroid hormone"
,,,,3.8,7.2,1-6 лет,,,,,,,
,,,,4.1,7.1,7-11 лет,,,,,,,
,,,,3.1,6.6,12-14 лет,,,,,,,
,,,,2.63,5.7,15-90 лет,,,,,,,
Пролактин,Пролактин,Сыв-ка крови,мМЕ/л,264,4468,4 -30 дней,,,ИХЛА,Гормональные исследования,Половые гормоны и белки                ,"Лактотропный гормон,
ЛТГ,
Мамотропин,
Гормон лактации,
ПРЛ,
Пролактин сывороточный,
Гипофизарный лактогенный гормон,
Маркер гиперпролактинемии","Prolactin,
PRL,
Lactotropin,
Mammotropin,
Lactation hormone,
Serum prolactin,
Pituitary lactogenic hormone,
Hyperprolactinemia marker"
,,,,132,2388,1-12 месяцев,,,,,,,
,,,,88,483.86,1-19 лет,,,,,,,
,,,,73,407,20-130 лет муж.,,,,,,,
,,,,109,557.1,20-130 лет жен.,,,,,,,
Лютеинизирующий гормон (ЛГ),Лютеинизирующий гормон (ЛГ),Сыв-ка крови,МЕ/л,0,3.81,4 дня - 3 месяца муж.,,,ИХЛА,,,"ЛГ,
Лютропин,
Гонадотропин-бета,
Гипофизарный гонадотропин II,
Лютеинизирующий гормон сывороточный,
Индуктор овуляции,
Стимулятор синтеза тестостерона,
Маркер гонадотропной функции","Luteinizing hormone (LH),
LH,
Lutropin,
Gonadotropin-beta,
Pituitary gonadotropin II,
Serum luteinizing hormone,
Ovulation inducer,
Testosterone synthesis stimulator,
Gonadotropic function marker"
,,,МЕ/л,1,2.41,4 дня - 3 месяца жен.,,,,,,,
,,,МЕ/л,2,2.89,4 - 12 месяцев муж.,,,,,,,
,,,МЕ/л,3,1.19,4 - 12 месяцев жен.,,,,,,,
,,,МЕ/л,4,0.33,1 - 10 лет муж.,,,,,,,
,,,МЕ/л,5,0.33,1 - 10 лет жен.,,,,,,,
,,,МЕ/л,6,4.34,11-13 лет муж.,,,,,,,
,,,МЕ/л,7,4.34,11-13 лет жен.,,,,,,,
,,,МЕ/л,8,4.11,14 - 15 лет муж.,,,,,,,
,,,МЕ/л,9,6.52,14 - 15 лет жен.,,,,,,,
,,,МЕ/л,10,4.76,16 - 17 лет муж.,,,,,,,
,,,МЕ/л,11,13.08,16 - 17 лет жен.,,,,,,,
,,,МЕ/л,0.57,12.07,18 - 90 лет муж.,,,,,,,
,,,МЕ/л,1.8,11.78,18 - 90 лет жен. фолл.фаза,,,,,,,
,,,МЕ/л,7.59,89.08,19 - 90 лет жен. овул.фаза,,,,,,,
,,,МЕ/л,0.56,14.0,20 - 90 лет жен. лют.фаза,,,,,,,
,,,МЕ/л,5.16,61.99,21 - 90 лет жен. менопауза,,,,,,,
Фолликулостимулирующий гормон (ФСГ),Фолликулостимулирующий гормон (ФСГ),Сыв-ка крови,МЕ/л,0.09,2.41,1-12 месяцев муж.,,,ИХЛА,,,"ФСГ,
Фоллитропин,
Гонадотропин-альфа,
Гипофизарный гонадотропин,
Фолликулостимулирующий гормон сывороточный,
Маркер функции гонад,
Регулятор сперматогенеза/фолликулогенеза","Follicle-stimulating hormone (FSH),
FSH,
Follitropin,
Gonadotropin-alpha,
Pituitary gonadotropin,
Serum follicle-stimulating hormone,
Gonadal function marker,
Spermatogenesis/folliculogenesis regulator"
,,,МЕ/л,0,0.91,1-5 лет муж.,,,,,,,
,,,МЕ/л,0,1.62,6-10 лет муж.,,,,,,,
,,,МЕ/л,0,3.91,11-13 лет муж.,,,,,,,
,,,МЕ/л,0.78,5.1,14-19 лет муж.,,,,,,,
,,,МЕ/л,0.95,11.95,20-90 лет муж.,,,,,,,
,,,МЕ/л,0.38,10.35,1 -12 месяцев жен.,,,,,,,
,,,МЕ/л,0.42,5.45,1-9 лет жен.,,,,,,,
,,,МЕ/л,0.44,4.22,10-11 лет жен.,,,,,,,
,,,МЕ/л,0.26,7.77,12-19 лет жен.,,,,,,,
,,,МЕ/л,3.03,8.08,20- 90 лет жен. фолл.фаза,,,,,,,
,,,МЕ/л,2.55,16.69,20- 90 лет жен. овул.фаза,,,,,,,
,,,МЕ/л,1.38,5.47,20- 90 лет жен. лют.фаза,,,,,,,
,,,МЕ/л,26.72,133.41,20- 90 лет жен. менопауза,,,,,,,
Эстрадиол (Е2),Эстрадиол (Е2),Сыв-ка крови,пмоль/л,0,92,15 дней - 12 месяцев муж.,,,ИХЛА,,,"Е2,
17-β-эстрадиол,
Дигидротеелин,
Эстра-1,3,5(10)-триен-3,17β-диол,
Основной эстроген,
Эстрадиол сывороточный,
Женский половой гормон,
Маркер фолликулярного резерва","Estradiol (E2),
17-beta-estradiol,
Dihydrotheelin,
Estra-1,3,5(10)-triene-3,17β-diol,
Primary estrogen,
Serum estradiol,
Female sex hormone,
Follicular reserve marker"
,,,пмоль/л,0,46,1-11 лет муж.,,,,,,,
,,,пмоль/л,0,95,12-13 лет муж.,,,,,,,
,,,пмоль/л,0,102,14-15 лет муж.,,,,,,,
,,,пмоль/л,0,141,16-19 лет муж.,,,,,,,
,,,пмоль/л,40,162,20-130 лет муж.,,,,,,,
,,,пмоль/л,0,92,15 дней - 12 месяцев жен.,,,,,,,
,,,пмоль/л,0,37,1-11 лет жен.,,,,,,,
,,,пмоль/л,0,176,12 лет жен.,,,,,,,
,,,пмоль/л,39,639,13-14 лет жен.,,,,,,,
,,,пмоль/л,77,921,15-19 лет жен. фолл.фаза,,,,,,,
,,,пмоль/л,140,939,15-19 лет жен. овул.фаза,,,,,,,
,,,пмоль/л,77,939,15-19 лет жен. лют.фаза,,,,,,,
,,,пмоль/л,77,921,20-130 лет жен. фолл.фаза,,,,,,,
,,,пмоль/л,140,2371,20-130 лет жен. овул.фаза,,,,,,,
,,,пмоль/л,77,1145,20-130 лет жен. лют.фаза,,,,,,,
,,,пмоль/л,0,529,20-130 лет жен. менопауза (на ГЗТ),,,,,,,
,,,пмоль/л,0,103,20-130 лет жен. менопауза (без ГЗТ),,,,,,,
Прогестерон,Прогестерон,Сыв-ка крови,нмоль/л,0,2.1,0-12 месяцев муж.,,,ИХЛА,,,"П4,
Прогестин,
Гормон жёлтого тела,
Лютеиновый гормон,
Гестаген,
Прогестерон сывороточный,
Гормон беременности","Progesterone,
P4,
Corpus luteum hormone,
Luteal hormone,
Gestagen,
Serum progesterone,
Pregnancy hormone"
,,,нмоль/л,0,1.1,1-10 лет муж.,,,,,,,
,,,нмоль/л,0.4,2.7,11 -15 лет муж.,,,,,,,
,,,нмоль/л,0.5,1.8,16-19 лет муж.,,,,,,,
,,,нмоль/л,0.32,0.65,20 - 90 лет муж.,,,,,,,
,,,нмоль/л,0,4.2,0-12 месяцев жен.,,,,,,,
,,,нмоль/л,0,1.1,1-10 лет жен.,,,,,,,
,,,нмоль/л,0.4,2.7,11 -15 лет жен.,,,,,,,
,,,нмоль/л,0.64,32.62,16-19 лет жен. при отсутвии цикла,,,,,,,
,,,нмоль/л,0.32,0.95,16-19 лет жен. фолл.фаза,,,,,,,
,,,нмоль/л,3.8,50.6,16-19 лет жен. лют. фаза,,,,,,,
,,,нмоль/л,0.32,2.23,20 - 90 лет жен. фолл.фаза,,,,,,,
,,,нмоль/л,0.92,4.13,20 - 90 лет жен. овул.фаза,,,,,,,
,,,нмоль/л,1.91,56.64,20 - 90 лет жен. лют.фаза,,,,,,,
,,,нмоль/л,0.32,0.64,20 - 90 лет жен. менопуза,,,,,,,
,,,нмоль/л,9.0,468.0,беременность 1-14 недель,,,,,,,
,,,нмоль/л,71.5,303.0,беременность 15-26 недель,,,,,,,
,,,нмоль/л,89.0,772.0,беременность 27-42 недель,,,,,,,
17-ОН-прогестерон,17-ОН-прогестерон,Сыв-ка крови,нмоль/л,0.2,2.3,Новорожденные,,,ИФА,,,"17-ОП,
17-гидроксипрогестерон,
17-OH-прогестерон,
17-OHP,
17α-гидроксипрогестерон,
Прогестерон-17-ОН,
Стероидный промежуточный метаболит","17-OH-progesterone,
17-hydroxyprogesterone,
17-OHP,
17α-hydroxyprogesterone,
Progesterone-17-OH,
Steroid intermediate metabolite"
,,,нмоль/л,0.64,2.54,1-10 лет,,,,,,,
,,,нмоль/л,0.2,8.1,11-17 лет муж.,,,,,,,
,,,нмоль/л,1.4,11.4,11-17 лет жен.,,,,,,,
,,,нмоль/л,0.64,9.86,18-90 лет муж.,,,,,,,
,,,нмоль/л,1.28,4.83,18-90 лет жен. фолл.фаза,,,,,,,
,,,нмоль/л,3.18,14.34,18-90 лет жен. лют.фаза,,,,,,,
,,,нмоль/л,0.64,2.86,18-90 лет жен. менопауза,,,,,,,
,,,нмоль/л,4.0,10.0,Беременность 1-7 неделя,,,,,,,
,,,нмоль/л,3.0,9.0,Беременность 8-15 неделя,,,,,,,
,,,нмоль/л,5.0,14.0,Беременность 16-25 неделя,,,,,,,
,,,нмоль/л,6.0,31.0,Беременность 16-34 неделя,,,,,,,
,,,нмоль/л,8.0,36.0,Беременность 35-40 неделя,,,,,,,
Ингибин В,Ингибин В,Сыв-ка крови,пг/мл,4,352,"0-18 лет, муж.",,,Иммуноферментный анализ (ИФА).,,,"Ингибин Б,
Ингибин-Б,
Гормон ингибин В,
ИнгБ,
Inhibin B,
Сывороточный ингибин В,
Фолликулярный ингибин,
Маркер функции Сертоли (у мужчин),
Маркер овариального резерва (у женщин)","Inhibin B,
Inh-B,
Serum inhibin B,
Follicular inhibin,
Sertoli cell marker (in males),
Ovarian reserve marker (in females),
Inhibin beta B subunit,
INHBB"
,,,пг/мл,25,325,"18-90 лет, муж.",,,,,,,
,,,пг/мл,0,83,"0-18 лет, жен.",,,,,,,
,,,пг/мл,0,341,"18-90 лет, жен.",,,,,,,
,,,пг/мл,0,273,"18-90 лет, жен. (менструальная фаза)",,,,,,,
,,,пг/мл,0,5.79,"18-90 лет, жен. (постменопауза)",,,,,,,
Антимюллеров гормон (AMH/MIS),Антимюллеров гормон (AMH/MIS),Сыв-ка крови,нг/мл,0.96,13.34,"18-26 лет, жен.",,,Иммунохемилюминесцентный анализ.,,,"АМГ,
Анти-Мюллеров гормон,
Антимюллеровский гормон,
Гормон ингибирующий Мюллеров проток,
MIS (Müllerian-inhibiting substance),
Сывороточный AMH,
Маркер овариального резерва,
Маркер функции яичек (у мужчин)","AMH,
Anti-Müllerian hormone,
Müllerian-inhibiting hormone (MIH),
Müllerian-inhibiting substance (MIS),
Serum AMH,
Ovarian reserve marker,
Testicular function marker (in males),
MIS/AMH protein"
,,,нг/мл,0.17,7.37,"26-31 год, жен.",,,,,,,
,,,нг/мл,0.07,7.35,"31-36 лет, жен.",,,,,,,
,,,нг/мл,0.03,7.15,"36-41 год, жен.",,,,,,,
,,,нг/мл,0,3.27,"41-46 лет, жен.",,,,,,,
,,,нг/мл,0,1.15,"46-90 лет, жен.",,,,,,,
,,,нг/мл,0.73,16.05,"18-90 лет, муж.",,,,,,,
"Тестостерон, общий","Тестостерон, общий",Сыв-ка крови,нмоль/л,0.36,15.08,0-12 месяцев муж.,,,ИХЛА,,,"Общий тестостерон,
Тестостерон (тотальный),
Т-гормон,
Андроген стероидный,
17-бета-гидроксиандрост-4-ен-3-он,
Тестостерон сывороточный,
Маркер андрогенного статуса,
ГСПГ-связанный + свободный тестостерон","Testosterone total,
Total testosterone,
T-hormone,
Steroid androgen,
17-beta-hydroxyandrost-4-en-3-one,
Serum testosterone,
Androgenic status marker,
SHBG-bound + free testosterone"
,,,нмоль/л,0.42,2.77,0-12 месяцев жен.,,,,,,,
,,,нмоль/л,0.28,1.48,1-5 лет муж.,,,,,,,
,,,нмоль/л,0.28,1.25,1-5 лет жен.,,,,,,,
,,,нмоль/л,0.47,1.96,6-10 лет муж.,,,,,,,
,,,нмоль/л,0.43,2.9,6-10 лет жен.,,,,,,,
,,,нмоль/л,0.65,19.29,11-14 лет муж.,,,,,,,
,,,нмоль/л,0.9,4.06,11-14 лет жен.,,,,,,,
,,,нмоль/л,4.70,41.68,15-20 лет муж.,,,,,,,
,,,нмоль/л,1.35,4.76,15-20 лет жен.,,,,,,,
,,,нмоль/л,6.03,29.25,21-90 лет муж.,,,,,,,
,,,нмоль/л,0.5,4.06,21-90 лет жен.,,,,,,,
,,,нмоль/л,0.55,3.47,Менопауза,,,,,,,
"Тестостерон, свободный","Тестостерон, свободный",Сыв-ка крови,пг/мл,3.84,34.17,муж.,,,ИФА,,,"Свободный тестостерон,
Несвязанный тестостерон,
Тестостерон свободная фракция,
fT,
Free Testosterone,
Активная фракция тестостерона,
Тестостерон не связанный с ГСПГ","Free testosterone,
Unbound testosterone,
Testosterone free fraction,
fT,
Bioavailable testosterone fraction,
Non-SHBG-bound testosterone"
,,,пг/мл,0.01,7.01,жен.,,,,,,,
"Глобулин, связывающий половые гормоны (SHBG)","Глобулин, связывающий половые гормоны (SHBG)",Сыв-ка крови,нмоль/л,17.1,77.6,муж.,,,ИХЛА,,,"ТЭСГ, ГСПГ, Глобулин, связывающий тестостерон и эстрадиол.","SHBG, Sex Hormone-Binding Globulin, Testosterone-Estradiol-Binding Globulin (TeBG)."
,,,нмоль/л,34.3,147.7,пременопауза,,,,,,,
,,,нмоль/л,26.4,118.0,менопауза,,,,,,,
Индекс свободных андрогенов,Индекс свободных андрогенов,Сыв-ка крови,%,24.3,110.2,муж.,,,расчетный показатель,,,"ИСА, Расчетный свободный тестостерон.","FAI, Free Androgen Index, Testosterone/ SHBG Ratio."
,,,%,0.35,10.93,20-47 лет жен.,,,,,,,
,,,%,0.23,6.8,48 - 90 лет жен.,,,,,,,
Дигидротестостерон,Дигидротестостерон,Сыв-ка крови,пг/мл,250.0,999.0,муж.,,,ИФА,,,"5-альфа-дигидротестостерон, Активный метаболит тестостерона.","DHT, Dihydrotestosterone, 5α-Dihydrotestosterone."
,,,пг/мл,24,368,жен. пременопауза,,,,,,,
,,,пг/мл,10,181,жен. постменопауза,,,,,,,
Хорионический гонадотропин человека (ХГЧ),Хорионический гонадотропин человека (ХГЧ),Сыв-ка крови,мМЕ/мл,0,5,муж.,,,ИХЛА,,,"Бета-ХГЧ, Гормон беременности, Хорионический гонадотропин.","hCG, Human Chorionic Gonadotropin, Beta-hCG, Pregnancy Hormone."
,,,мМЕ/мл,0,5,жен. не беременные,,,,,,,
,,,мМЕ/мл,10,50,жен. беременные 1-3 неделя,,,,,,,
,,,мМЕ/мл,40,6000,жен. беременные 4 неделя,,,,,,,
,,,мМЕ/мл,1000,20700,жен. беременные 5 неделя,,,,,,,
,,,мМЕ/мл,2200,74200,жен. беременные 6 неделя,,,,,,,
,,,мМЕ/мл,6000,130000,жен. беременные 7 неделя,,,,,,,
,,,мМЕ/мл,12900,190000,жен. беременные 8 неделя,,,,,,,
,,,мМЕ/мл,18500,205000,жен. беременные 9 неделя,,,,,,,
,,,мМЕ/мл,18000,290000,жен. беременные 10 неделя,,,,,,,
,,,мМЕ/мл,16500,180000,жен. беременные 11 неделя,,,,,,,
,,,мМЕ/мл,14500,125000,жен. беременные 12 неделя,,,,,,,
,,,мМЕ/мл,12500,95000,жен. беременные 13 неделя,,,,,,,
,,,мМЕ/мл,10500,80000,жен. беременные 14 неделя,,,,,,,
,,,мМЕ/мл,9000,70000,жен. беременные 15 неделя,,,,,,,
,,,мМЕ/мл,7000,64000,жен. беременные 16 неделя,,,,,,,
,,,мМЕ/мл,5500,56000,жен. беременные 17 неделя,,,,,,,
,,,мМЕ/мл,4500,50000,жен. беременные 18 неделя,,,,,,,
,,,мМЕ/мл,3300,40000,жен. беременные 19 неделя,,,,,,,
,,,мМЕ/мл,2500,32000,жен. беременные 20 неделя,,,,,,,
,,,мМЕ/мл,1800,25000,жен. беременные 21 - 26 неделя,,,,,,,
,,,мМЕ/мл,1800,59000,жен. беременные 27 - 43 неделя,,,,,,,
свободный бетта-субъединица хорионического гонадотропина человека (Свободный бетта-ХГЧ),свободный бетта-субъединица хорионического гонадотропина человека (Свободный бетта-ХГЧ),Сыв-ка крови,мЕ/мл,0,2,муж.,,,ИХЛА,,,"Свободный бетта-ХГЧ, Свободная бета-субъединица ХГЧ, Свободный β-ХГЧ, Свободная β-субъединица хорионического гонадотропина","Free beta-hCG, Free β-hCG, Free beta-subunit of human chorionic gonadotropin, Unconjugated beta-hCG, F-β-hCG, hCG free beta"
,,,мЕ/мл,0,2,жен. не беременные,,,,,,,
,,,мЕ/мл,23.65,162.5,жен. беременные 8 неделя,,,,,,,
,,,мЕ/мл,23.58,193.13,жен. беременные 9 неделя,,,,,,,
,,,мЕ/мл,25.76,181.65,жен. беременные 10 неделя,,,,,,,
,,,мЕ/мл,17.4,130.38,жен. беременные 11 неделя,,,,,,,
,,,мЕ/мл,13.43,128.5,жен. беременные 12 неделя,,,,,,,
,,,мЕ/мл,14.21,144.7,жен. беременные 13 неделя,,,,,,,
,,,мЕ/мл,8.91,79.44,жен. беременные 14 неделя,,,,,,,
,,,мЕ/мл,5.78,62.07,жен. беременные 15 неделя,,,,,,,
,,,мЕ/мл,4.67,50.05,жен. беременные 16 неделя,,,,,,,
,,,мЕ/мл,3.33,42.81,жен. беременные 17 неделя,,,,,,,
,,,мЕ/мл,3.84,33.33,жен. беременные 18 неделя,,,,,,,
Эстриол свободный (Е3),Эстриол свободный (Е3),Сыв-ка крови,нмоль/л,0.49,2.12,жен. беременные 14 неделя,,,ИХЛА,,,"Свободный эстриол,
Неконъюгированный эстриол,
Е3 свободный,
Эстриол (несвязанная фракция),
uE3 (unconjugated estriol),
Эстриол в сыворотке,
Маркер пренатального скрининга","Free estriol,
Unconjugated estriol,
uE3,
Estriol (free fraction),
Serum estriol,
Prenatal screening marker,
E3 (free)"
,,,нмоль/л,0.91,2.98,жен. беременные 15 неделя,,,,,,,
,,,нмоль/л,1.33,4.01,жен. беременные 16 неделя,,,,,,,
,,,нмоль/л,1.81,5.36,жен. беременные 17 неделя,,,,,,,
,,,нмоль/л,2.43,7.46,жен. беременные 18 неделя,,,,,,,
,,,нмоль/л,3.47,10.46,жен. беременные 19 неделя,,,,,,,
Ассоциированный с беременностью плазменный белок А (РАРР-А),Ассоциированный с беременностью плазменный белок А (РАРР-А),Сыв-ка крови,мМЕ/мл,0.17,1.54,жен. беременные 8 неделя,,,ИХЛА,,,"ПАПП-А,
Плазменный белок А,
ассоциированный с беременностью,
Ассоциированный с беременностью плазменный белок А,
PAPP-A,
Белок PAPP-A,
ПАПП-А в сыворотке,
Маркер пренатального скрининга","PAPP-A,
Pregnancy-associated plasma protein A,
PAPP-A protein,
Serum PAPP-A,
Prenatal screening marker,
PAPP-A marker"
,,,мМЕ/мл,0.32,2.42,жен. беременные 9 неделя,,,,,,,
,,,мМЕ/мл,0.46,3.73,жен. беременные 10 неделя,,,,,,,
,,,мМЕ/мл,0.79,4.76,жен. беременные 11 неделя,,,,,,,
,,,мМЕ/мл,1.03,6.01,жен. беременные 12 неделя,,,,,,,
,,,мМЕ/мл,1.47,8.54,жен. беременные 13 неделя,,,,,,,
Плацентарный лактоген,Плацентарный лактоген,Сыв-ка крови,мн/л,0.05,1.0,жен. беременные 0-19 неделя,,,ИФА,,,"Плацентарный лактоген,
Человеческий плацентарный лактоген,
Хорионический соматомаммотропин,
ПЛ,
hPL,
Плацентарный лактоген в сыворотке","Placental lactogen,
Human placental lactogen,
Chorionic somatomammotropin,
hPL,
PL,
Serum placental lactogen"
,,,мн/л,1.5,3.0,жен. беременные 20-21 неделя,,,,,,,
,,,мн/л,2.5,5.0,жен. беременные 22-25 неделя,,,,,,,
,,,мн/л,4.0,6.5,жен. беременные 26-29 неделя,,,,,,,
,,,мн/л,5.0,8.0,жен. беременные 30-33 неделя,,,,,,,
,,,мн/л,5.5,9.5,жен. беременные 34-37 неделя,,,,,,,
,,,мн/л,5.0,7.0,жен. беременные 38-42 неделя,,,,,,,
Антиспермальные антитела в сыворотке,Антиспермальные антитела в сыворотке,Сыв-ка крови,МЕ/мл,0,54.99,,,,ИФА,,,"Антиспермальные антитела (крови),
АСАТ в сыворотке,
Антитела к сперматозоидам (сыворотка),
Иммунологическое бесплодие (скрининг),
MAR-тест сыворотки","Antisperm antibodies (serum),
ASA (serum),
Sperm antibodies (serum),
Immunological infertility screening,
MAR test (serum)"
Антиспермальные антитела в сперме IgA,Антиспермальные антитела в сперме IgA,Сперма,%,0,50,,,,МАР-тест (смешанная антиголобулинвоая реакция),,,"АСАТ IgA в сперме,
Антиспермальные IgA-антитела (эякулят),
Иммуноглобулины класса A к сперматозоидам,
Аутоантитела IgA к антигенам спермы,
MAR-тест IgA (сперма),
Посткоитальный тест на IgA","Sperm IgA antibodies,
Anti-sperm IgA (semen),
Immunoglobulin A sperm antibodies,
IgA antisperm autoantibodies,
MAR test IgA (semen),
Postcoital test for IgA"
Антиспермальные антитела в сперме IgG,Антиспермальные антитела в сперме IgG,Сперма,%,0,50,,,,МАР-тест (смешанная антиголобулинвоая реакция),,,"АСАТ IgG в сперме,
Антиспермальные IgG-антитела (эякулят),
Иммуноглобулины класса G к сперматозоидам,
Аутоантитела IgG к антигенам спермы,
MAR-тест IgG (сперма),
Посткоитальный тест на IgG","Sperm IgG antibodies,
Anti-sperm IgG (semen),
Immunoglobulin G sperm antibodies,
IgG antisperm autoantibodies,
MAR test IgG (semen),
Postcoital test for IgG"
Кортизол,Кортизол,Сыв-ка крови,нмоль/л,83,580,1-16 лет,,,ИФА,Гормональные исследования,Гормоны надпочечниковой системы		,"Кортизол,
Гидрокортизон,
Кортизол в сыворотке,
Кортизол в крови,
17-гидроксикортикостерон,
Соединение F","Cortisol,
Hydrocortisone,
Compound F,
Serum cortisol,
Plasma cortisol"
,,,нмоль/л,138,635,17-90 лет,,,,,,,
Дегидроэпиандростерон-сульфат (ДГЭА-С),Дегидроэпиандростерон-сульфат (ДГЭА-С),Сыв-ка крови,мкмоль/л,0.2,8.6,1-30 дней муж.,,,ИХЛА,,,"ДГЭА-С,
ДГЭА-S,
Дегидроэпиандростерон сульфат,
Дегидроизоандростерон сульфат,
ДГЭА в сульфатной форме","DHEA-S,
Dehydroepiandrosterone sulfate,
Dehydroisoandrosterone sulfate"
,,,мкмоль/л,0.4,7.1,1-30 дней жен.,,,,,,,
,,,мкмоль/л,0.03,1.1,1 месяц - 6 лет муж.,,,,,,,
,,,мкмоль/л,0.1,1.5,1 месяц - 6 лет жен.,,,,,,,
,,,мкмоль/л,0.07,3.9,7-10 лет муж.,,,,,,,
,,,мкмоль/л,0.07,3.8,7-10 лет жен.,,,,,,,
,,,мкмоль/л,0.4,3.1,11-12 лет муж.,,,,,,,
,,,мкмоль/л,0.7,7.0,11-12 лет жен.,,,,,,,
,,,мкмоль/л,0.5,15.0,13-18 лет муж.,,,,,,,
,,,мкмоль/л,0.5,14.4,13-18 лет жен.,,,,,,,
,,,мкмоль/л,3.4,16.7,19-31 лет муж.,,,,,,,
,,,мкмоль/л,1.2,10.3,19-31 лет жен.,,,,,,,
,,,мкмоль/л,1.6,12.2,32-51 лет муж.,,,,,,,
,,,мкмоль/л,0.8,10.2,32-51 лет жен. ,,,,,,,
,,,мкмоль/л,0.8,7.0,32-51 лет жен.  постменопауза,,,,,,,
,,,мкмоль/л,0.5,11.1,52-61 лет муж.,,,,,,,
,,,мкмоль/л,0.8,7.0,52-61 лет жен.,,,,,,,
,,,мкмоль/л,0.5,11.1,52-61 лет жен. постменопауза,,,,,,,
,,,мкмоль/л,0.3,7.7,62-83 лет муж.,,,,,,,
,,,мкмоль/л,0.8,7.0,62-83 лет жен.,,,,,,,
,,,мкмоль/л,0.5,11.1,62-83 лет жен. постменопауза,,,,,,,
,,,мкмоль/л,3.1,12.5,жен. беременные 1 триместр,,,,,,,
,,,мкмоль/л,1.8,7.0,жен. беременные 2 триместр,,,,,,,
,,,мкмоль/л,0.9,3.5,жен. беременные 3 триместр,,,,,,,
Адренокортикотропный гормон (АКТГ),Адренокортикотропный гормон (АКТГ),Плазма ЭДТА,пмоль/л,1.6,6.9,,,,ЭХЛА,,,"АКТГ,
Кортикотропин,
Адренокортикотропный гормон,
АКТГ в плазме,
АКТГ в сыворотке","ACTH,
Adrenocorticotropic hormone,
Corticotropin,
Serum ACTH,
Plasma ACTH"
Андростендион,Андростендион,Сыв-ка крови,нмоль/л,2.1,10.8,муж.,,,ИХЛА,,,"Андростендион,
Андрост-4-ен-3,17-дион,
Дегидроэпиандростерон метаболит","Androstenedione,
Andro,
Androst-4-ene-3,17-dione"
,,,нмоль/л,1.0,11.5,жен.,,,,,,,
Андростендион глюкуронид,Андростендион глюкуронид,Сыв-ка крови,нг/мл,1.53,14.82,муж.,,,ИФА,,,"Андростендион-глюкуронид,
3α-диол-G,
3α-андростандиол глюкуронид","Androstenedione glucuronide,
3α-diol-G,
3α-androstanediol glucuronide"
,,,нг/мл,0.51,4.03,8-13 лет жен. ,,,,,,,
,,,нг/мл,0.22,4.64,жен. пременопауза,,,,,,,
,,,нг/мл,0.61,3.71,жен. постменопауза,,,,,,,
Альдостерон,Альдостерон,Сыв-ка крови,пг/мл,25.0,315.0,,,,ИФА,,,"Альдостерон,
Альдостерон в сыворотке,
Альдостерон в плазме,
Электрокортин","Aldosterone,
Serum aldosterone,
Plasma aldosterone,
Electrocortin"
Ренин (прямое определение),Ренин (прямое определение),Плазма ЭДТА,мкМЕд/мл,4.2,45.6,,,,РИА,,,"Ренин,
Прямой ренин,
Ренин активный,
Ренин в плазме,
Ангиотензиногеназ","Renin,
Direct renin,
Plasma renin,
Plasma renin activity (PRA),
Angiotensinogenase"
Альдостерон-рениновое соотношение,Альдостерон-рениновое соотношение,"Сыв-ка крови, плазма ЭДТА",пг/мкМЕ,0,17.66 ,От 18 лет:(точка разделения при сравнении первичного альдостеронизма и эндокринных патологий без АГ),,,,,,"Ренин/Альдостерон,
Соотношение ренин/альдостерон,
ARR
АРС
Альдостерон-рениновое соотношение ","Aldosterone/Renin ratio,
ARR,
Aldosterone-to-Renin ratio"
Инсулин,Инсулин,Сыв-ка крови,мкМЕ/мл,2.6,24.9,,,,ЭХЛА,Гормональные исследования,Гормоны и маркёры поджелудочной железы		,"Инсулин,
Инсулин в сыворотке,
Инсулин в плазме,
Гормон поджелудочной железы","Insulin,
Serum insulin,
Plasma insulin,
Pancreatic hormone"
С-пептид,С-пептид,Сыв-ка крови,пмоль/л,366.7,1466.65,,,,ЭХЛА,,,"С-пептид,
Соединительный пептид,
Пептид С,
С-пептид в сыворотке","C-peptide,
Connecting peptide,
Proinsulin C-peptide,
Serum C-peptide"
Антитела к бета-клеткам поджелудочной железы (Ат к островкам Лангерганса),Антитела к бета-клеткам поджелудочной железы (Ат к островкам Лангерганса),Сыв-ка крови,,,не обнаружено,,,,ИФА,,,"Антитела к островкам Лангерганса,
ICA,
Анти-островковые антитела,
Антитела к бета-клеткам","Islet cell antibodies,
ICA,
Anti-islet cell antibodies,
Beta-cell antibodies"
Антитела к глутаматдекарбоксилазе (GAD),Антитела к глутаматдекарбоксилазе (GAD),Сыв-ка крови,,,не обнаружено,,,,ИФА,,,"Анти-GAD,
GAD-антитела,
Антитела к GAD65,
Антитела к глутаматдекарбоксилазе","GAD antibodies,
Anti-GAD,
GAD65 antibodies,
Glutamate decarboxylase antibodies"
Антитела к инсулину,Антитела к инсулину,Сыв-ка крови,Ед/мл,0,10.0,,,,ИФА,,,"Антитела к инсулину,
IAA,
Аутоантитела к инсулину,
Инсулин-связывающие антитела","Insulin antibodies,
IAA,
Anti-insulin antibodies,
Insulin autoantibodies"
Проинсулин,Проинсулин,Сыв-ка крови,пмоль/л,0.5,3.5,11-18 лет,,,ИФА,,,"Проинсулин,
Предшественник инсулина,
Проинсулин в сыворотке","Proinsulin,
Insulin precursor,
Serum proinsulin"
,,,пмоль/л,0.7,4.3,19 - 90 лет,,,,,,,
Гастрин-17 базальный,Гастрин-17 базальный,Сыв-ка крови,пмоль/л,1.0,7.0,,,,ИФА,Гормональные исследования,Гормоны и маркёры желудка		,"Гастрин-17 базальный,
G-17 базальный,
Гастрин-17 в сыворотке","Gastrin-17 basal,
G-17 basal,
Serum gastrin-17"
Гастрин-17 стимулированный,Гастрин-17 стимулированный,Сыв-ка крови после нагрузки,пмоль/л,3.0,30.0,,,,ИФА,Гормональные исследования,Гормоны и маркёры желудка		,"Гастрин-17 стимулированный,
G-17 стимулированный,
Гастрин-17 после стимуляции","Gastrin-17 stimulated,
G-17 stimulated,
Post-stimulation gastrin-17"
Пепсиноген-I,Пепсиноген-I,Сыв-ка крови,мкг/л,30.0,160.0,,,,ИФА,Гормональные исследования,Гормоны и маркёры желудка		,"Пепсиноген-I,
ПГ-I,
Пепсиноген 1,
Пепсиноген A","Pepsinogen I,
PG-I,
Pepsinogen A,
PGA"
Пепсиноген-II,Пепсиноген-II,Сыв-ка крови,мкг/л,3.0,15.0,,,,ИФА,Гормональные исследования,Гормоны и маркёры желудка		,"Пепсиноген-II,
ПГ-II,
Пепсиноген 2,
Пепсиноген C","Pepsinogen II,
PG-II,
Pepsinogen C,
PGC"
Соотношение Пепсиноген-I / Пепсиноген-II,Соотношение Пепсиноген-I / Пепсиноген-II,Сыв-ка крови,,,,,,,Расчетный,Гормональные исследования,Гормоны и маркёры желудка		,"Индекс пепсиногенов, PG I/II ratio, Коэффициент пепсиногенов, Пепсиногеновое соотношение, Гастропанельный индекс, Соотношение PG1/PG2, Серологический маркер атрофии желудка","Pepsinogen I/II ratio, PG ratio, PG index, Pepsinogen ratio, Gastric atrophy marker, PG1/PG2 ratio, Serum pepsinogen test"
Паратиреоидный гормон (паратгормон),Паратиреоидный гормон (паратгормон),Сыв-ка крови,пмоль/л,1.6,6.9,,,,ЭХЛА,Гормональные исследования,Гормоны и маркёры костного метаболизма (остеопороз)		,"Паратгормон,
ПТГ,
Паратиреоидный гормон,
ПТГ в сыворотке","Parathyroid hormone,
PTH,
Parathormone,
Serum PTH"
Кальцитонин,Кальцитонин,Сыв-ка крови,пг/мл,0,40,0-6 месяцев,,,ИХЛА,,,"Кальцитонин,
Тиреокальцитонин,
Кальцитонин в сыворотке","Calcitonin,
Thyrocalcitonin,
Serum calcitonin"
,,,пг/мл,0,15,7 месяцев - 3 года,,,,,,,
,,,пг/мл,0,5.3,жен.,,,,,,,
,,,пг/мл,0,8.4,муж.,,,,,,,
Остаза (костная щелочная фосфатаза),Остаза (костная щелочная фосфатаза),Сыв-ка крови,Мкг/л,3.7,20.9,муж.,,,ИХЛА,,,"Остаза,
Костная ЩФ,
BAP,
Костно-специфическая щелочная фосфатаза","Ostase,
Bone ALP,
BAP,
Bone-specific alkaline phosphatase"
,,,Мкг/л,2.9,14.5,жен. пременопауза,,,,,,,
,,,Мкг/л,3.8,22.6,жен. постменопауза,,,,,,,
Остеокальцин,Остеокальцин,Сыв-ка крови,нг/мл,0,70,0-30 лет муж.,,,ЭХЛА,,,"Остеокальцин,
ОК,
Костный Gla-белок,
Белок костного матрикса","Osteocalcin,
Bone Gla protein,
BGP,
Bone matrix protein"
,,,нг/мл,0,42,31-50 лет муж.,,,,,,,
,,,нг/мл,0,46,51-90 лет муж.,,,,,,,
,,,нг/мл,0,43,жен. пременопауза,,,,,,,
,,,нг/мл,0,43,жен. постменопауза,,,,,,,
С-концевые телопептиды коллагена (β-Cross Laps),С-концевые телопептиды коллагена (β-Cross Laps),Сыв-ка крови,нг/мл,0,0.584,30-50 лет муж.,,,ЭХЛА,,,"β-CrossLaps,
β-CTX,
С-концевые телопептиды,
Коллагеновые маркеры","Beta-CrossLaps,
β-CTX,
C-terminal telopeptides,
Collagen markers"
,,,нг/мл,0,0.704,51-70 лет муж.,,,,,,,
,,,нг/мл,0,0.854,71-90 лет муж.,,,,,,,
,,,нг/мл,0,0.573,жен. пременопауза,,,,,,,
,,,нг/мл,0,1.008,жен. постменопауза,,,,,,,
Маркер формирования костного матрикса P1NP (N-терминальный пропептид проколлагена 1 типа),Маркер формирования костного матрикса P1NP (N-терминальный пропептид проколлагена 1 типа),Сыв-ка крови,нг/мл,0,36.4,муж.,,,ЭХЛА,,,"P1NP,
PINP,
N-терминальный пропептид,
Проколлаген 1 типа","P1NP,
PINP,
N-terminal propeptide,
Procollagen type 1"
,,,нг/мл,1.51,58.6,жен. пременопауза,,,,,,,
,,,нг/мл,20.3,76.3,жен. постменопауза без ГЗТ,,,,,,,
,,,нг/мл,14.3,58.9,жен. постменопауза на ГЗТ,,,,,,,
Соматотропный гормон (СТГ),Соматотропный гормон (СТГ),Сыв-ка крови,мМе/л,3.0,70.2,новорожденные муж.,,,ИХЛА,Гормональные исследования,Гормоны роста		,"Гормон роста,
GH,
Соматотропин,
ГР,
Гипофизарный гормон роста,
STH","Growth hormone,
GH,
Somatotropin,
STH,
Pituitary growth hormone,
Human growth hormone (hGH)"
,,,мМе/л,6.2,62.4,новорожденные жен.,,,,,,,
,,,мМе/л,1.1,62.,0-3 лет муж.,,,,,,,
,,,мМе/л,1.3,9.1,0-3 лет жен.,,,,,,,
,,,мМе/л,0.23,6.5,4-6 лет муж.,,,,,,,
,,,мМе/л,0.26,5.7,4-6 лет жен.,,,,,,,
,,,мМе/л,0.4,8.3,7-8 лет муж.,,,,,,,
,,,мМе/л,0.4,14.0,7-8 лет жен.,,,,,,,
,,,мМе/л,0.23,5.1,9-10 лет муж.,,,,,,,
,,,мМе/л,0.2,8.1,9-10 лет жен.,,,,,,,
,,,мМе/л,0.2,12.2,11 лет муж.,,,,,,,
,,,мМе/л,0.3,17.9,11 лет жен.,,,,,,,
,,,мМе/л,0.3,23.1,12 лет муж.,,,,,,,
,,,мМе/л,0.36,29.1,12 лет жен.,,,,,,,
,,,мМе/л,0.26,20.5,13 лет муж.,,,,,,,
,,,мМе/л,0.55,46.3,13 лет жен.,,,,,,,
,,,мМе/л,0.23,18.5,14 лет муж.,,,,,,,
,,,мМе/л,0.36,25.7,14 лет жен.,,,,,,,
,,,мМе/л,0.26,20.3,15 лет муж.,,,,,,,
,,,мМе/л,0.62,26.0,15 лет жен.,,,,,,,
,,,мМе/л,0.2,29.6,16 лет муж.,,,,,,,
,,,мМе/л,0.68,30.4,16 лет жен.,,,,,,,
,,,мМе/л,0.57,31.7,17 лет муж.,,,,,,,
,,,мМе/л,0.8,28.1,17 лет жен.,,,,,,,
,,,мМе/л,2.5,12.2,18-19 лет муж.,,,,,,,
,,,мМе/л,0.62,11.2,18-19 лет жен.,,,,,,,
,,,мМе/л,0.16,13.0,20-90 лет муж.,,,,,,,
,,,мМе/л,0.16,13.0,20-90 лет жен.,,,,,,,
Лептин,Лептин,Сыв-ка крови,нг/мл,2.0,5.6,муж.,,,ИФА,Гормональные исследования,Гормоны жировой ткани		,"Гормон насыщения,
Жировой гормон,
LEP,
Белковый гормон адипоцитов,
Регулятор энергетического обмена","Leptin,
Satiety hormone,
Fat hormone,
Adipocyte hormone,
Energy metabolism regulator"
,,,нг/мл,3.7,11.1,жен.,,,,,,,
Серотонин,Серотонин,Сыв-ка крови,нг/мл,50.0,220.0,,,,ВЭЖХ-МС,,,"5-гидрокситриптамин,
5-НТ,
Гормон хорошего настроения,
Нейромедиатор счастья,
Энтерамин","Serotonin,
5-HT,
5-hydroxytryptamine,
Happiness neurotransmitter,
Enteramine"
Гистамин,Гистамин,Плазма ЭДТА,нмоль/л,0,9.3,,,,ВЭЖХ-МС,,,"2-(4-имидазолил)этиламин,
Медиатор аллергии,
Гистамин сывороточный,
Тканевый гормон","Histamine,
2-(1H-imidazol-4-yl)ethanamine,
Allergy mediator,
Tissue hormone"
Эритропоэтин,Эритропоэтин,Сыв-ка крови,мМЕ/мл,4.3,29.0,,,,ИХЛА,Гормональные исследования,Биогенные амины		,"ЭПО,
Гормон кроветворения,
Почечный гормон,
Гемопоэтин,
Стимулятор эритропоэза","Erythropoietin,
EPO,
Hematopoietin,
Kidney hormone,
Erythropoiesis stimulator"
Общий белок в моче (разовая порция),Общий белок в моче (разовая порция),Моча разовая (средняя порция),г/л,0.01,0.14,,,,Колориметрический метод,АНАЛИЗЫ МОЧИ                ,Белки в моче                ,"Протеинурия разовая, Белок в разовой моче, ОАМ на белок, Качественный белок мочи, Тест-полоска на протеинурию, Альбуминурия скрининговая, Концентрация белка в моче","Urine total protein (random), Spot urine protein, Dipstick protein test, Urinary protein qualitative, Proteinuria screening, Instant urine protein, Random protein/creatinine ratio"
Общий белок в суточной моче,Общий белок в суточной моче,Моча сут.,г/сут,0,0.25,,,,Колориметрический метод,АНАЛИЗЫ МОЧИ                ,Белки в моче                ,"Суточная протеинурия, Белок мочи за 24 часа, Количественная протеинурия, Суточная экскреция белка, Сбор мочи на белок (24ч), Анализ по Зимницкому (белковый), Протеинурия в суточном диурезе","24-hour urine protein, Daily protein excretion, Quantitative proteinuria, Timed urine collection for protein, Total urinary protein output, 24h urine protein test, Day-long proteinuria assessment"
Микроальбумин в моче (разовая порция),Микроальбумин в моче (разовая порция),Моча разовая (средняя порция),мг/л,0,20,,,,Иммунотурбодиметрический метод,АНАЛИЗЫ МОЧИ                ,Белки в моче                ,"МАУ разовая, Альбумин/креатининовое соотношение, Скрининг диабетической нефропатии, Ранний маркер поражения почек, Микропротеинурия, Тест-полоска на микроальбумин, Быстрый тест на альбуминурию","Microalbuminuria (random), ACR (Albumin-to-Creatinine Ratio), Early nephropathy marker, Diabetic kidney screening, Urinary albumin rapid test, Spot microalbumin check, Instant MAU detection"
Микроальбумин в суточной моче,Микроальбумин в суточной моче,Моча сут.,мг/сут,0,30,,,,Иммунотурбодиметрический метод,АНАЛИЗЫ МОЧИ                ,Белки в моче                ,"Суточная МАУ, Альбумин мочи за 24 часа, Количественный микроальбумин, Диабетическая нефропатия (мониторинг), Сбор мочи на МАУ, Суточная экскреция альбумина, Длительная альбуминурия","24-hour microalbumin, Timed urine albumin, Quantitative MAU, Diabetic nephropathy monitoring, Daily albumin excretion, 24h MAU collection, Extended albuminuria test"
Бета-2 Микроглобулин в моче (разовая порция),Бета-2 Микроглобулин в моче (разовая порция),Моча разовая (средняя порция),,,,,,,,АНАЛИЗЫ МОЧИ                ,Белки в моче                ,"β2-микроглобулин мочи, Бета-2 МГ (разовая порция), Маркер канальцевой патологии, Диагностика тубулопатий, Почечный низкомолекулярный белок, Индикатор проксимальных канальцев, Тест функции почечных канальцев","β2-microglobulin urine, B2M (random urine), Tubular proteinuria marker, Low-molecular-weight protein, Proximal tubule function test, Renal tubular marker, Kidney tubular protein test"
Глюкоза в моче (разовая порция),Глюкоза в моче (разовая порция),Моча разовая (средняя порция),ммоль/л,0.1,0.8,,,,ферментативный гексокиназный,АНАЛИЗЫ МОЧИ                ,Биохимические исследования мочи                ,"Глюкозурия разовая, Сахар в моче, ОАМ на глюкозу, Тест-полоска на глюкозу, Почечный порог глюкозы, Качественное определение глюкозы, Скрининг диабетической глюкозурии","Glucose urine (random), Glycosuria screening, Urine sugar test, Dipstick glucose test, Renal glucose threshold, Urinary glucose qualitative, Diabetes mellitus screening"
Глюкоза в суточной моче,Глюкоза в суточной моче,Моча сут.,ммоль/сут,0,2.8,,,,ферментативный гексокиназный,АНАЛИЗЫ МОЧИ                ,Биохимические исследования мочи                ,"Суточная глюкозурия, Глюкоза мочи за 24 часа, Количественная глюкозурия, Сахар в суточной моче, Экскреция глюкозы за сутки, Диабетический профиль мочи, Суточный диурез на сахар","24-hour urine glucose, Daily glucose excretion, Quantitative glycosuria, Timed urine glucose collection, 24h urinary sugar output, Diabetic urine profile, Day-long glycosuria assessment"
Альфа-амилаза в суточной моче,Альфа-амилаза в суточной моче,Моча сут.,Ед/сут,0,408,,,,химический колориметрический метод,АНАЛИЗЫ МОЧИ                ,Биохимические исследования мочи                ,"Диастаза мочи, Амилаза разовой мочи, Фермент поджелудочной железы в моче, Панкреатическая амилаза (скрининг), Тест на диастазу, ОАМ на амилазу, Ферментурия","Alpha-amylase urine (random), Urinary amylase, Diastase urine, Pancreatic enzyme screening, Amylase dipstick test, Urine enzyme analysis, Enzymuria detection"
Альфа-амилаза панкреатическая в моче (разовая порция),Альфа-амилаза панкреатическая в моче (разовая порция),Моча разовая (средняя порция),Ед/л,0,800,,,,EPS-метод,АНАЛИЗЫ МОЧИ                ,Биохимические исследования мочи                ,"Панкреатическая амилаза мочи, P-амилаза (моча), Специфическая амилаза поджелудочной, Изофермент амилазы панкреатический, Диагностика панкреатита, Ферментная диагностика, Панкреатическая фракция амилазы","Pancreatic alpha-amylase urine, P-type amylase (urine), Pancreas-specific amylase, Amylase isoenzyme analysis, Pancreatitis diagnostic marker, Urinary pancreatic enzyme, Pancreatic amylase fraction"
Креатинин в моче (разовая порция),Креатинин в моче (разовая порция),Моча разовая (средняя порция),ммоль/л,3.5,22,муж.,,,Кинетический метод Яффе,АНАЛИЗЫ МОЧИ                ,Биохимические исследования мочи                ,"Креатинин разовой мочи, Продукт метаболизма креатина, Мышечный метаболит в моче, ОАМ на креатинин, Почечный маркер, Тест-полоска на креатинин, Скрининг функции почек","Creatinine urine (random), Urinary creatinine, Muscle metabolism product, Renal function marker, Dipstick creatinine test, Kidney function screening, Spot urine creatinine"
,,,ммоль/л,2.8,20,жен.,,,,,,,
Креатинин в суточной моче,Креатинин в суточной моче,Моча сут.,мкмоль/сут,7.1,17.7,муж.,,,усовершенственный метод Яффе,АНАЛИЗЫ МОЧИ                ,Биохимические исследования мочи                ,"Суточный креатинин мочи, Креатинин за 24 часа, Количественная экскреция креатинина, Клиренс креатинина (расчетный), Сбор мочи на креатинин, Почечная функция (суточная), Мышечный метаболизм (оценка)","24-hour urine creatinine, Daily creatinine excretion, Timed urine creatinine collection, Creatinine clearance calculation, Renal function assessment, Muscle metabolism evaluation, Quantitative creatininuria"
,,Моча сут.,мкмоль/сут,5.3,15.9,жен.,,,,,,,
Мочевина в моче (разовая порция),Мочевина в моче (разовая порция),Моча разовая (средняя порция),ммоль/л,150,500,,,,энзиматический,АНАЛИЗЫ МОЧИ                ,Биохимические исследования мочи                ,"Азот мочевины в моче, Urea в разовой моче, Продукт метаболизма белков, ОАМ на мочевину, Тест-полоска на мочевину, Почечный маркер, Скрининг функции почек","Urea urine (random), Urinary urea nitrogen, Protein metabolism product, Dipstick urea test, Renal function marker, Kidney function screening, Spot urine urea"
Мочевина в суточной моче,Мочевина в суточной моче,Моча сут.,ммоль/сут,428,714,,,,энзиматический,АНАЛИЗЫ МОЧИ                ,Биохимические исследования мочи                ,"Суточная мочевина, Urea за 24 часа, Количественная экскреция мочевины, Азотистый баланс, Сбор мочи на мочевину, Почечная функция (суточная), Белковый метаболизм (оценка)","24-hour urine urea, Daily urea excretion, Timed urine urea collection, Nitrogen balance assessment, Renal function evaluation, Protein catabolism marker, Quantitative ureanalysis"
Мочевая кислота в моче (разовая порция),Мочевая кислота в моче (разовая порция),Моча разовая (средняя порция),ммоль/л,2.2,5.5,,,,энзиматический,АНАЛИЗЫ МОЧИ                ,Биохимические исследования мочи                ,"Ураты в моче, Uric acid разовой мочи, Пуриновый метаболит, ОАМ на мочевую кислоту, Тест-полоска на ураты, Подагрический маркер, Скрининг нарушений пуринового обмена","Uric acid urine (random), Urinary urate, Purine metabolism product, Dipstick uric acid test, Gout marker, Purine disorder screening, Spot urine urate"
Мочевая кислота в суточной моче,Мочевая кислота в суточной моче,Моча сут.,ммоль/сут,1.48,4.43,,,,энзиматический,АНАЛИЗЫ МОЧИ                ,Биохимические исследования мочи                ,"Суточная мочевая кислота, Uric acid за 24 часа, Количественная экскреция уратов, Пуриновый обмен (оценка), Сбор мочи на мочевую кислоту, Подагра (мониторинг), Камнеобразование (риск)","24-hour uric acid, Daily urate excretion, Timed urine urate collection, Purine metabolism evaluation, Gout monitoring, Urolithiasis risk assessment, Quantitative uricosuria"
"Калий, Натрий, Хлориды (К, Na, Cl) в моче (разовая порция)",Калий (К+) в моче (разовая порция),Моча разовая (средняя порция),ммоль/л,20,80,,,,ионселективный метод,АНАЛИЗЫ МОЧИ                ,Биохимические исследования мочи                ,"К+ в разовой моче, Ионы калия в моче, Калийурия, Электролиты мочи (калий), Тест-полоска на калий, ОАМ на калий, Почечный калиевый баланс","Potassium urine (random), Urinary K+, Potassium ions in urine, Dipstick potassium test, Renal potassium balance, Spot urine potassium, Urinary electrolyte panel (K+)"
,Натрий (Na+)  в моче (разовая порция),Моча разовая (средняя порция),ммоль/л,54,150,,,,ионселективный метод,АНАЛИЗЫ МОЧИ                ,Биохимические исследования мочи                ,"Na+ в разовой моче, Ионы натрия в моче, Натрийурия, Электролиты мочи (натрий), Тест-полоска на натрий, ОАМ на натрий, Почечный натриевый баланс","Sodium urine (random), Urinary Na+, Sodium ions in urine, Dipstick sodium test, Renal sodium balance, Spot urine sodium, Urinary electrolyte panel (Na+)"
,Хлор (Cl-)  в моче (разовая порция),Моча разовая (средняя порция),ммоль/л,46,168,,,,ионселективный метод,АНАЛИЗЫ МОЧИ                ,Биохимические исследования мочи                ,"Cl- в разовой моче, Ионы хлора в моче, Хлорурия, Электролиты мочи (хлор), Тест-полоска на хлор, ОАМ на хлориды, Почечный хлорный баланс","Chloride urine (random), Urinary Cl-, Chloride ions in urine, Dipstick chloride test, Renal chloride balance, Spot urine chloride, Urinary electrolyte panel (Cl-)"
"Калий, Натрий, Хлориды (К, Na, Cl) в суточной моче",Калий (К+) в суточной  моче,Моча сут.,ммоль/сут,25,125,,,,ионселективный метод,АНАЛИЗЫ МОЧИ                ,Биохимические исследования мочи                ,"Суточная экскреция калия, К+ за 24 часа, Калий в суточном диурезе, Количественная калийурия, Почечные потери калия, Электролитный баланс (калий), Мониторинг гипокалиемии","24-hour urine potassium, Daily K+ excretion, Timed urine potassium, Quantitative kaliuresis, Renal potassium wasting, Electrolyte balance assessment, Hypokalemia monitoring"
,Натрий (Na+)  в суточной  моче,Моча сут.,ммоль/сут,41,115,0-10 лет муж.,,,ионселективный метод,АНАЛИЗЫ МОЧИ                ,Биохимические исследования мочи                ,"Суточная экскреция натрия, Na+ за 24 часа, Натрий в суточном диурезе, Количественная натрийурия, Почечные потери натрия, Электролитный баланс (натрий), Мониторинг гипонатриемии","24-hour urine sodium, Daily Na+ excretion, Timed urine sodium, Quantitative natriuresis, Renal sodium wasting, Electrolyte balance assessment, Hyponatremia monitoring"
,,,ммоль/сут,20,69,0-10 лет жен.,,,,,,,
,,,ммоль/сут,36,177,11-14 лет муж.,,,,,,,
,,,ммоль/сут,48,168,11-14 лет жен.,,,,,,,
,,,ммоль/сут,40,220,15-90 лет,,,,,,,
,Хлор (Cl-)  в суточной  моче,Моча сут.,ммоль/сут,2.0,10.0,0-12 месяцев,,,ионселективный метод,АНАЛИЗЫ МОЧИ                ,Биохимические исследования мочи                ,"Суточная экскреция хлора, Cl- за 24 часа, Хлор в суточном диурезе, Количественная хлорурия, Почечные потери хлора, Электролитный баланс (хлор), Мониторинг гипохлоремии","24-hour urine chloride, Daily Cl- excretion, Timed urine chloride, Quantitative chloriuresis, Renal chloride wasting, Electrolyte balance assessment, Hypochloremia monitoring"
,,,ммоль/сут,15,40,1-14 лет,,,,,,,
,,,ммоль/сут,110,250,15-90 лет,,,,,,,
Кальций в суточной моче,Кальций в суточной моче,Моча сут.,ммоль/л,2.5,7.5,,,,химический колориметрический метод,АНАЛИЗЫ МОЧИ                ,Биохимические исследования мочи                ,"Суточная экскреция кальция, Ca²⁺ за 24 часа, Кальций мочи (суточный), Количественная кальциурия, Почечные потери кальция, Оценка кальциевого обмена, Диагностика гиперкальциурии","24-hour urine calcium, Daily Ca excretion, Timed urine calcium, Quantitative calciuria, Renal calcium wasting, Calcium metabolism assessment, Hypercalciuria screening"
Фосфор в моче (разовая порция),Фосфор в моче (разовая порция),Моча разовая (средняя порция),ммоль/л,1.6,61.0,муж.,,,химический колориметрический метод,АНАЛИЗЫ МОЧИ                ,Биохимические исследования мочи                ,"Фосфаты в моче, P в разовой моче, Фосфатурия, ОАМ на фосфор, Тест-полоска на фосфаты, Оценка фосфорно-кальциевого обмена, Скрининг гипофосфатемии","Phosphorus urine (random), Urinary phosphate, Spot urine phosphorus, Dipstick phosphate test, Phosphorus metabolism screening, Hypophosphatemia evaluation, Urinary P excretion"
,,,ммоль/л,2.3,48.0,жен.,,,,,,,
Фосфор в суточной моче,Фосфор в суточной моче,Моча сут.,ммоль/сут,12.9,42,,,,химический колориметрический метод,АНАЛИЗЫ МОЧИ                ,Биохимические исследования мочи                ,"Суточная экскреция фосфора, P за 24 часа, Фосфор мочи (суточный), Количественная фосфатурия, Почечные потери фосфатов, Оценка фосфорного баланса, Диагностика гиперфосфатурии","24-hour urine phosphorus, Daily phosphate excretion, Timed urine phosphorus, Quantitative phosphaturia, Renal phosphate wasting, Phosphorus balance assessment, Hyperphosphaturia diagnosis"
Магний в моче (разовая порция),Магний в моче (разовая порция),Моча разовая (средняя порция),ммоль/л,1.7,5.7,,,,химический колориметрический метод,АНАЛИЗЫ МОЧИ                ,Биохимические исследования мочи                ,"Mg²⁺ в моче, Магний мочи (разовый), Магнийурия, ОАМ на магний, Тест-полоска на магний, Оценка магниевого баланса, Скрининг гипомагниемии","Magnesium urine (random), Urinary Mg²⁺, Spot urine magnesium, Dipstick magnesium test, Magnesium balance screening, Hypomagnesemia evaluation, Urinary Mg excretion"
Магний в суточной моче,Магний в суточной моче,Моча сут.,ммоль/сут,3.0,5.0,,,,химический колориметрический метод,АНАЛИЗЫ МОЧИ                ,Биохимические исследования мочи                ,"Суточная экскреция магния, Mg²⁺ за 24 часа, Магний мочи (суточный), Количественная магнийурия, Почечные потери магния, Оценка магниевого баланса, Диагностика гипомагниемии","24-hour urine magnesium, Daily Mg excretion, Timed urine magnesium, Quantitative magnesuria, Renal magnesium wasting, Magnesium balance assessment, Hypomagnesemia diagnosis"
Оксалаты в суточной моче,Оксалаты в суточной моче,Моча сут.,ммоль/сут,0.14,0.42,0-12 лет,,,Энзиматический,АНАЛИЗЫ МОЧИ                ,Биохимические исследования мочи                ,"Суточная экскреция оксалатов, Щавелевая кислота за 24 часа, Оксалаты мочи (суточные), Количественная оксалурия, Почечные потери оксалатов, Оценка оксалатного баланса, Диагностика гипероксалурии","24-hour urine oxalate, Daily oxalate excretion, Timed urine oxalate, Quantitative oxaluria, Renal oxalate wasting, Oxalate balance assessment, Hyperoxaluria screening"
,,,ммоль/сут,0.08,0.49,13-90 лет муж.,,,,,,,
,,,ммоль/сут,0.04,0.32,13-90 лет жен.,,,,,,,
Химический анализ мочевого камня (спектроскопия),Карбонаты кальция,Мочевой камень,%,,не обнаружено,,,,метод инфракрасной спектроскопии,АНАЛИЗЫ МОЧИ                ,Биохимические исследования мочи                ,"Карбонат кальция, Химический анализ мочевого камня; Кальций карбонат, Химический анализ мочевого камня; Кальциевый карбонат, Химический анализ мочевого камня; Кальциевый углекислый, Химический анализ мочевого камня; Карбонаты кальция, Химический анализ мочевого камня; Кальциевые соли угольной кислоты, Химический анализ мочевого камня; Кальциевый минерал, Химический анализ мочевого камня","Calcium carbonate, Химический анализ мочевого камня; CaCO3, Химический анализ мочевого камня; Calcium salt of carbonic acid, Химический анализ мочевого камня; Calcite, Химический анализ мочевого камня; Calcium carbonate mineral, Химический анализ мочевого камня; Calcium carbonate compound, Химический анализ мочевого камня; Calcium carbonate crystal, Химический анализ мочевого камня"
,Мочевая кислота,,%,,не обнаружено,,,,,,,"Мочевая кислота, Химический анализ мочевого камня; Урат, Химический анализ мочевого камня; Кислота мочевая, Химический анализ мочевого камня; Мочевина кислота, Химический анализ мочевого камня; Мочевая кислота, Химический анализ мочевого камня; Урат натрия, Химический анализ мочевого камня; Мочевая кислота, Химический анализ мочевого камня","Uric acid, Химический анализ мочевого камня; Urate, Химический анализ мочевого камня; Uric acid compound, Химический анализ мочевого камня; Uric acid salt, Химический анализ мочевого камня; Urate ion, Химический анализ мочевого камня; Uric acid crystal, Химический анализ мочевого камня; Uric acid molecule, Химический анализ мочевого камня"
,"Мочевая кислота, дигидрат",,%,,не обнаружено,,,,,,,"Мочевая кислота дигидрат, Химический анализ мочевого камня; Дигидрат урата, Химический анализ мочевого камня; Урат дигидрат, Химический анализ мочевого камня; Мочевая кислота 2Н2О, Химический анализ мочевого камня; Дигидрат мочевой кислоты, Химический анализ мочевого камня; Мочевая кислота с водой, Химический анализ мочевого камня; Кристалл мочевой кислоты дигидрат, Химический анализ мочевого камня","Uric acid dihydrate, Химический анализ мочевого камня; Urate dihydrate, Химический анализ мочевого камня; Uric acid crystal dihydrate, Химический анализ мочевого камня; Uric acid 2H2O, Химический анализ мочевого камня; Uric acid monohydrate (редко), Химический анализ мочевого камня; Dihydrate urate, Химический анализ мочевого камня; Uric acid hydrate, Химический анализ мочевого камня"
,(Моно) аммония урат,,%,,не обнаружено,,,,,,,"Аммоний урат, Химический анализ мочевого камня; Моноаммоний урат, Химический анализ мочевого камня; Урат аммония, Химический анализ мочевого камня; Аммоний соль уратов, Химический анализ мочевого камня; Аммоний урат, Химический анализ мочевого камня; Моноаммоний мочевой кислоты, Химический анализ мочевого камня; Аммоний уратный, Химический анализ мочевого камня","Ammonium urate, Химический анализ мочевого камня; Monoammonium urate, Химический анализ мочевого камня; Ammonium salt of uric acid, Химический анализ мочевого камня; NH4 urate, Химический анализ мочевого камня; Ammonium hydrogen urate, Химический анализ мочевого камня; Ammonium urate crystal, Химический анализ мочевого камня; Ammonium urate compound, Химический анализ мочевого камня"
,(Моно) натрия урат,,%,,не обнаружено,,,,,,,"Натрий урат, Химический анализ мочевого камня; Мононатрий урат, Химический анализ мочевого камня; Урат натрия, Химический анализ мочевого камня; Натриевая соль уратов, Химический анализ мочевого камня; Натрий уратный, Химический анализ мочевого камня; Мононатрий мочевой кислоты, Химический анализ мочевого камня; Натрий урат, Химический анализ мочевого камня","Sodium urate, Химический анализ мочевого камня; Mono sodium urate, Химический анализ мочевого камня; Sodium salt of uric acid, Химический анализ мочевого камня; Na urate, Химический анализ мочевого камня; Sodium hydrogen urate, Химический анализ мочевого камня; Sodium urate crystal, Химический анализ мочевого камня; Sodium urate compound, Химический анализ мочевого камня"
,L-Цистин,,%,,не обнаружено,,,,,,,"L-Цистин, Химический анализ мочевого камня; Левоцистин, Химический анализ мочевого камня; Цистин, Химический анализ мочевого камня; Дисульфид цистеина, Химический анализ мочевого камня; L-аминокислота цистин, Химический анализ мочевого камня; L-цистеиновый дисульфид, Химический анализ мочевого камня; L-цистин, Химический анализ мочевого камня","L-Cystine, Химический анализ мочевого камня; L-Cystine amino acid, Химический анализ мочевого камня; Cystine, Химический анализ мочевого камня; L-2-amino-3-mercaptosuccinic acid, Химический анализ мочевого камня; Cystine disulfide, Химический анализ мочевого камня; L-cystine molecule, Химический анализ мочевого камня; L-cystine compound, Химический анализ мочевого камня"
,Ксантин,,%,,не обнаружено,,,,,,,"Ксантин, Химический анализ мочевого камня; Ксантиновое основание, Химический анализ мочевого камня; Ксантиновый пурин, Химический анализ мочевого камня; Ксантиновый алкалоид, Химический анализ мочевого камня; Пуриновое основание ксантин, Химический анализ мочевого камня; Ксантиновая кислота (редко), Химический анализ мочевого камня; Ксантин, Химический анализ мочевого камня","Xanthine, Химический анализ мочевого камня; Xanthine base, Химический анализ мочевого камня; Purine base xanthine, Химический анализ мочевого камня; Xanthine alkaloid, Химический анализ мочевого камня; Xanthine molecule, Химический анализ мочевого камня; Xanthine compound, Химический анализ мочевого камня; Xanthine crystal, Химический анализ мочевого камня"
,Вевеллит,,%,,не обнаружено,,,,,,,"Вевеллит, Химический анализ мочевого камня; Кальциевый оксалат моногидрат, Химический анализ мочевого камня; Оксалат кальция моногидрат, Химический анализ мочевого камня; Кальциевый оксалат, Химический анализ мочевого камня; Моногидрат оксалата кальция, Химический анализ мочевого камня; Кристалл вевеллита, Химический анализ мочевого камня; Минерал вевеллит, Химический анализ мочевого камня","Whewellite, Химический анализ мочевого камня; Calcium oxalate monohydrate, Химический анализ мочевого камня; CaC2O4·H2O, Химический анализ мочевого камня; Calcium oxalate crystal, Химический анализ мочевого камня; Whewellite stone, Химический анализ мочевого камня; Calcium oxalate hydrate, Химический анализ мочевого камня; Whewellite mineral, Химический анализ мочевого камня"
,Ведделлит,,,,не обнаружено,,,,,,,"Ведделлит, Химический анализ мочевого камня; Кальциевый оксалат дигидрат, Химический анализ мочевого камня; Оксалат кальция дигидрат, Химический анализ мочевого камня; Кальциевый оксалат, Химический анализ мочевого камня; Дигидрат оксалата кальция, Химический анализ мочевого камня; Кристалл ведделлита, Химический анализ мочевого камня; Минерал ведделлит, Химический анализ мочевого камня","Weddellite, Химический анализ мочевого камня; Calcium oxalate dihydrate, Химический анализ мочевого камня; CaC2O4·2H2O, Химический анализ мочевого камня; Calcium oxalate crystal, Химический анализ мочевого камня; Weddellite stone, Химический анализ мочевого камня; Calcium oxalate hydrate, Химический анализ мочевого камня; Weddellite mineral, Химический анализ мочевого камня"
,Карбонат кальция,,%,,не обнаружено,,,,,,,"Карбонат кальция, Химический анализ мочевого камня; Кальций карбонат, Химический анализ мочевого камня; CaCO3, Химический анализ мочевого камня; Кальциевый карбонат, Химический анализ мочевого камня; Кальциевый углекислый, Химический анализ мочевого камня; Кальциевые соли угольной кислоты, Химический анализ мочевого камня; Кальциевый минерал, Химический анализ мочевого камня","Calcium carbonate, Химический анализ мочевого камня; CaCO3, Химический анализ мочевого камня; Calcium salt of carbonic acid, Химический анализ мочевого камня; Calcite, Химический анализ мочевого камня; Calcium carbonate mineral, Химический анализ мочевого камня; Calcium carbonate compound, Химический анализ мочевого камня; Calcium carbonate crystal, Химический анализ мочевого камня"
,Витлокит,,%,,не обнаружено,,,,,,,"Витлокит, Химический анализ мочевого камня; Whitlockite, Химический анализ мочевого камня; Кальциевый фосфат, Химический анализ мочевого камня; Минерал витлокит, Химический анализ мочевого камня; Триплетит (синоним), Химический анализ мочевого камня; Магниево-кальциевый фосфат, Химический анализ мочевого камня; Фосфат кальция, Химический анализ мочевого камня","Whitlockite, Химический анализ мочевого камня; Calcium phosphate mineral, Химический анализ мочевого камня; Magnesium whitlockite, Химический анализ мочевого камня; Whitlockite stone, Химический анализ мочевого камня; Tripletite (synonym), Химический анализ мочевого камня; Calcium magnesium phosphate, Химический анализ мочевого камня; Calcium phosphate compound, Химический анализ мочевого камня"
,Апатит,,%,,не обнаружено,,,,,,,"Апатит, Химический анализ мочевого камня; Кальций фосфат, Химический анализ мочевого камня; Фосфат кальция, Химический анализ мочевого камня; Минерал апатит, Химический анализ мочевого камня; Кристалл апатита, Химический анализ мочевого камня; Кальциевый апатит, Химический анализ мочевого камня; Апатитовый минерал, Химический анализ мочевого камня","Apatite, Химический анализ мочевого камня; Calcium phosphate, Химический анализ мочевого камня; Calcium phosphate mineral, Химический анализ мочевого камня; Apatite crystal, Химический анализ мочевого камня; Calcium apatite, Химический анализ мочевого камня; Apatite stone, Химический анализ мочевого камня; Apatite compound, Химический анализ мочевого камня"
,Гидроксиапатит,,%,,не обнаружено,,,,,,,"Гидроксиапатит, Химический анализ мочевого камня; Hydroxyapatite, Химический анализ мочевого камня; Кальций гидроксифосфат, Химический анализ мочевого камня; Минерал гидроксиапатит, Химический анализ мочевого камня; Ca10(PO4)6(OH)2, Химический анализ мочевого камня; Кальциевый гидроксиапатит, Химический анализ мочевого камня; Гидроксиапатитовый минерал, Химический анализ мочевого камня","Hydroxyapatite, Химический анализ мочевого камня; Calcium hydroxyphosphate, Химический анализ мочевого камня; Ca10(PO4)6(OH)2, Химический анализ мочевого камня; Hydroxyapatite mineral, Химический анализ мочевого камня; Hydroxyapatite crystal, Химический анализ мочевого камня; Calcium hydroxyapatite, Химический анализ мочевого камня; Hydroxyapatite compound, Химический анализ мочевого камня"
,Октакальция фосфат,,%,,не обнаружено,,,,,,,"Октакальция фосфат, Химический анализ мочевого камня; Octacalcium phosphate, Химический анализ мочевого камня; Ca8H2(PO4)6·5H2O, Химический анализ мочевого камня; Кальций фосфат октакальций, Химический анализ мочевого камня; Минерал октакальция фосфат, Химический анализ мочевого камня; Кристалл октакальция фосфата, Химический анализ мочевого камня; Октакальций фосфат гидрат, Химический анализ мочевого камня","Octacalcium phosphate, Химический анализ мочевого камня; Ca8H2(PO4)6·5H2O, Химический анализ мочевого камня; Octacalcium phosphate hydrate, Химический анализ мочевого камня; Calcium phosphate octacalcium, Химический анализ мочевого камня; Octacalcium phosphate crystal, Химический анализ мочевого камня; Octacalcium phosphate mineral, Химический анализ мочевого камня; Calcium phosphate hydrate, Химический анализ мочевого камня"
,Карбонатапатит,,%,,не обнаружено,,,,,,,"Карбонатапатит, Химический анализ мочевого камня; Carbonate apatite, Химический анализ мочевого камня; Кальций карбонатапатит, Химический анализ мочевого камня; Минерал карбонатапатит, Химический анализ мочевого камня; Кристалл карбонатапатита, Химический анализ мочевого камня; Кальциевый карбонатапатит, Химический анализ мочевого камня; Карбонатапатитовый минерал, Химический анализ мочевого камня","Carbonate apatite, Химический анализ мочевого камня; Calcium carbonate apatite, Химический анализ мочевого камня; Carbonate-substituted hydroxyapatite, Химический анализ мочевого камня; Carbonate apatite crystal, Химический анализ мочевого камня; Carbonate apatite mineral, Химический анализ мочевого камня; Calcium carbonate apatite compound, Химический анализ мочевого камня; Carbonate apatite stone, Химический анализ мочевого камня"
,Брушит,,%,,не обнаружено,,,,,,,"Брушит, Химический анализ мочевого камня; Brushite, Химический анализ мочевого камня; Кальций гидрофосфат дигидрат, Химический анализ мочевого камня; CaHPO4·2H2O, Химический анализ мочевого камня; Минерал брушит, Химический анализ мочевого камня; Кристалл брушита, Химический анализ мочевого камня; Кальциевый фосфат дигидрат, Химический анализ мочевого камня","Brushite, Химический анализ мочевого камня; Calcium hydrogen phosphate dihydrate, Химический анализ мочевого камня; CaHPO4·2H2O, Химический анализ мочевого камня; Brushite crystal, Химический анализ мочевого камня; Brushite mineral, Химический анализ мочевого камня; Calcium phosphate dihydrate, Химический анализ мочевого камня; Brushite stone, Химический анализ мочевого камня"
,Струвит,,%,,не обнаружено,,,,,,,"Струвит, Химический анализ мочевого камня; Магния аммония фосфат, Химический анализ мочевого камня; MgNH4PO4·6H2O, Химический анализ мочевого камня; Минерал струвит, Химический анализ мочевого камня; Кристалл струвита, Химический анализ мочевого камня; Магний аммоний фосфат гексагидрат, Химический анализ мочевого камня; Фосфат магния аммония, Химический анализ мочевого камня","Struvite, Химический анализ мочевого камня; Magnesium ammonium phosphate, Химический анализ мочевого камня; MgNH4PO4·6H2O, Химический анализ мочевого камня; Struvite mineral, Химический анализ мочевого камня; Struvite crystal, Химический анализ мочевого камня; Magnesium ammonium phosphate hexahydrate, Химический анализ мочевого камня; Magnesium ammonium phosphate compound, Химический анализ мочевого камня"
,Магния-аммония фосф.моногидрат,,%,,не обнаружено,,,,,,,"Магния-аммония фосфат моногидрат, Химический анализ мочевого камня; Моногидрат магния аммония фосфата, Химический анализ мочевого камня; MgNH4PO4·H2O, Химический анализ мочевого камня; Магния-аммония фосфат, Химический анализ мочевого камня; Моногидрат струвита, Химический анализ мочевого камня; Фосфат магния аммония моногидрат, Химический анализ мочевого камня; Кристалл магния-аммония фосфата моногидрат, Химический анализ мочевого камня","Magnesium ammonium phosphate monohydrate, Химический анализ мочевого камня; MgNH4PO4·H2O, Химический анализ мочевого камня; Monohydrate magnesium ammonium phosphate, Химический анализ мочевого камня; Magnesium ammonium phosphate hydrate, Химический анализ мочевого камня; Struvite monohydrate, Химический анализ мочевого камня; Magnesium ammonium phosphate crystal, Химический анализ мочевого камня; Magnesium ammonium phosphate compound, Химический анализ мочевого камня"
,Комментарий расширенный,,%,,не обнаружено,,,,,,,"Расширенный комментарий, Химический анализ мочевого камня; Подробный комментарий, Химический анализ мочевого камня; Детальный отчет, Химический анализ мочевого камня; Расширенный отчет, Химический анализ мочевого камня; Дополнительные сведения, Химический анализ мочевого камня; Развернутый комментарий, Химический анализ мочевого камня; Подробное описание, Химический анализ мочевого камня","Extended comment, Химический анализ мочевого камня; Detailed commentary, Химический анализ мочевого камня; Comprehensive report, Химический анализ мочевого камня; Expanded notes, Химический анализ мочевого камня; Additional information, Химический анализ мочевого камня; Elaborated comment, Химический анализ мочевого камня; Detailed description, Химический анализ мочевого камня"
,Аморфный фосфат кальция,,%,,не обнаружено,,,,,,,"Аморфный фосфат кальция, Химический анализ мочевого камня; Аморфный кальций фосфат, Химический анализ мочевого камня; АФК, Химический анализ мочевого камня; Некристаллический кальций фосфат, Химический анализ мочевого камня; Аморфный кальциевый фосфат, Химический анализ мочевого камня; Аморфный Ca-фосфат, Химический анализ мочевого камня; Аморфный кальций-фосфатный минерал, Химический анализ мочевого камня","Amorphous calcium phosphate, Химический анализ мочевого камня; Amorphous Ca phosphate, Химический анализ мочевого камня; Calcium phosphate glass, Химический анализ мочевого камня; Non-crystalline calcium phosphate, Химический анализ мочевого камня; Amorphous calcium phosphate mineral, Химический анализ мочевого камня; Amorphous calcium phosphate compound, Химический анализ мочевого камня; Amorphous calcium phosphate crystal, Химический анализ мочевого камня"
,Билирубинат кальция,,%,,не обнаружено,,,,,,,"Билирубинат кальция, Химический анализ мочевого камня; Кальциевый билирубинат, Химический анализ мочевого камня; Билирубин кальциевый, Химический анализ мочевого камня; Кальциевая соль билирубина, Химический анализ мочевого камня; Кальциевый билирубин, Химический анализ мочевого камня; Билирубинат кальция, Химический анализ мочевого камня; Кальциевый билирубинатный комплекс, Химический анализ мочевого камня","Calcium bilirubinate, Химический анализ мочевого камня; Calcium salt of bilirubin, Химический анализ мочевого камня; Calcium bilirubin, Химический анализ мочевого камня; Calcium bilirubinate complex, Химический анализ мочевого камня; Calcium bilirubin salt, Химический анализ мочевого камня; Bilirubinate calcium, Химический анализ мочевого камня; Calcium bilirubinate compound, Химический анализ мочевого камня"
,Ньюберит,,%,,не обнаружено,,,,,,,"Ньюберит, Химический анализ мочевого камня; Магний фосфат, Химический анализ мочевого камня; MgHPO4·3H2O, Химический анализ мочевого камня; Минерал ньюберит, Химический анализ мочевого камня; Кристалл ньюберита, Химический анализ мочевого камня; Магний гидрофосфат тригидрат, Химический анализ мочевого камня; Магний фосфат тригидрат, Химический анализ мочевого камня","Newberyite, Химический анализ мочевого камня; Magnesium phosphate mineral, Химический анализ мочевого камня; MgHPO4·3H2O, Химический анализ мочевого камня; Newberyite crystal, Химический анализ мочевого камня; Magnesium hydrogen phosphate trihydrate, Химический анализ мочевого камня; Magnesium phosphate trihydrate, Химический анализ мочевого камня; Newberyite mineral, Химический анализ мочевого камня"
,Холестерин,,%,,не обнаружено,,,,,,,"Холестерин, Химический анализ мочевого камня; Липид холестерин, Химический анализ мочевого камня; Стерол холестерин, Химический анализ мочевого камня; Холестерол, Химический анализ мочевого камня; Холестерин, Химический анализ мочевого камня; Холестерин кристалл, Химический анализ мочевого камня; Холестерин липид, Химический анализ мочевого камня","Cholesterol, Химический анализ мочевого камня; Cholesterol lipid, Химический анализ мочевого камня; Sterol cholesterol, Химический анализ мочевого камня; Cholesterol crystal, Химический анализ мочевого камня; Cholesterol molecule, Химический анализ мочевого камня; Cholesterol compound, Химический анализ мочевого камня; Cholesterol sterol, Химический анализ мочевого камня"
,Другие компоненты смешанных камней,,%,,не обнаружено,,,,,,,"Другие компоненты смешанных камней, Химический анализ мочевого камня; Прочие элементы камней, Химический анализ мочевого камня; Дополнительные компоненты камней, Химический анализ мочевого камня; Прочие вещества смешанных камней, Химический анализ мочевого камня; Разные компоненты камней, Химический анализ мочевого камня; Смешанные компоненты камней, Химический анализ мочевого камня; Дополнительные элементы камней, Химический анализ мочевого камня","Other mixed stone components, Химический анализ мочевого камня; Additional mixed stone constituents, Химический анализ мочевого камня; Miscellaneous stone components, Химический анализ мочевого камня; Various stone components, Химический анализ мочевого камня; Mixed calculus components, Химический анализ мочевого камня; Other stone elements, Химический анализ мочевого камня; Additional stone components, Химический анализ мочевого камня"
Кортизол в суточной моче,Кортизол в суточной моче,Моча сут.,мкг/сут,0,14,0-17 лет,,,ВПЖХ,АНАЛИЗЫ МОЧИ                ,Гормоны и метаболиты в моче                ,"Суточная экскреция кортизола, Свободный кортизол за 24 часа, Кортизол мочи (суточный), Количественная кортизолурия, Оценка функции надпочечников, Диагностика гиперкортицизма, Скрининг синдрома Кушинга","24-hour urine cortisol, Free cortisol excretion, Timed urine cortisol, Quantitative cortisuria, Adrenal function assessment, Hypercortisolism diagnosis, Cushing syndrome screening"
,,,мкг/сут,0,20,18-90 лет,,,,,,,
С-пептид в суточной моче,С-пептид в суточной моче,Моча сут.,мкг/сут,17.2,181,,,,Конкурентный твердофазный хемилюминесцентный иммуноферментный анализ,АНАЛИЗЫ МОЧИ                ,Гормоны и метаболиты в моче                ,"Суточная экскреция С-пептида, С-пептид за 24 часа, С-пептид мочи (суточный), Количественная С-пептидурия, Оценка эндогенной секреции инсулина, Диагностика гипогликемических состояний, Мониторинг функции β-клеток","24-hour urine C-peptide, Daily C-peptide excretion, Timed urine C-peptide, Quantitative C-peptiduria, Endogenous insulin secretion assessment, Hypoglycemia evaluation, β-cell function monitoring"
Метанефрины связанные в суточной моче,Метанефрины связанные в суточной моче,Моча сут.,мкг/сут,8.84,53.25,,,,Высокоэффективная жидкостная хроматография с масс-спектрометрическим детектированием,АНАЛИЗЫ МОЧИ                ,Гормоны и метаболиты в моче                ,"Общие метанефрины за 24 часа, Суммарные метанефрины (свободные+конъюгированные), Метанефрин+3-метоксиметанефрин, Фракционированные метанефрины, Скрининг феохромоцитомы, Маркеры катехоламинового обмена, Количественная экскреция метанефринов","Total metanephrines urine, Fractionated metanephrines (free+conjugated), Metanephrine+normetanephrine, 24-hour total metanephrines, Pheochromocytoma screening, Catecholamine metabolites assessment, Quantitative metanephrinuria"
Метанефрины свободные в суточной моче,Метанефрины свободные в суточной моче,Моча сут.,мкг/сут,,"Целевое значение при выявленной гипертонической болезни <400 мкг/сут. 44,0 – 261,0",,,,Высокоэффективная жидкостная хроматография с масс-спектрометрическим детектированием,АНАЛИЗЫ МОЧИ                ,Гормоны и метаболиты в моче                ,"Свободные метанефрины за 24 часа, Неконъюгированные метанефрины, Метанефрин свободный, Активная фракция метанефринов, Диагностика параганглиом, Чувствительный маркер катехоламинов, Свободные фракции катехоламиновых метаболитов","Free metanephrines urine, Unconjugated metanephrines, 24-hour free metanephrine, Bioactive metanephrine fraction, Paraganglioma diagnostic, Sensitive catecholamine marker, Free catecholamine metabolites"
Норметанефрины связаныне в суточной моче,Норметанефрины связаныне в суточной моче,Моча сут.,мкг/сут,8.76,43.24,,,,,АНАЛИЗЫ МОЧИ                ,Гормоны и метаболиты в моче                ,"Общие норметанефрины за 24 часа, Суммарные норметанефрины (свободные+конъюгированные), 3-метоксинорадреналин, Норметанефрин+3-метоксинорметанефрин, Маркеры симпатоадреналовой активности, Диагностика нейроэндокринных опухолей, Катехоламиновый профиль","Total normetanephrines urine, Fractionated normetanephrines (free+conjugated), 3-methoxynorepinephrine, 24-hour total normetanephrines, Neuroendocrine tumor marker, Sympathoadrenal activity assessment, Catecholamine metabolic profile"
Норметанефрины свободные в суточной моче,Норметанефрины свободные в суточной моче,Моча сут.,мкг/сут,,"Целевое значение при выявленной гипертонической болезни <900 мкг/сут. 111,0 – 419,0",,,,,АНАЛИЗЫ МОЧИ                ,Гормоны и метаболиты в моче                ,"Свободные норметанефрины за 24 часа, Неконъюгированные норметанефрины, Норметанефрин свободный, Активная фракция норметанефринов, Диагностика вегетативных дисфункций, Чувствительный маркер норадреналина, Метаболиты норадреналина (свободные)","Free normetanephrines urine, Unconjugated normetanephrines, 24-hour free normetanephrine, Bioactive normetanephrine fraction, Autonomic dysfunction diagnostic, Norepinephrine metabolite marker, Free norepinephrine derivatives"
Адреналин в суточной моче,Адреналин в суточной моче,Моча сут.,мкг/сут,0.00,2.50,0-12 месяцев,,,Высокоэффективная жидкостная хроматография,АНАЛИЗЫ МОЧИ                ,Гормоны и метаболиты в моче                ,"Эпинефрин за 24 часа, Суточная экскреция адреналина, Адреналин мочи (количественный), Маркер мозгового слоя надпочечников, Диагностика стресс-индуцированных состояний, Катехоламины (адреналиновая фракция), Гормон страха в моче","Epinephrine urine, 24-hour adrenaline excretion, Quantitative urinary epinephrine, Adrenal medulla marker, Stress response assessment, Catecholamine fraction analysis, ""Fear hormone"" metabolite"
,,,мкг/сут,0.00,3.50,1-2 года,,,,,,,
,,,мкг/сут,0.00,6.00,3-4 лет,,,,,,,
,,,мкг/сут,0.20,10.00,5-10 лет,,,,,,,
,,,мкг/сут,0.50,20.00,11-16 лет,,,,,,,
,,,мкг/сут,0.00,20.00,17-90 лет,,,,,,,
Норадреналин в суточной моче,Норадреналин в суточной моче,Моча сут.,мкг/сут,0.00,10.00,0-12 месяцев,,,Высокоэффективная жидкостная хроматография,АНАЛИЗЫ МОЧИ                ,Гормоны и метаболиты в моче                ,"Норэпинефрин за 24 часа, Суточная экскреция норадреналина, Норадреналин мочи (количественный), Маркер симпатической активности, Диагностика гипертензивных состояний, Катехоламины (норадреналиновая фракция), Гормон ярости в моче","Norepinephrine urine, 24-hour noradrenaline excretion, Quantitative urinary norepinephrine, Sympathetic activity marker, Hypertensive disorders diagnostic, Catecholamine fraction analysis, ""Rage hormone"" metabolite"
,,,мкг/сут,1.00,17.00,1-2 года,,,,,,,
,,,мкг/сут,4.00,29.00,3-4 лет,,,,,,,
,,,мкг/сут,8.00,45.00,5-10 лет,,,,,,,
,,,мкг/сут,8.00,65.00,11-16 лет,,,,,,,
,,,мкг/сут,15.00,80.00,17-90 лет,,,,,,,
Дофамин в суточной моче,Дофамин в суточной моче,Моча сут.,мкг/сут,0,85.0,0-12 месяцев,,,Высокоэффективная жидкостная хроматография,АНАЛИЗЫ МОЧИ                ,Гормоны и метаболиты в моче                ,"Допамин за 24 часа, Суточная экскреция дофамина, Дофамин мочи (количественный), Маркер дофаминергической активности, Диагностика экстрапирамидных нарушений, Катехоламины (дофаминовая фракция), Гормон удовольствия в моче","Dopamine urine, 24-hour dopamine excretion, Quantitative urinary dopamine, Dopaminergic activity marker, Extrapyramidal disorders diagnostic, Catecholamine fraction analysis, ""Pleasure hormone"" metabolite"
,,,мкг/сут,10.0,140.0,1-2 года,,,,,,,
,,,мкг/сут,40.0,260.0,3-4 лет,,,,,,,
,,,мкг/сут,65.0,400.0,5-90 лет,,,,,,,
5-гидроксииндолуксусная кислота,5-гидроксииндолуксусная кислота,Моча сут.,мкг/сут,0,15,,,,Газовая хроматография-масс-спектрометрия,АНАЛИЗЫ МОЧИ                ,Гормоны и метаболиты в моче                ,"5-ОИУК, 5-оксииндолуксусная кислота, Основной метаболит серотонина, Маркер карциноидных опухолей, Индолилуксусная кислота, Продукт катаболизма серотонина, Мочевой метаболит серотонина","5-Hydroxyindoleacetic acid, 5-HIAA, Serotonin metabolite, Carcinoid tumor marker, Indoleacetic acid derivative, Serotonin breakdown product, Urinary serotonin metabolite"
Ванилилминдальная кислота в суточной моче,Ванилилминдальная кислота в суточной моче,Моча сут.,мкг/сут,1,2.6,3-6 лет,,,Газовая хроматография-масс-спектрометрия,АНАЛИЗЫ МОЧИ                ,Гормоны и метаболиты в моче                ,"ВМК за 24 часа, 3-метокси-4-гидроксиминдальная кислота, Основной метаболит катехоламинов, VMA, Диагностика феохромоцитомы, Маркер симпатоадреналовой активности, Скрининг нейробластомы","VMA urine, Vanillylmandelic acid, 3-methoxy-4-hydroxymandelic acid, Catecholamine end-product, 24-hour VMA excretion, Pheochromocytoma diagnostic, Neuroblastoma screening"
,,,мкг/сут,2.,3.2,7-10 лет,,,,,,,
,,,мкг/сут,2.3,5.2,11-16 лет,,,,,,,
,,,мкг/сут,1.4,6.5,17-18 лет,,,,,,,
,,,мкг/сут,0,7,19-90 лет,,,,,,,
Серотонин в суточной моче,Серотонин в суточной моче,Моча сут.,мкг/сут,0,210,,,,Высокоэффективная жидкостная хроматография,АНАЛИЗЫ МОЧИ                ,Гормоны и метаболиты в моче                ,"5-НТ за 24 часа, Энтерамин, Гормон счастья в моче, Суточная экскреция серотонина, Маркер карциноидного синдрома, Индоламин мочи, Скрининг серотонинергической активности","Serotonin urine, 5-HT, Enteramine, 24-hour serotonin excretion, Carcinoid syndrome marker, Indolamine analysis, Serotonergic activity screening"
Гистамин в суточной моче,Гистамин в суточной моче,Моча сут.,мкг/сут,0,65.0,,,,ВЭЖХ-МС,АНАЛИЗЫ МОЧИ                ,Гормоны и метаболиты в моче                ,"2-(4-имидазолил)этиламин за 24 часа, Гистамин мочи (количественный), Маркер тучных клеток, Диагностика системного мастоцитоза, Аллергический маркер, Скрининг гистаминозависимых состояний, Метаболит гистамина","Histamine urine, 2-(1H-imidazol-4-yl)ethanamine, 24-hour histamine excretion, Mast cell activation marker, Systemic mastocytosis diagnostic, Allergy mediator assessment, Histamine metabolite analysis"
Дезоксипиридинолин в моче,Дезоксипиридинолин в моче,Моча разовая (средняя порция),нмоль/ммоль креат.,8,50,2-11 лет,,,ИХЛА,АНАЛИЗЫ МОЧИ                ,Гормоны и метаболиты в моче                ,"ДПИД, Пиридинолиновые связи, Маркер костной резорбции, Коллагеновый метаболит, Анализ перекрестных связей, Диагностика остеопороза, Скрининг костного метаболизма","DPD urine, Deoxypyridinoline, Pyridinium cross-links, Bone resorption marker, Collagen breakdown product, Osteoporosis diagnostic, Bone metabolism assessment"
,,,нмоль/ммоль креат.,5,45,12-15 лет,,,,,,,
,,,нмоль/ммоль креат.,2,20,16-19 лет,,,,,,,
,,,нмоль/ммоль креат.,2.3,5.4,20-90 лет муж.,,,,,,,
,,,нмоль/ммоль креат.,3,7.4,20-90 лет жен.,,,,,,,
Инсулиноподобный фактор роста I (ИПФР-I; Соматомедин С),Инсулиноподобный фактор роста I (ИПФР-I; Соматомедин С),Сыв-ка крови,нг/мл,18.0,172.0,0-4 года жен.,,,,ГОРМОНАЛЬНЫЕ ИССЛЕДОВАНИЯ		,Гормоны роста                ,"ИФР-1, Соматомедин С, Ростовой фактор I, Медиатор действия СТГ, IGF-1, Инсулиноподобный ростовой фактор, Плазменный соматомедин","IGF-1, Insulin-like growth factor 1, Somatomedin C, Growth factor I, GH-dependent growth factor, Serum somatomedin, IGF-I"
,,,нг/мл,35.0,232.0,5-7 лет жен.,,,,,,,
,,,нг/мл,57.0,277.0,8-10 лет жен.,,,,,,,
,,,нг/мл,118.0,448.0,11-12 лет жен.,,,,,,,
,,,нг/мл,170.0,527.0,13-14 лет жен.,,,,,,,
,,,нг/мл,191.0,496.0,15-16 лет жен.,,,,,,,
,,,нг/мл,190.0,429.0,17-19 лет жен.,,,,,,,
,,,нг/мл,15.0,129.0,0-4 года муж.,,,,,,,
,,,нг/мл,22.0,208.0,5-7 лет муж.,,,,,,,
,,,нг/мл,40.0,255.0,8-10 лет муж.,,,,,,,
,,,нг/мл,69.0,316.0,11-12 лет муж.,,,,,,,
,,,нг/мл,143.0,506.0,13-14 лет муж.,,,,,,,
,,,нг/мл,177.0,507.0,15-16 лет муж.,,,,,,,
,,,нг/мл,173.0,414.0,17-19 лет муж.,,,,,,,
,,,нг/мл,117.0,323.0,19-22 года,,,,,,,
,,,нг/мл,99.0,289.0,22-25 лет,,,,,,,
,,,нг/мл,84.0,259.0,25-30 лет,,,,,,,
,,,нг/мл,71.0,234.0,30-35 лет,,,,,,,
,,,нг/мл,63.0,223.0,35-40 лет,,,,,,,
,,,нг/мл,58.0,219.0,40-45 лет,,,,,,,
,,,нг/мл,53.0,215.0,45-50 лет,,,,,,,
,,,нг/мл,48.0,209.0,50-55 лет,,,,,,,
,,,нг/мл,45.0,210.0,55-60 лет,,,,,,,
,,,нг/мл,43.0,220.0,60-65 лет,,,,,,,
,,,нг/мл,40.0,225.0,65-70 лет,,,,,,,
,,,нг/мл,35.0,216.0,70-80 лет,,,,,,,
,,,нг/мл,31.0,208.0,старше 80 лет,,,,,,,
Альфа-фетопротеин (АФП),Альфа-фетопротеин (АФП),Сыв-ка крови,МЕ/мл,0,10,муж. и не беременные жен.,,,ИХЛА,МАРКЕРЫ ОПУХОЛЕВОГО РОСТА		,МАРКЕРЫ ОПУХОЛЕВОГО РОСТА		,"АФП, α-фетопротеин, Фетальный альбумин, Эмбриональный белок, Онкомаркер печени и герминогенных опухолей, Маркер гепатоцеллюлярной карциномы, Скрининговый маркер при беременности","AFP, Alpha-fetoprotein, Fetal albumin, Hepatocellular carcinoma marker, Germ cell tumor marker, Embryonal protein, Pregnancy screening protein"
,,,МЕ/мл,0,12,Беременность 1 -9 неделя,,,,,,,
,,,МЕ/мл,10.0,30.0,Беременность 10 -12 неделя,,,,,,,
,,,МЕ/мл,13,60,Беременность 13-15 неделя,,,,,,,
,,,МЕ/мл,16,93,Беременность 16-18 неделя,,,,,,,
,,,МЕ/мл,32,139,Беременность 19-21 неделя,,,,,,,
,,,МЕ/мл,56,224,Беременность 22-24 неделя,,,,,,,
,,,МЕ/мл,95,357,Беременность 25-27 неделя,,,,,,,
,,,МЕ/мл,135,435,Беременность 28-30 неделя,,,,,,,
,,,МЕ/мл,141,423,Беременность 31-33 неделя,,,,,,,
,,,МЕ/мл,121,379,Беременность 34-37 неделя,,,,,,,
,,,МЕ/мл,93,320,Беременность 38-42 неделя,,,,,,,
Простатический специфический антиген общий (ПСА общий),Простатический специфический антиген общий (ПСА общий),Сыв-ка крови,нг/мл,0,4,муж.,,,ИХЛА,МАРКЕРЫ ОПУХОЛЕВОГО РОСТА		,МАРКЕРЫ ОПУХОЛЕВОГО РОСТА		,"tPSA, Общий ПСА, Простатспецифический антиген, Маркер рака простаты, PSA total, Антиген предстательной железы, Скрининговый тест на рак простаты","Total PSA, Prostate-specific antigen, tPSA, Prostate cancer marker, PSA test, Prostatic antigen, Screening marker for prostate cancer"
Простатический специфический антиген свободный (ПСА свободный),Простатический специфический антиген свободный (ПСА свободный),Сыв-ка крови,нг/мл,0,2.5,муж.,,,ИХЛА,МАРКЕРЫ ОПУХОЛЕВОГО РОСТА		,МАРКЕРЫ ОПУХОЛЕВОГО РОСТА		,"fPSA, Свободный ПСА, Несвязанный ПСА, Фракция свободного PSA, ПСА свободная форма, Уточняющий тест при повышенном общем ПСА, Дифференциальный маркер ДГПЖ и рака простаты","Free PSA, fPSA, Unbound PSA, Free fraction of PSA, PSA uncomplexed, Prostate cancer differential marker, Benign vs. malignant PSA"
ПСА свободный (% от общего),ПСА свободный (% от общего),Сыв-ка крови,%,0,10,Риск обнаружениф рака предстательной железы: ВЫСОКИЙ (44%),,,,МАРКЕРЫ ОПУХОЛЕВОГО РОСТА		,МАРКЕРЫ ОПУХОЛЕВОГО РОСТА		,"Процент свободного ПСА, Индекс свободного ПСА, Соотношение свободного и общего ПСА, Свободная фракция ПСА в процентах, Диагностический индекс ПСА, Относительный уровень свободного ПСА, Доля несвязанного ПСА","Free PSA percentage, Free-to-total PSA ratio, %fPSA, Free PSA proportion, PSA free fraction, Free PSA index, Unbound PSA percentage"
,,,%,10,15,"Риск обнаружениф рака предстательной железы: 32,9%",,,,,,,
,,,%,15,20,"Риск обнаружениф рака предстательной железы: 23,4%",,,,,,,
,,,%,20,26,Риск обнаружениф рака предстательной железы: 16%,,,,,,,
,,,%,>26,,"Риск обнаружениф рака предстательной железы: НИЗКИЙ (10,6%)",,,,,,,
Раково-эмбриональный антиген (РЭА),Раково-эмбриональный антиген (РЭА),Сыв-ка крови,нг/мл,0,5.0,,,,ИХЛА,МАРКЕРЫ ОПУХОЛЕВОГО РОСТА		,МАРКЕРЫ ОПУХОЛЕВОГО РОСТА		,"РЭА, Карциноэмбриональный антиген, CEA, Маркер аденокарцином, Онкомаркер ЖКТ и легких, Эмбриональный гликопротеин, Опухолеассоциированный антиген","CEA, Carcinoembryonic antigen, Gastrointestinal cancer marker, Adenocarcinoma antigen, Embryonal glycoprotein, Tumor-associated antigen, Carcinoembryonic glycoprotein"
Антиген плоскоклеточной карциномы (SCC),Антиген плоскоклеточной карциномы (SCC),Сыв-ка крови,нг/мл,0,1.5,,,,ИХЛА,МАРКЕРЫ ОПУХОЛЕВОГО РОСТА		,МАРКЕРЫ ОПУХОЛЕВОГО РОСТА		,"SCCA, SCC-ag, Антиген плоскоклеточного рака, Маркер рака шейки матки, Сквамозноклеточный антиген, SCC-антиген, Опухолевый маркер эпителиальных новообразований","SCC, Squamous cell carcinoma antigen, SCCA, Cervical cancer marker, SCC-ag, Epithelial tumor marker, Squamous cell cancer test"
СА 124,СА 125,Сыв-ка крови,Ед/мл,0,"35,5",,,,ИХЛА,МАРКЕРЫ ОПУХОЛЕВОГО РОСТА		,МАРКЕРЫ ОПУХОЛЕВОГО РОСТА		,"Углеводный антиген 125, Муцин-16, Маркер рака яичников, Опухолевый маркер СА-125, Серозный онкомаркер, Антиген эпителиальных опухолей, Маркер эндометриоза","CA 125, Cancer Antigen 125, MUC16, Ovarian cancer marker, Serous tumor antigen, Epithelial cancer marker, Endometriosis marker"
HE-3,HE-4,Сыв-ка крови,пмоль/л,0,70,жен. пременопауза,,,ИХЛА,МАРКЕРЫ ОПУХОЛЕВОГО РОСТА		,МАРКЕРЫ ОПУХОЛЕВОГО РОСТА		,"Человеческий эпидидимальный белок 4, WFDC2, Маркер рака яичников, HE4-антиген, Белок эпидидимиса, Онкомаркер HE4, Предиктор эпителиального рака яичников","HE4, Human Epididymis Protein 4, WFDC2, Ovarian cancer biomarker, HE4 antigen, Epididymal secretory protein, EOC (Epithelial Ovarian Cancer) marker"
,,,пмоль/л,0,140,жен. постменопауза,,,,,,,
Индекс ROMA: определение риска развития опухоли яичников (HE-4 + СА 125) ПОСТМЕНОПАУЗА,Индекс ROMA: определение риска развития опухоли яичников (HE-4 + СА 125) ПОСТМЕНОПАУЗА,Сыв-ка крови,%,0,7.4,жен. постменопауза,,,ИХЛА,МАРКЕРЫ ОПУХОЛЕВОГО РОСТА		,МАРКЕРЫ ОПУХОЛЕВОГО РОСТА		,"ROMA-постменопауза, Алгоритм оценки риска рака яичников (постменопауза), Расчетный индекс ROMA (постменопауза), Комбинированный тест HE4+CA125 (постменопауза), Прогностический показатель ROMA (постменопауза), Оценка риска эпителиального рака яичников (постменопауза), ROMA-score (постменопауза)","Postmenopausal ROMA index, ROMA algorithm (postmenopause), Risk of Ovarian Malignancy Algorithm (postmenopausal), HE4+CA125 combined test (postmenopause), Postmenopausal ovarian cancer risk score, ROMA calculation (postmenopause), Epithelial ovarian cancer risk assessment (postmenopause)"
Индекс ROMA: определение риска развития опухоли яичников (HE-4 + СА 125) ПРЕМЕНОПАУЗА,Индекс ROMA: определение риска развития опухоли яичников (HE-4 + СА 125) ПРЕМЕНОПАУЗА,Сыв-ка крови,%,0,25.3,жен. пременопауза,,,ИХЛА,МАРКЕРЫ ОПУХОЛЕВОГО РОСТА		,МАРКЕРЫ ОПУХОЛЕВОГО РОСТА		,"ROMA-пременопауза, Алгоритм оценки риска рака яичников (пременопауза), Расчетный индекс ROMA (пременопауза), Комбинированный тест HE4+CA125 (пременопауза), Прогностический показатель ROMA (пременопауза), Оценка риска эпителиального рака яичников (пременопауза), ROMA-score (пременопауза)","Premenopausal ROMA index, ROMA algorithm (premenopause), Risk of Ovarian Malignancy Algorithm (premenopausal), HE4+CA125 combined test (premenopause), Premenopausal ovarian cancer risk score, ROMA calculation (premenopause), Epithelial ovarian cancer risk assessment (premenopause)"
СА 15-2,СА 15-3,Сыв-ка крови,Ед/мл,0,31.3,,,,ИХЛА,МАРКЕРЫ ОПУХОЛЕВОГО РОСТА		,МАРКЕРЫ ОПУХОЛЕВОГО РОСТА		,"Углеводный антиген 15-3, Муцин-1 (MUC1), Маркер рака молочной железы, Онкомаркер СА15-3, Антиген аденокарциномы груди, Опухолеассоциированный гликопротеин, Маркер метастазов","CA 15-3, Cancer Antigen 15-3, MUC1, Breast cancer marker, CA15-3 antigen, Metastatic breast cancer marker, Tumor-associated glycoprotein"
СА 72-3,СА 72-4,Сыв-ка крови,Ед/мл,0,6.9,,,,ЭХЛА,МАРКЕРЫ ОПУХОЛЕВОГО РОСТА		,МАРКЕРЫ ОПУХОЛЕВОГО РОСТА		,"Углеводный антиген 72-4, TAG-72, Маркер рака желудка, Онкомаркер СА72-4, Антиген опухолей ЖКТ, Опухолевый гликопротеин 72, Маркер муцинозных опухолей","CA 72-4, Cancer Antigen 72-4, TAG-72, Gastric cancer marker, CA72-4 antigen, Gastrointestinal tumor marker, Mucinous tumor antigen"
CA 241,CA 242,Сыв-ка крови,Ед/мл,0,20.0,,,,ИФА,МАРКЕРЫ ОПУХОЛЕВОГО РОСТА		,МАРКЕРЫ ОПУХОЛЕВОГО РОСТА		,"Углеводный антиген 242, Маркер рака поджелудочной железы, Онкомаркер СА242, Антиген опухолей ЖКТ, Гликопротеин CA242, Маркер колоректального рака, СА-242 антиген","CA 242, Cancer Antigen 242, Pancreatic cancer marker, CA242 antigen, Colorectal cancer marker, Gastrointestinal tumor antigen, Sialylated glycoprotein"
СА 19-8,СА 19-9,Сыв-ка крови,МЕ/мл,0,37.0,,,,ИХЛА,МАРКЕРЫ ОПУХОЛЕВОГО РОСТА		,МАРКЕРЫ ОПУХОЛЕВОГО РОСТА		,"Углеводный антиген 19-9, Муцин-1 (MUC1), Маркер рака поджелудочной железы, Онкомаркер СА19-9, Антиген Льюиса, Опухолевый маркер ЖКТ, Гликопротеин CA19-9","CA 19-9, Cancer Antigen 19-9, MUC1, Pancreatic cancer marker, CA19-9 antigen, Lewis blood group antigen, Gastrointestinal cancer marker"
Cyfra-21-0,Cyfra-21-1,Сыв-ка крови,нг/мл,0,3.3,,,,ЭХЛА,МАРКЕРЫ ОПУХОЛЕВОГО РОСТА		,МАРКЕРЫ ОПУХОЛЕВОГО РОСТА		,"Цитокератин-19 фрагмент, CK19, Маркер немелкоклеточного рака легкого, Опухолевый маркер Cyfra 21-1, Антиген плоскоклеточного рака легких, Фрагмент цитокератина 19, Маркер карциномы легкого","Cyfra 21-1, Cytokeratin-19 fragment, CK19, NSCLC marker (Non-Small Cell Lung Cancer), Lung carcinoma marker, Squamous cell lung cancer antigen, Cytokeratin fragment"
Нейронспецифическая энолаза (NSE),Нейронспецифическая энолаза (NSE),Сыв-ка крови,нг/мл,0,16.3,,,,ЭХЛА,МАРКЕРЫ ОПУХОЛЕВОГО РОСТА		,МАРКЕРЫ ОПУХОЛЕВОГО РОСТА		,"NSE, Гамма-энолаза, Нейроэндокринный маркер, Маркер мелкоклеточного рака легкого, Опухолевый маркер NSE, Энолаза нейронов, Маркер нейробластомы","NSE, Neuron-Specific Enolase, Gamma-enolase, Neuroendocrine tumor marker, SCLC marker (Small Cell Lung Cancer), Neuronal enolase, Neuroblastoma marker"
Белок S-100,Белок S-100,Сыв-ка крови,мкг/л,0,1.105,,,,ЭХЛА,МАРКЕРЫ ОПУХОЛЕВОГО РОСТА		,МАРКЕРЫ ОПУХОЛЕВОГО РОСТА		,"S100, S-100 протеин, Маркер меланомы, Глиальный белок, Маркер повреждения мозга, Опухолевый маркер S100, Кальций-связывающий белок","S100 protein, S-100, Melanoma marker, Glial protein, Brain damage marker, Tumor-associated S100, Calcium-binding protein"
UBС II (маркёр рака мочевого пузыря) в моче,UBС II (маркёр рака мочевого пузыря) в моче,Моча разовая (средняя порция),мкг/л,0,35.0,,,,ИФА,МАРКЕРЫ ОПУХОЛЕВОГО РОСТА		,МАРКЕРЫ ОПУХОЛЕВОГО РОСТА		,"Антиген рака мочевого пузыря, UBC тест, Маркер переходноклеточного рака, Иммуноанализ UBC, Опухолевый маркер мочи, Неинвазивный тест на рак мочевого пузыря, Цитокератиновый маркер","UBC II (Urinary Bladder Cancer antigen), Bladder tumor antigen, Transitional cell carcinoma marker, UBC rapid test, Urinary tumor marker, Non-invasive bladder cancer test, Cytokeratin-based marker"
"Прогастрин-высвобождающий пептид (Pro-GRP)
","Прогастрин-высвобождающий пептид (Pro-GRP)
",Сыв-ка крови,пг/мл,0,50.0,,,,ИХЛА,МАРКЕРЫ ОПУХОЛЕВОГО РОСТА		,МАРКЕРЫ ОПУХОЛЕВОГО РОСТА		,"Прогастрин-рилизинг пептид, ProGRP, Предшественник гастрин-рилизинг пептида, Маркер мелкоклеточного рака легкого, Нейроэндокринный онкомаркер, Прогастрин-высвобождающий белок, Пептид-предшественник GRP","Pro-Gastrin-Releasing Peptide, ProGRP, GRP precursor, Small cell lung cancer marker, Neuroendocrine tumor marker, Pro-gastrin-releasing protein, GRP propeptide"
Исследование кала на скрытую кровь,Исследование кала на скрытую кровь,Кал,,,отрицательно,,,,иммунохроматографический метод,МАРКЕРЫ ОПУХОЛЕВОГО РОСТА		,МАРКЕРЫ ОПУХОЛЕВОГО РОСТА		,"Анализ кала на скрытую кровь, FOBT, Гваяковая проба, Иммунохимический тест на скрытую кровь, Колоректальный скрининг, Тест на гемоглобин в кале, Ранняя диагностика рака кишечника","Fecal Occult Blood Test (FOBT), Stool occult blood, Guaiac test, Immunochemical FOBT (iFOBT), Colorectal cancer screening, Fecal hemoglobin test, Early bowel cancer detection"
"ВИЧ-Комбо (HIV): Ат к вирусу иммунодефицита человека 1, 2 + антиген","ВИЧ-Комбо (HIV): Ат к вирусу иммунодефицита человека 1, 2 + антиген",Сыв-ка крови,,,отрицательно,,,,ИХЛА,ВИРУСНЫЕ ИНФЕКЦИИ		,ВИЧ-инфекция (HIV)		,"Тест на ВИЧ 4-го поколения, Комбо-тест ВИЧ (антитела + p24), Скрининг ВИЧ-инфекции, ИФА на ВИЧ (Ag/Ab), Антитела к ВИЧ 1/2 с антигеном p24, Диагностика ВИЧ (комбинированный тест), Ранний маркер ВИЧ","HIV Combo test, HIV Ag/Ab assay, 4th generation HIV test, HIV-1/2 antibodies + p24 antigen, Combined HIV screening, HIV serology (4th gen), HIV antigen-antibody test"
Ат к вирусу гепатита А IgM (анти-HAV IgM),Ат к вирусу гепатита А IgM (анти-HAV IgM),Сыв-ка крови,,,Не обнаружено,,,,ИХЛА,ВИРУСНЫЕ ИНФЕКЦИИ		,Вирус гепатита А (HAV)		,"Антитела IgM к гепатиту А, Маркер острой фазы HAV, anti-HAV IgM, Иммуноглобулины M к вирусу гепатита А, Диагностика острого гепатита А, Ранние антитела к HAV, Серология гепатита А (IgM)","Anti-HAV IgM, Hepatitis A IgM antibodies, Acute HAV marker, IgM to hepatitis A virus, Early HAV infection test, HAV serology (IgM), Hepatitis A IgM assay"
Ат к вирусу гепатита А IgG (анти-HAV IgG),Ат к вирусу гепатита А IgG (анти-HAV IgG),Сыв-ка крови,,,Не обнаружено,,,,ИХЛА,,,,
Ат к вирусу гепатита А суммарные (анти-HAV),Ат к вирусу гепатита А суммарные (анти-HAV),Сыв-ка крови,,,Не обнаружено,,,,ЭХЛА,ВИРУСНЫЕ ИНФЕКЦИИ		,Вирус гепатита А (HAV)		,"Суммарные антитела к гепатиту А, anti-HAV total, Иммуноглобулины G+M к HAV, Маркер перенесённого/вакцинального гепатита А, Серологический тест на HAV, Антитела к вирусу гепатита А (IgG+IgM), Скрининг иммунитета к HAV","Anti-HAV total, Hepatitis A total antibodies, HAV IgG+IgM, Post-infection/vaccine HAV marker, Hepatitis A serology, Total anti-HAV assay, HAV immunity test"
"HВsAg (антиген ""s"" вируса гепатита В)","HВsAg (антиген ""s"" вируса гепатита В)",Сыв-ка крови,,,Не обнаружено,,,,ЭХЛА,ВИРУСНЫЕ ИНФЕКЦИИ		,Вирус гепатита В (HBV)		,"Поверхностный антиген гепатита В, Австралийский антиген, HBs-антиген, Маркер инфицирования HBV, Скрининговый тест на гепатит В, s-антиген HBV, Вирусный антиген гепатита В","HBsAg, Hepatitis B surface antigen, Australia antigen, HBV surface antigen, Hepatitis B infection marker, s-antigen HBV, Viral hepatitis B antigen"
"Анти-HBs Ат суммарные (к ""s"" антигену вируса гепатита В, anti-HВs)","Анти-HBs Ат суммарные (к ""s"" антигену вируса гепатита В, anti-HВs) Полу-количественный",Сыв-ка крови,мМЕ/мл,0 ,10.0,,,,Твердофазный хемилюминесцентный иммуноферментный анализ,ВИРУСНЫЕ ИНФЕКЦИИ		,Вирус гепатита В (HBV)		,"Антитела к HBs-антигену, Защитные антитела к гепатиту В, Иммунный ответ на вакцинацию, anti-HBs total, Антитела к поверхностному антигену HBV, Маркер иммунитета к HBV, Поствакцинальные антитела","Anti-HBs, Hepatitis B surface antibodies, HBV protective antibodies, Post-vaccination immunity marker, Anti-HBs total, HBV immunity test, Surface antigen antibodies"
,"Анти-HBs Ат суммарные (к ""s"" антигену вируса гепатита В, anti-HВs) Качественный",,,,отрицательный,,,,,,,,
"Анти-HBc Ат суммарные (к сердцевине вируса гепатита В, anti-HBc)","Анти-HBc Ат суммарные (к сердцевине вируса гепатита В, anti-HBc) качественный",Сыв-ка крови,,,отрицательный,,,,ИФА,ВИРУСНЫЕ ИНФЕКЦИИ		,Вирус гепатита В (HBV)		,"Суммарные антитела к core-антигену HBV, Анти-HBc total, Антитела к ядерному антигену гепатита В, Маркер контакта с HBV (текущего/перенесённого), Core-антитела HBV, Серологический маркер гепатита В","Anti-HBc total, Hepatitis B core antibodies, Total anti-HBc, HBV core antigen antibodies, Marker of HBV exposure, Core antibodies HBV, Hepatitis B serology marker"
"Анти-HBc Ат IgM (к сердцевине вируса гепатита В, anti-HBc IgM)","Анти-HBc Ат IgM (к сердцевине вируса гепатита В, anti-HBc IgM) Полу-количественный",Сыв-ка крови,Ед/мл,0,2,,,,ИХЛА,ВИРУСНЫЕ ИНФЕКЦИИ		,Вирус гепатита В (HBV)		,"Антитела IgM к core-антигену HBV, Острый гепатит В (маркер), anti-HBc IgM, Ранние антитела к HBV, Маркер недавнего инфицирования, IgM к ядерному антигену гепатита В","Anti-HBc IgM, Hepatitis B core IgM antibodies, Acute HBV marker, IgM to core antigen, Early HBV infection test, Recent HBV infection marker"
,"Анти-HBc Ат IgM (к сердцевине вируса гепатита В, anti-HBc IgM) Качественный",,,,отрицательный,,,,,,,,
"HВeAg (антиген ""е"" вируса гепатита В)","HВeAg (антиген ""е"" вируса гепатита В) Полу-количественный",Сыв-ка крови,,0,1,,,,ИХЛА,ВИРУСНЫЕ ИНФЕКЦИИ		,Вирус гепатита В (HBV)		,"e-антиген HBV, Маркер репликации вируса, Показатель высокой инфекционности, HBe-антиген, Антиген инфекционности гепатита В, Маркер активной репликации HBV","HBeAg, Hepatitis B e-antigen, HBV replication marker, Infectivity antigen, HBe-antigen, Viral activity marker, HBV e-antigen"
,"HВeAg (антиген ""е"" вируса гепатита В) Качественный",,,,отрицательный,,,,,,,,
"Анти-Hbe Ат суммарные (к ""е"" антигену вируса гепатита В, anti-HВe)","Анти-Hbe Ат суммарные (к ""е"" антигену вируса гепатита В, anti-HВe) Полу-количественный",Сыв-ка крови,,0,1,,,,ИХЛА,ВИРУСНЫЕ ИНФЕКЦИИ		,Вирус гепатита В (HBV)		,"Антитела к e-антигену HBV, anti-HBe total, Сероконверсия при гепатите В, Маркер сниженной репликации HBV, Антитела к антигену инфекционности, Показатель неактивной фазы","Anti-HBe, Hepatitis B e-antibodies, Anti-HBe total, HBV seroconversion marker, Low replication marker, e-antibodies HBV, Inactive phase indicator"
,"Анти-Hbe Ат суммарные (к ""е"" антигену вируса гепатита В, anti-HВe) Качественный",,,,отрицательный,,,,,,,,
"Ат к вирусу гепатита С (анти-HCV, суммарные)","Ат к вирусу гепатита С (анти-HCV, суммарные) качественный",Сыв-ка крови,,,отрицательный,,,,ИФА,ВИРУСНЫЕ ИНФЕКЦИИ		,Вирус гепатита С (HCV)		,"Суммарные антитела к HCV, anti-HCV total, Скрининг гепатита С, Маркер контакта с HCV, Антитела к вирусу гепатита С (IgG+IgM), Серологический тест на HCV","Anti-HCV, Hepatitis C virus antibodies, HCV total antibodies, HCV screening test, Exposure marker to HCV, HCV serology test, Anti-HCV total assay"
Ат к вирусу гепатита С IgM (анти-HCV IgМ),Ат к вирусу гепатита С IgM (анти-HCV IgМ) качественный,Сыв-ка крови,,,отрицательный,,,,ИФА,ВИРУСНЫЕ ИНФЕКЦИИ		,Вирус гепатита С (HCV)		,"Антитела IgM к HCV, Острый гепатит С (маркер), anti-HCV IgM, Ранние антитела к HCV, Маркер недавнего инфицирования, IgM к вирусу гепатита С","Anti-HCV IgM, Hepatitis C IgM antibodies, Acute HCV marker, IgM to HCV, Early HCV infection test, Recent HCV infection marker"
Ат к вирусу гепатита С IgG - иммуноблот подтверждающий,Ат к вирусу гепатита С IgG - иммуноблот подтверждающий Полу-количественный,Сыв-ка крови,,0,1,,,,Иммуноблот,ВИРУСНЫЕ ИНФЕКЦИИ		,Вирус гепатита С (HCV)		,"Подтверждающий тест на HCV (иммуноблот), Антитела IgG к HCV (вестерн-блот), Дифференциальная диагностика гепатита С, Иммуноблот anti-HCV, Специфические антитела к HCV, Верификация гепатита С","HCV IgG immunoblot, Confirmatory HCV test (Western blot), HCV antibody confirmation, Immunoblot for anti-HCV, Specific HCV antibodies, HCV verification assay"
,Ат к вирусу гепатита С IgG - иммуноблот подтверждающий Качественный,,,,отрицательный,,,,,,,,
Ат к вирусу гепатита D суммарные (anti-HDV),Ат к вирусу гепатита D суммарные (anti-HDV) Полу-количественный,Сыв-ка крови,,0,1,,,,ИФА,ВИРУСНЫЕ ИНФЕКЦИИ		,"Вирус гепатита D (дельта, HDV)		","Суммарные антитела к HDV, anti-HDV total, Маркер инфицирования вирусом гепатита D, Антитела к дельта-вирусу, Серологический тест на HDV, Дельта-инфекция (суммарные АТ), Скрининг гепатита D","Anti-HDV total, Hepatitis D virus antibodies, HDV total antibodies, Delta virus marker, HDV serology test, Anti-delta antibodies, Hepatitis D screening"
,Ат к вирусу гепатита D суммарные (anti-HDV) Качественный,,,,отрицательный,,,,,,,,
Ат к вирусу гепатита D IgM (анти-HDV IgM),Ат к вирусу гепатита D IgM (анти-HDV IgM) Полу-количественный,Сыв-ка крови,,0,1,,,,ИФА,ВИРУСНЫЕ ИНФЕКЦИИ		,"Вирус гепатита D (дельта, HDV)		","Антитела IgM к HDV, Острый гепатит D (маркер), anti-HDV IgM, Ранние антитела к дельта-вирусу, Маркер недавнего инфицирования HDV, IgM к вирусу гепатита D","Anti-HDV IgM, Hepatitis D IgM antibodies, Acute HDV marker, IgM to delta virus, Early HDV infection test, Recent HDV infection marker"
,Ат к вирусу гепатита D IgM (анти-HDV IgM) Качественный,,,,отрицательный,,,,,,,,
Ат к вирусу гепатита Е IgG (анти-HEV IgG),Ат к вирусу гепатита Е IgG (анти-HEV IgG) Полу-количественный,Сыв-ка крови,,0,1,,,,ИФА,ВИРУСНЫЕ ИНФЕКЦИИ		,Вирус гепатита Е (HEV)		,"Антитела IgG к HEV, anti-HEV IgG, Маркер перенесённого гепатита Е, Иммунный ответ на HEV, Серологический тест на HEV (IgG), Постинфекционные антитела к HEV","Anti-HEV IgG, Hepatitis E IgG antibodies, Past HEV infection marker, IgG to HEV, HEV immunity test, Post-exposure HEV antibodies"
,Ат к вирусу гепатита Е IgG (анти-HEV IgG) Качественный,,,,отрицательный,,,,,,,,
Ат к вирусу гепатита Е IgM (анти-HEV IgM),Ат к вирусу гепатита Е IgM (анти-HEV IgM) Полу-количественный,Сыв-ка крови,,0,1,,,,ИФА,ВИРУСНЫЕ ИНФЕКЦИИ		,Вирус гепатита Е (HEV)		,"Антитела IgM к HEV, Острый гепатит Е (маркер), anti-HEV IgM, Ранние антитела к вирусу гепатита Е, Маркер недавнего инфицирования HEV, IgM к HEV","Anti-HEV IgM, Hepatitis E IgM antibodies, Acute HEV marker, IgM to HEV, Early HEV infection test, Recent HEV infection marker"
,Ат к вирусу гепатита Е IgM (анти-HEV IgM) Качественный,,,,отрицательный,,,,,,,,
Ат к вирусу простого герпеса 2 типа IgG (Herpes (HSV) 2 IgG),Ат к вирусу простого герпеса 2 типа IgG (Herpes (HSV) 2 IgG) Качественный,Сыв-ка крови,,,отрицательный,,,,ИФА,ВИРУСНЫЕ ИНФЕКЦИИ		,"Вирус простого герпеса 1 и 2 типа (Herpes (HSV) 1&2, ВПГ-1,2)		","Антитела IgG к ВПГ-2, Герпес 2 типа (IgG), anti-HSV-2 IgG, Маркер хронической HSV-2 инфекции, Серологический тест на генитальный герпес, Иммуноглобулины G к HSV-2","HSV-2 IgG antibodies, Herpes simplex virus type 2 IgG, anti-HSV-2 IgG, Chronic HSV-2 marker, Genital herpes serology, IgG to HSV-2"
Ат к вирусу простого герпеса 1 типа IgG (Herpes (HSV) 1 IgG),Ат к вирусу простого герпеса 1 типа IgG (Herpes (HSV) 1 IgG) качественный,Сыв-ка крови,,,,,,,ИФА,ВИРУСНЫЕ ИНФЕКЦИИ		,"Вирус простого герпеса 1 и 2 типа (Herpes (HSV) 1&2, ВПГ-1,2)		","Антитела IgG к ВПГ-1, Герпес 1 типа (IgG), anti-HSV-1 IgG, Маркер хронической HSV-1 инфекции, Серологический тест на лабиальный герпес, Иммуноглобулины G к HSV-1","HSV-1 IgG antibodies, Herpes simplex virus type 1 IgG, anti-HSV-1 IgG, Chronic HSV-1 marker, Oral herpes serology, IgG to HSV-1"
Ат к вирусу простого герпеса 1 и 2 типа IgM (Herpes (HSV) 1+2 IgM),Ат к вирусу простого герпеса 1 и 2 типа IgM (Herpes (HSV) 1+2 IgM) Полу-количественный,Сыв-ка крови,,0,1,,,,ИФА,ВИРУСНЫЕ ИНФЕКЦИИ		,"Вирус простого герпеса 1 и 2 типа (Herpes (HSV) 1&2, ВПГ-1,2)		","Антитела IgM к ВПГ-1/2, Острая герпес-инфекция (IgM), anti-HSV IgM, Ранние антитела к герпесу, Маркер первичного инфицирования, Иммуноглобулины M к HSV-1/2","HSV IgM antibodies, Herpes simplex virus IgM (1+2), anti-HSV IgM, Acute herpes infection marker, Primary HSV infection test, IgM to HSV-1/2"
,Ат к вирусу простого герпеса 1 и 2 типа IgM (Herpes (HSV) 1+2 IgM) Качественный,,,,отрицательный,,,,,,,,
Ат к цитомегаловирусу IgG (CMV IgG),Ат к цитомегаловирусу IgG (CMV IgG) Полу-количественный,Сыв-ка крови,,0,0.5,,,,ИХЛА,ВИРУСНЫЕ ИНФЕКЦИИ		,"Цитомегаловирус (CMV, HHV-5, ЦМВ, инфекционный мононуклеоз)		","Антитела IgG к ЦМВ, anti-CMV IgG, Маркер перенесённой ЦМВ-инфекции, Иммунный ответ на цитомегаловирус, Серология ЦМВ (IgG)","CMV IgG antibodies, Cytomegalovirus IgG, anti-CMV IgG, Past CMV infection marker, CMV immunity test, IgG to CMV"
,Ат к цитомегаловирусу IgG (CMV IgG) Качественный,,,,,,,,,,,,
Ат к цитомегаловирусу IgM (CMV IgM),Ат к цитомегаловирусу IgM (CMV IgM) Полу-количественный,Сыв-ка крови,,0,0.7,,,,ИХЛА,ВИРУСНЫЕ ИНФЕКЦИИ		,"Цитомегаловирус (CMV, HHV-5, ЦМВ, инфекционный мононуклеоз)		","Антитела IgM к ЦМВ, anti-CMV IgM, Острая ЦМВ-инфекция (маркер), Ранние антитела к цитомегаловирусу, Первичное инфицирование ЦМВ","CMV IgM antibodies, Cytomegalovirus IgM, anti-CMV IgM, Acute CMV infection marker, Primary CMV infection test, IgM to CMV"
,Ат к цитомегаловирусу IgM (CMV IgM) Качественный,,,,отрицательный,,,,,,,,
Авидность антител IgG к цитомегаловирусу (CMV IgG Avidity),Авидность антител IgG к цитомегаловирусу (CMV IgG Avidity) ,Сыв-ка крови,,,<45% - низкоавидные антитела; 45-55% - пограничная авидность; >55% - высокоавидные антитела,,,,ИХЛА,ВИРУСНЫЕ ИНФЕКЦИИ		,"Цитомегаловирус (CMV, HHV-5, ЦМВ, инфекционный мононуклеоз)		","Индекс авидности IgG к ЦМВ, Тест на зрелость антител, Авидность CMV IgG, Дифференциация первичной/хронической инфекции, Высокоавидные антитела к ЦМВ","CMV IgG avidity, Avidity index for CMV, IgG maturity test, CMV primary infection marker, High-avidity CMV antibodies"
Ат к капсидному белку вируса Эпштейн-Барр IgG (EBV VCAIgG),Ат к капсидному белку вируса Эпштейн-Барр IgG (EBV VCAIgG) Полу-количественный,Сыв-ка крови,,0,0.79,,,,ИФА,ВИРУСНЫЕ ИНФЕКЦИИ		,"Вирус Эпштейн-Барр (Epstein-Barr virus (EBV), HHV-4, ВЭБ, инфекционный мононуклеоз)		","Антитела IgG к VCA EBV, anti-VCA IgG (EBV), Маркер текущей/перенесённой EBV-инфекции, Капсидные антитела к вирусу ЭБВ, Серология EBV (VCA IgG)","EBV VCA IgG, Epstein-Barr virus capsid IgG, anti-VCA IgG (EBV), EBV infection marker, IgG to EBV capsid antigen, VCA IgG antibodies"
,Ат к капсидному белку вируса Эпштейн-Барр IgG (EBV VCAIgG) Качественный,,,,отрицательный,,,,,,,,
Ат к капсидному белку вируса Эпштейн-Барр IgM (EBV VCAIgM),Ат к капсидному белку вируса Эпштейн-Барр IgM (EBV VCAIgM) Полу-количественный,Сыв-ка крови,,0,0.79,,,,ИФА,ВИРУСНЫЕ ИНФЕКЦИИ		,"Вирус Эпштейн-Барр (Epstein-Barr virus (EBV), HHV-4, ВЭБ, инфекционный мононуклеоз)		","Антитела IgM к VCA EBV, anti-VCA IgM (EBV), Острый мононуклеоз (маркер), Ранние антитела к ЭБВ, Первичная EBV-инфекция","EBV VCA IgM, Epstein-Barr virus capsid IgM, anti-VCA IgM (EBV), Acute EBV infection marker, Primary EBV infection test, IgM to EBV capsid"
,Ат к капсидному белку вируса Эпштейн-Барр IgM (EBV VCAIgM) Качественный,,,,отрицательный,,,,,,,,
Ат к ядерному антигену вируса Эпштейн-Барр IgG (EBV NAIgG),Ат к ядерному антигену вируса Эпштейн-Барр IgG (EBV NAIgG) Полу-количественный,Сыв-ка крови, у.е./мл,,,,,,ИФА,ВИРУСНЫЕ ИНФЕКЦИИ		,"Вирус Эпштейн-Барр (Epstein-Barr virus (EBV), HHV-4, ВЭБ, инфекционный мононуклеоз)		","Антитела IgG к EBNA, anti-EBNA IgG, Маркер перенесённой EBV-инфекции, Поздние антитела к ЭБВ, Серология EBV (EBNA IgG)","EBV NA IgG, EBV nuclear antigen IgG, anti-EBNA IgG, Past EBV infection marker, Late EBV antibodies, IgG to EBNA"
,Ат к ядерному антигену вируса Эпштейн-Барр IgG (EBV NAIgG) Качественный,,,,отрицательный,,,,,,,,
Антитела к раннему антигену вируса Эпштейн-Барр IgG (колич.),Антитела к раннему антигену вируса Эпштейн-Барр IgG (колич.) Полу-количественный,Сыв-ка крови,,0,0.8,,,,ИФА,ВИРУСНЫЕ ИНФЕКЦИИ		,"Вирус Эпштейн-Барр (Epstein-Barr virus (EBV), HHV-4, ВЭБ, инфекционный мононуклеоз)		","Антитела IgG к EA EBV, anti-EA IgG (EBV), Маркер активной репликации EBV, Ранние антигены ЭБВ, Количественный тест на EA IgG","EBV EA IgG, Epstein-Barr early antigen IgG, anti-EA IgG (EBV), EBV replication marker, Quantitative EA IgG test, IgG to early antigen"
,Антитела к раннему антигену вируса Эпштейн-Барр IgG (колич.) Качественный,,,,отрицательный,,,,,,,,
Антитела к вирусу Варицелла-Зостер IgG (колич.),Антитела к вирусу Варицелла-Зостер IgG (колич.) Полу-количественный,Сыв-ка крови,,0,0.8,,,,ИФА,ВИРУСНЫЕ ИНФЕКЦИИ		,"Вирус Варицелла-Зостер (Varicella-zoster virus (VZV), HHV-3, ветряная оспа, опоясывающий лишай)		","IgG к вирусу ветряной оспы, Количественные антитела к VZV, Антитела к герпесвирусу 3 типа (IgG), Маркер иммунитета к ветрянке, Поствакцинальные антитела к ветряной оспе, Анти-VZV IgG (количественный), Серологический тест на иммунитет к Varicella","VZV IgG antibodies, Varicella-zoster virus IgG (quantitative), Anti-chickenpox IgG antibodies, Herpesvirus 3 type IgG, Post-varicella immunity marker, Quantitative VZV IgG test, Varicella immunity serology"
,Антитела к вирусу Варицелла-Зостер IgG (колич.) Качественный,,,,,,,,,,,,
Антитела к вирусу Варицелла-Зостер IgM (кач.),Антитела к вирусу Варицелла-Зостер IgM (кач.) Полу-количественный,Сыв-ка крови,,0,0.8,,,,ИФА,ВИРУСНЫЕ ИНФЕКЦИИ		,"Вирус Варицелла-Зостер (Varicella-zoster virus (VZV), HHV-3, ветряная оспа, опоясывающий лишай)		","IgM к вирусу ветряной оспы, Качественные антитела к VZV, Маркер острой ветрянки, Антитела к опоясывающему лишаю (IgM), Острый герпес зостер (IgM), Анти-VZV IgM (качественный), Тест на активную Varicella-инфекцию","VZV IgM antibodies, Acute varicella-zoster infection marker, Anti-Herpes Zoster IgM, Qualitative VZV IgM test, Chickenpox IgM antibodies, Shingles IgM detection, Active VZV infection test"
,Антитела к вирусу Варицелла-Зостер IgM (кач.) Качественный,,,,отрицательный,,,,,,,,
Ат к вирусу краснухи IgG (Rubella IgG),Ат к вирусу краснухи IgG (Rubella IgG) Полу-количественный,Сыв-ка крови,,0,10.0,,,,ИФА,ВИРУСНЫЕ ИНФЕКЦИИ		,Вирус краснухи (Rubella; Rubivirus)		,"IgG к вирусу краснухи, Антитела к немецкой кори (IgG), Маркер иммунитета к краснухе, Поствакцинальные антитела к Rubella, Анти-Rubella IgG, Серология краснухи (IgG), Тест на иммунную защиту от краснухи","Rubella IgG antibodies, German measles IgG, Rubella immunity marker, Post-vaccination rubella antibodies, Anti-Rubella virus IgG, Rubella serology (IgG), Rubella protective immunity test"
,Ат к вирусу краснухи IgG (Rubella IgG) Качественный,,,,,,,,,,,,
Ат к вирусу краснухи IgM (Rubella IgM),Ат к вирусу краснухи IgM (Rubella IgM) Полу-количественный,Сыв-ка крови,,0,0.8,,,,ИХЛА,ВИРУСНЫЕ ИНФЕКЦИИ		,Вирус краснухи (Rubella; Rubivirus)		,"IgM к вирусу краснухи, Антитела к немецкой кори (IgM), Маркер острой краснухи, Первичная инфекция Rubella (IgM), Анти-Rubella IgM, Острый краснушный синдром (IgM), Тест на свежую Rubella-инфекцию","Rubella IgM antibodies, Acute rubella infection marker, German measles IgM, Primary rubella infection test, Anti-Rubella virus IgM, Recent rubella exposure test, Rubella acute phase antibodies"
,Ат к вирусу краснухи IgM (Rubella IgM) Качественный,,,,отрицательный,,,,,,,,
Ат к вирусу кори IgG (Measles IgG),Ат к вирусу кори IgG (Measles IgG) Полу-количественный,Сыв-ка крови, МЕ/мл,0,0.12,,,,ИХЛА,ВИРУСНЫЕ ИНФЕКЦИИ		,Вирус кори (Measles virus)		,"IgG к вирусу кори, Антитела к measles (IgG), Маркер иммунитета к кори, Поствакцинальные антитела, Анти-Measles IgG, Серология кори (IgG), Тест на защитный иммунитет против кори","Measles IgG antibodies, Rubeola IgG, Measles immunity marker, Post-vaccination measles antibodies, Anti-Measles virus IgG, Measles serology (IgG), Protective measles immunity test"
,Ат к вирусу кори IgG (Measles IgG) Качественный,,,,,,,,,,,,
Ат к вирусу паротита IgG (Mumps IgG),Ат к вирусу паротита IgG (Mumps IgG) Полу-количественный,Сыв-ка крови,,,,,,,ИФА,ВИРУСНЫЕ ИНФЕКЦИИ		,"Вирус эпидемического паротита (Mumps virus, свинка)		","IgG к вирусу паротита, Антитела к свинке (IgG), Маркер иммунитета к эпидемическому паротиту, Поствакцинальные антитела к паротиту, Анти-Mumps IgG, Серология паротита (IgG), Тест на иммунную защиту от свинки","Mumps IgG antibodies, Parotitis IgG, Mumps immunity marker, Post-vaccination mumps antibodies, Anti-Mumps virus IgG, Mumps serology (IgG), Protective mumps immunity test"
,Ат к вирусу паротита IgG (Mumps IgG) Качественный,,,,отрицательный,,,,,,,,
Ат к вирусу паротита IgM (Mumps IgM),"Ат к вирусу паротита IgM (Mumps IgM)
 Полу-количественный",Сыв-ка крови,,,,,,,ИФА,ВИРУСНЫЕ ИНФЕКЦИИ		,"Вирус эпидемического паротита (Mumps virus, свинка)		","IgM к вирусу паротита, Антитела к свинке (IgM), Маркер острого паротита, Первичная инфекция Mumps (IgM), Анти-Mumps IgM, Острый паротитный синдром (IgM), Тест на свежую Mumps-инфекцию","Mumps IgM antibodies, Acute mumps infection marker, Parotitis IgM, Primary mumps infection test, Anti-Mumps virus IgM, Recent mumps exposure test, Mumps acute phase antibodies"
,"Ат к вирусу паротита IgM (Mumps IgM)
 Качественный",,,,отрицательный,,,,,,,,
,Ат к парвовирусу В19 IgG (Parvovirus B19 IgG) Полу-количественный,Сыв-ка крови,,,,,,,,ВИРУСНЫЕ ИНФЕКЦИИ		,"Парвовирус B19 (Parvovirus B19, вирус инфекционной эритемы)		","IgG к парвовирусу В19, Антитела к пятой болезни (IgG), Маркер перенесённой инфекции B19, Анти-B19 IgG, Серология парвовируса (IgG), Тест на иммунитет к парвовирусу, Антитела к инфекционной эритеме (IgG)","Parvovirus B19 IgG antibodies, Erythema infectiosum IgG, Past B19 infection marker, Anti-Parvovirus B19 IgG, Parvovirus serology (IgG), B19 immunity test, Fifth disease IgG antibodies"
,Ат к парвовирусу В19 IgG (Parvovirus B19 IgG) Качественный,,,,,,,,,,,,
,Ат к парвовирусу В19 IgM (Parvovirus B19 IgM) Полу-количественный,Сыв-ка крови,,,,,,,,ВИРУСНЫЕ ИНФЕКЦИИ		,"Парвовирус B19 (Parvovirus B19, вирус инфекционной эритемы)		","IgM к парвовирусу В19, Антитела к пятой болезни (IgM), Маркер острой инфекции B19, Первичная инфекция Parvovirus (IgM), Анти-B19 IgM, Острый парвовирусный синдром (IgM), Тест на свежую B19-инфекцию","Parvovirus B19 IgM antibodies, Acute B19 infection marker, Fifth disease IgM, Primary parvovirus infection test, Anti-Parvovirus B19 IgM, Recent B19 exposure test, B19 acute phase antibodies"
,Ат к парвовирусу В19 IgM (Parvovirus B19 IgM) Качественный,,,,,,,,,,,,
,Ат к вирусу клещевого энцефалита IgG Полу-количественный,Сыв-ка крови,,,,,,,,ВИРУСНЫЕ ИНФЕКЦИИ		,Вирус клещевого энцефалита		,"IgG к TBEV, Антитела к клещевому энцефалиту (IgG), Маркер постинфекционного иммунитета, Анти-TBE IgG, Серология клещевого энцефалита (IgG), Тест на иммунную защиту от TBE, Антитела к весенне-летнему энцефалиту (IgG)","TBE IgG antibodies, Tick-borne encephalitis IgG, Post-infection TBE immunity, Anti-TBE virus IgG, TBE serology (IgG), Protective TBE immunity test, Spring-summer encephalitis IgG"
,Ат к вирусу клещевого энцефалита IgG Качественный,,,,,,,,,,,,
,Ат к вирусу клещевого энцефалита IgM Полу-количественный,Сыв-ка крови,,,,,,,,ВИРУСНЫЕ ИНФЕКЦИИ		,Вирус клещевого энцефалита		,"IgM к TBEV, Антитела к клещевому энцефалиту (IgM), Маркер острого клещевого энцефалита, Первичная инфекция TBE (IgM), Анти-TBE IgM, Острый TBE-синдром (IgM), Тест на свежую TBE-инфекцию","TBE IgM antibodies, Acute tick-borne encephalitis marker, TBE IgM test, Primary TBE infection test, Anti-TBE virus IgM, Recent TBE exposure test, TBE acute phase antibodies"
,Ат к вирусу клещевого энцефалита IgM Качественный,,,,,,,,,,,,
,Ат к Treponema pallidum (IgG+IgM) Полу-количественный,Сыв-ка крови,,,,,,,,ВИРУСНЫЕ ИНФЕКЦИИ		,Сифилис (Trponema pallidum (трепонема паллидум))		,"Суммарные антитела к бледной трепонеме, Сифилис (IgG+IgM), Скрининговый тест на сифилис, Анти-TP суммарные, Серология сифилиса (IgG+IgM), Тест на инфекцию Treponema pallidum, Комбинированный тест на сифилис","Treponema pallidum total antibodies, Syphilis screening test (IgG+IgM), TP total antibodies, Anti-Treponema pallidum IgG+IgM, Syphilis serology (total), Combined syphilis test, T. pallidum infection screen"
,Ат к Treponema pallidum (IgG+IgM) Качественный,,,,,,,,,,,,
,Ат к Treponema pallidum IgМ Полу-количественный,Сыв-ка крови,,,,,,,,ВИРУСНЫЕ ИНФЕКЦИИ		,Сифилис (Trponema pallidum (трепонема паллидум))		,"IgM к бледной трепонеме, Маркер острого сифилиса, Ранние антитела к T. pallidum, Анти-TP IgM, Острая сифилитическая инфекция (IgM), Тест на свежий сифилис, Первичный сифилис (IgM)","Treponema pallidum IgM antibodies, Acute syphilis marker, Early syphilis antibodies, Anti-TP IgM, Recent syphilis infection test, Primary syphilis IgM, T. pallidum acute phase antibodies"
,Ат к Treponema pallidum IgМ Качественный,,,,,,,,,,,,
,Ат к Treponema pallidum (РПГА; суммарные) Полу-количественный,Сыв-ка крови,,,,,,,,ВИРУСНЫЕ ИНФЕКЦИИ		,Сифилис (Trponema pallidum (трепонема паллидум))		,"Реакция пассивной гемагглютинации (РПГА), Суммарные антитела к T. pallidum (РПГА), Подтверждающий тест на сифилис, Анти-TP (РПГА), Серология сифилиса (РПГА), Тест на паст-инфекцию сифилиса, Гемагглютинационный тест на трепонему","TPHA test, Treponema pallidum hemagglutination assay, Syphilis confirmatory test, Anti-TP (TPHA), Syphilis TPHA serology, Past syphilis infection test, Treponemal hemagglutination test"
,Ат к Treponema pallidum (РПГА; суммарные) Качественный,,,,,,,,,,,,
,Реакция микропреципитации с нетрепонемным антигеном (RPR) Полу-количественный,Сыв-ка крови,,,,,,,,ВИРУСНЫЕ ИНФЕКЦИИ		,Сифилис (Trponema pallidum (трепонема паллидум))		,"RPR-тест, Нетрепонемный тест на сифилис, Скрининговый тест RPR, Реакция Вассермана (модифицированная), Тест быстрых плазменных реагинов, Нетрепонемный скрининг сифилиса, Тест на реагиновые антитела","RPR test, Rapid plasma reagin test, Non-treponemal syphilis screening, Modified Wassermann test, Reagin antibody test, Syphilis screening (RPR), Non-specific syphilis test"
,Реакция микропреципитации с нетрепонемным антигеном (RPR) Качественный,,,,,,,,,,,,
Ат к Chlamydia trachomatis IgG,"Ат к Chlamydia trachomatis IgG
 Полу-количественный",Сыв-ка крови,,,,,,,,БАКТЕРИАЛЬНЫЕ ИНФЕКЦИИ		,Бактериальные инфекции половых органов		,Антитела класса IgG к Chlamydia trachomatis; Иммуноглобулины класса G к Chlamydia trachomatis; IgG антитела к хламидиям; Антитела IgG к возбудителю хламидиоза; Иммуноглобулины G к Chlamydia trachomatis; Антитела к хламидиям класса G; Серологический маркер IgG к Chlamydia trachomatis,"Anti-Chlamydia tr.-IgG; Chlamydia trachomatis IgG antibodies; Chlamydia tr. Antibodies, IgG; Anti-Chlamydia trachomatis IgG; Chlamydia trachomatis immunoglobulin G; IgG antibodies to Chlamydia trachomatis; Serological marker IgG for Chlamydia trachomatis"
,"Ат к Chlamydia trachomatis IgG
 Качественный",,,,,,,,,,,,
,Ат к Chlamydia trachomatis IgA Полу-количественный,Сыв-ка крови,,,,,,,,БАКТЕРИАЛЬНЫЕ ИНФЕКЦИИ		,Бактериальные инфекции половых органов		,Антитела класса IgA к Chlamydia trachomatis; Иммуноглобулины класса А к возбудителю хламидиоза; IgA антитела к хламидиям; Антитела IgA к возбудителю урогенитального хламидиоза; Иммуноглобулины А к Chlamydia trachomatis; Антитела к хламидиям класса А; Серологический маркер IgA к Chlamydia trachomatis,"Anti-Chlamydia tr.-IgA; Chlamydia trachomatis IgA antibodies; Chlamydia tr. Antibodies, IgA; Anti-Chlamydia trachomatis IgA; Chlamydia trachomatis immunoglobulin A; IgA antibodies to Chlamydia trachomatis; Serological marker IgA for Chlamydia trachomatis"
,Ат к Chlamydia trachomatis IgA Качественный,,,,,,,,,,,,
,Ат к Chlamydia trachomatis IgМ Полу-количественный,Сыв-ка крови,,,,,,,,БАКТЕРИАЛЬНЫЕ ИНФЕКЦИИ		,Бактериальные инфекции половых органов		,Антитела класса IgM к Chlamydia trachomatis; Иммуноглобулины класса М к возбудителю хламидиоза; IgM антитела к хламидиям; Антитела IgM к возбудителю урогенитального хламидиоза; Иммуноглобулины М к Chlamydia trachomatis; Антитела к хламидиям класса М; Серологический маркер IgM к Chlamydia trachomatis,"Anti-Chlamydia tr.-IgM; Chlamydia trachomatis IgM antibodies; Chlamydia tr. Antibodies, IgM; Anti-Chlamydia trachomatis IgM; Chlamydia trachomatis immunoglobulin M; IgM antibodies to Chlamydia trachomatis; Serological marker IgM for Chlamydia trachomatis"
,Ат к Chlamydia trachomatis IgМ Качественный,,,,,,,,,,,,
,Ат к Mycoplasma hominis IgG Полу-количественный,Сыв-ка крови,,,,,,,,БАКТЕРИАЛЬНЫЕ ИНФЕКЦИИ		,Бактериальные инфекции половых органов		,Антитела класса IgG к Mycoplasma hominis; Иммуноглобулины класса G к Mycoplasma hominis; IgG антитела к микоплазме hominis; Антитела IgG к возбудителю микоплазмоза; Иммуноглобулины G к Mycoplasma hominis; Антитела к микоплазме класса G; Серологический маркер IgG к Mycoplasma hominis,"Anti-Mycoplasma hominis IgG; Mycoplasma hominis IgG antibodies; Mycoplasma hominis Antibodies, IgG; Anti-Mycoplasma hominis IgG; Mycoplasma hominis immunoglobulin G; IgG antibodies to Mycoplasma hominis; Serological marker IgG for Mycoplasma hominis"
,Ат к Mycoplasma hominis IgG Качественный,,,,,,,,,,,,
,Ат к Mycoplasma hominis IgA Полу-количественный,Сыв-ка крови,,,,,,,,БАКТЕРИАЛЬНЫЕ ИНФЕКЦИИ		,Бактериальные инфекции половых органов		,Антитела класса IgA к Mycoplasma hominis; Иммуноглобулины класса А к Mycoplasma hominis; IgA антитела к микоплазме hominis; Антитела IgA к возбудителю микоплазмоза; Иммуноглобулины А к Mycoplasma hominis; Антитела к микоплазме класса А; Серологический маркер IgA к Mycoplasma hominis,"Anti-Mycoplasma hominis IgA; Mycoplasma hominis IgA antibodies; Mycoplasma hominis Antibodies, IgA; Anti-Mycoplasma hominis IgA; Mycoplasma hominis immunoglobulin A; IgA antibodies to Mycoplasma hominis; Serological marker IgA for Mycoplasma hominis"
,Ат к Mycoplasma hominis IgA Качественный,,,,,,,,,,,,
,Ат к Ureaplasma urealitycum IgG Полу-количественный,Сыв-ка крови,,,,,,,,БАКТЕРИАЛЬНЫЕ ИНФЕКЦИИ		,Бактериальные инфекции половых органов		,Антитела класса IgG к Ureaplasma urealitycum; Иммуноглобулины класса G к Ureaplasma urealitycum; IgG антитела к уреаплазме; Антитела IgG к возбудителю уреаплазмоза; Иммуноглобулины G к Ureaplasma urealitycum; Антитела к уреаплазме класса G; Серологический маркер IgG к Ureaplasma urealitycum,"Anti-Ureaplasma urealitycum IgG; Ureaplasma urealitycum IgG antibodies; Ureaplasma Antibodies, IgG; Anti-Ureaplasma urealitycum IgG; Ureaplasma immunoglobulin G; IgG antibodies to Ureaplasma urealitycum; Serological marker IgG for Ureaplasma urealitycum"
,Ат к Ureaplasma urealitycum IgG Качественный,,,,,,,,,,,,
,Ат к Ureaplasma urealitycum IgA Полу-количественный,Сыв-ка крови,,,,,,,,БАКТЕРИАЛЬНЫЕ ИНФЕКЦИИ		,Бактериальные инфекции половых органов		,Антитела класса IgA к Ureaplasma urealitycum; Иммуноглобулины класса А к Ureaplasma urealitycum; IgA антитела к уреаплазме; Антитела IgA к возбудителю уреаплазмоза; Иммуноглобулины А к Ureaplasma urealitycum; Антитела к уреаплазме класса А; Серологический маркер IgA к Ureaplasma urealitycum,"Anti-Ureaplasma urealitycum IgA; Ureaplasma urealitycum IgA antibodies; Ureaplasma Antibodies, IgA; Anti-Ureaplasma urealitycum IgA; Ureaplasma immunoglobulin A; IgA antibodies to Ureaplasma urealitycum; Serological marker IgA for Ureaplasma urealitycum"
,Ат к Ureaplasma urealitycum IgA Качественный,,,,,,,,,,,,
,Ат к Chlamydia pneumoniae IgG Полу-количественный,Сыв-ка крови,,,,,,,,БАКТЕРИАЛЬНЫЕ ИНФЕКЦИИ		,Бактериальные инфекции верхних дыхательных путей		,Антитела класса IgG к Chlamydia pneumoniae; Иммуноглобулины класса G к Chlamydia pneumoniae; IgG антитела к хламидиям пневмонии; Антитела IgG к возбудителю пневмонии; Иммуноглобулины G к Chlamydia pneumoniae; Антитела к хламидиям пневмонии класса G; Серологический маркер IgG к Chlamydia pneumoniae,"Anti-Chlamydia pneumoniae IgG; Chlamydia pneumoniae IgG antibodies; Chlamydia pneumoniae Antibodies, IgG; Anti-Chlamydia pneumoniae IgG; Chlamydia pneumoniae immunoglobulin G; IgG antibodies to Chlamydia pneumoniae; Serological marker IgG for Chlamydia pneumoniae"
,Ат к Chlamydia pneumoniae IgG Качественный,,,,,,,,,,,,
,Ат к Chlamydia pneumoniae IgA Полу-количественный,Сыв-ка крови,,,,,,,,БАКТЕРИАЛЬНЫЕ ИНФЕКЦИИ		,Бактериальные инфекции верхних дыхательных путей		,Антитела класса IgA к Chlamydia pneumoniae; Иммуноглобулины класса А к Chlamydia pneumoniae; IgA антитела к хламидиям пневмонии; Антитела IgA к возбудителю пневмонии; Иммуноглобулины А к Chlamydia pneumoniae; Антитела к хламидиям пневмонии класса А; Серологический маркер IgA к Chlamydia pneumoniae,"Anti-Chlamydia pneumoniae IgA; Chlamydia pneumoniae IgA antibodies; Chlamydia pneumoniae Antibodies, IgA; Anti-Chlamydia pneumoniae IgA; Chlamydia pneumoniae immunoglobulin A; IgA antibodies to Chlamydia pneumoniae; Serological marker IgA for Chlamydia pneumoniae"
,Ат к Chlamydia pneumoniae IgA Качественный,,,,,,,,,,,,
,Ат к Chlamydia pneumoniae IgМ Полу-количественный,Сыв-ка крови,,,,,,,,БАКТЕРИАЛЬНЫЕ ИНФЕКЦИИ		,Бактериальные инфекции верхних дыхательных путей		,Антитела класса IgM к Chlamydia pneumoniae; Иммуноглобулины класса М к Chlamydia pneumoniae; IgM антитела к хламидиям пневмонии; Антитела IgM к возбудителю пневмонии; Иммуноглобулины М к Chlamydia pneumoniae; Антитела к хламидиям пневмонии класса М; Серологический маркер IgM к Chlamydia pneumoniae,"Anti-Chlamydia pneumoniae IgM; Chlamydia pneumoniae IgM antibodies; Chlamydia pneumoniae Antibodies, IgM; Anti-Chlamydia pneumoniae IgM; Chlamydia pneumoniae immunoglobulin M; IgM antibodies to Chlamydia pneumoniae; Serological marker IgM for Chlamydia pneumoniae"
,Ат к Chlamydia pneumoniae IgМ Качественный,,,,,,,,,,,,
,Ат к Mycoplasma pneumoniae IgG Полу-количественный,Сыв-ка крови,,,,,,,,БАКТЕРИАЛЬНЫЕ ИНФЕКЦИИ		,Бактериальные инфекции верхних дыхательных путей		,Антитела класса IgG к Mycoplasma pneumoniae; Иммуноглобулины класса G к Mycoplasma pneumoniae; IgG антитела к микоплазме пневмонии; Антитела IgG к возбудителю микоплазмоза; Иммуноглобулины G к Mycoplasma pneumoniae; Антитела к микоплазме пневмонии класса G; Серологический маркер IgG к Mycoplasma pneumoniae,"Anti-Mycoplasma pneumoniae IgG; Mycoplasma pneumoniae IgG antibodies; Mycoplasma pneumoniae Antibodies, IgG; Anti-Mycoplasma pneumoniae IgG; Mycoplasma pneumoniae immunoglobulin G; IgG antibodies to Mycoplasma pneumoniae; Serological marker IgG for Mycoplasma pneumoniae"
,Ат к Mycoplasma pneumoniae IgG Качественный,,,,,,,,,,,,
,Ат к Mycoplasma pneumoniae IgA Полу-количественный,Сыв-ка крови,,,,,,,,БАКТЕРИАЛЬНЫЕ ИНФЕКЦИИ		,Бактериальные инфекции верхних дыхательных путей		,Антитела класса IgA к Mycoplasma pneumoniae; Иммуноглобулины класса А к Mycoplasma pneumoniae; IgA антитела к микоплазме пневмонии; Антитела IgA к возбудителю микоплазмоза; Иммуноглобулины А к Mycoplasma pneumoniae; Антитела к микоплазме пневмонии класса А; Серологический маркер IgA к Mycoplasma pneumoniae,"Anti-Mycoplasma pneumoniae IgA; Mycoplasma pneumoniae IgA antibodies; Mycoplasma pneumoniae Antibodies, IgA; Anti-Mycoplasma pneumoniae IgA; Mycoplasma pneumoniae immunoglobulin A; IgA antibodies to Mycoplasma pneumoniae; Serological marker IgA for Mycoplasma pneumoniae"
,Ат к Mycoplasma pneumoniae IgA Качественный,,,,,,,,,,,,
,Ат к Mycoplasma pneumoniae IgМ Полу-количественный,Сыв-ка крови,,,,,,,,БАКТЕРИАЛЬНЫЕ ИНФЕКЦИИ		,Бактериальные инфекции верхних дыхательных путей		,Антитела класса IgM к Mycoplasma pneumoniae; Иммуноглобулины класса М к Mycoplasma pneumoniae; IgM антитела к микоплазме пневмонии; Антитела IgM к возбудителю микоплазмоза; Иммуноглобулины М к Mycoplasma pneumoniae; Антитела к микоплазме пневмонии класса М; Серологический маркер IgM к Mycoplasma pneumoniae,"Anti-Mycoplasma pneumoniae IgM; Mycoplasma pneumoniae IgM antibodies; Mycoplasma pneumoniae Antibodies, IgM; Anti-Mycoplasma pneumoniae IgM; Mycoplasma pneumoniae immunoglobulin M; IgM antibodies to Mycoplasma pneumoniae; Serological marker IgM for Mycoplasma pneumoniae"
,Ат к Mycoplasma pneumoniae IgМ Качественный,,,,,,,,,,,,
,Ат к Bordetella pertussis IgG (возбудитель коклюша) Полу-количественный,Сыв-ка крови,,,,,,,,БАКТЕРИАЛЬНЫЕ ИНФЕКЦИИ		,Бактериальные инфекции верхних дыхательных путей		,"Антитела класса IgG к возбудителю коклюша; антитела класса IgG к Bordetella pertussis; иммуноглобулины класса G к Bordetella pertussis; антитела класса IgG к бактерии Борде – Жангу; Bordetella pertussis Antibodies, IgG; Bordetella pertussis Specific IgG; Anti-Bordetella pertussis IgG","Bordetella pertussis Antibodies, IgG; Bordetella pertussis Specific IgG; Anti-Bordetella pertussis IgG"
,Ат к Bordetella pertussis IgG (возбудитель коклюша) Качественный,,,,,,,,,,,,
,Ат к Bordetella pertussis IgM (возбудитель коклюша) Полу-количественный,Сыв-ка крови,,,,,,,,БАКТЕРИАЛЬНЫЕ ИНФЕКЦИИ		,Бактериальные инфекции верхних дыхательных путей		,"Антитела класса IgМ к возбудителю коклюша; антитела класса IgМ к Bordetella pertussis; иммуноглобулины класса М к Bordetella pertussis; антитела класса IgМ к бактерии Борде – Жангу; Bordetella pertussis Antibodies, IgМ; Bordetella pertussis Specific IgМ; Anti-Bordetella pertussis","Bordetella pertussis Antibodies, IgМ; Bordetella pertussis Specific IgМ; Anti-Bordetella pertussis"
,Ат к Bordetella pertussis IgM (возбудитель коклюша) Качественный,,,,,,,,,,,,
,Ат к Mycobacterium tuberculosis (суммарные) Полу-количественный,Сыв-ка крови,,,,,,,,БАКТЕРИАЛЬНЫЕ ИНФЕКЦИИ		,Бактериальные инфекции верхних дыхательных путей		,Антитела к Mycobacterium tuberculosis (суммарные); иммуноглобулины к Mycobacterium tuberculosis; антитела к туберкулезной палочке; антитела к микобактериям туберкулеза; Mycobacterium tuberculosis antibodies (total); Tuberculosis antibodies; Anti-Mycobacterium tuberculosis antibodies,Mycobacterium tuberculosis antibodies (total); Tuberculosis antibodies; Anti-Mycobacterium tuberculosis antibodies
,Ат к Mycobacterium tuberculosis (суммарные) Качественный,,,,,,,,,,,,
,"Ат к дифтерийному анатоксину (РПГА, суммарные) Полу-количественный",Сыв-ка крови,,,,,,,,БАКТЕРИАЛЬНЫЕ ИНФЕКЦИИ		,Бактериальные инфекции верхних дыхательных путей		,Антитела к дифтерийному анатоксину; антитела к дифтерийному токсину; антитела к дифтерийному анатоксину (РПГА); иммуноглобулины к дифтерийному токсину; антитела к дифтерии; дифтерийные антитела; антитела к дифтерийному анатоксину суммарные,Antibodies to diphtheria toxoid; Anti-diphtheria toxoid antibodies; Diphtheria toxoid antibodies (RPG); Diphtheria antibodies; Anti-diphtheria toxoid antibodies (total)
,"Ат к дифтерийному анатоксину (РПГА, суммарные) Качественный",,,,,,,,,,,,
,Ат к Helicobacter pylori IgG Полу-количественный,Сыв-ка крови,,,,,,,,БАКТЕРИАЛЬНЫЕ ИНФЕКЦИИ		,Бактериальные инфекции желудочно-кишечного тракта		,Антитела класса IgG к Helicobacter pylori; иммуноглобулины класса G к Helicobacter pylori; IgG антитела к Helicobacter pylori; антитела к хеликобактеру пилори; Helicobacter pylori IgG antibodies; Anti-Helicobacter pylori IgG; Helicobacter pylori immunoglobulin G,Helicobacter pylori IgG antibodies; Anti-Helicobacter pylori IgG; Helicobacter pylori immunoglobulin G
,Ат к Helicobacter pylori IgG Качественный,,,,,,,,,,,,
,Ат к Helicobacter pylori IgG - иммуноблот Полу-количественный,Сыв-ка крови,,,,,,,,БАКТЕРИАЛЬНЫЕ ИНФЕКЦИИ		,Бактериальные инфекции желудочно-кишечного тракта		,Иммуноблот IgG к Helicobacter pylori; IgG антитела к Helicobacter pylori (иммуноблот); антитела класса IgG к Helicobacter pylori методом иммуноблот; Helicobacter pylori IgG immunoblot antibodies; Anti-H. pylori IgG immunoblot; Immunoblot Helicobacter pylori IgG,Helicobacter pylori IgG immunoblot antibodies; Anti-H. pylori IgG immunoblot; Immunoblot Helicobacter pylori IgG
,Ат к Helicobacter pylori IgG - иммуноблот Качественный,,,,,,,,,,,,
,Ат к Helicobacter pylori IgA - иммуноблот Полу-количественный,Сыв-ка крови,,,,,,,,БАКТЕРИАЛЬНЫЕ ИНФЕКЦИИ		,Бактериальные инфекции желудочно-кишечного тракта		,Иммуноблот IgA к Helicobacter pylori; IgA антитела к Helicobacter pylori (иммуноблот); антитела класса IgA к Helicobacter pylori методом иммуноблот; Helicobacter pylori IgA immunoblot antibodies; Anti-H. pylori IgA immunoblot; Immunoblot Helicobacter pylori IgA,Helicobacter pylori IgA immunoblot antibodies; Anti-H. pylori IgA immunoblot; Immunoblot Helicobacter pylori IgA
,Ат к Helicobacter pylori IgA - иммуноблот Качественный,,,,,,,,,,,,
,Антиген Helicobacter pylori в кале Полу-количественный,Кал,,,,,,,,БАКТЕРИАЛЬНЫЕ ИНФЕКЦИИ		,Бактериальные инфекции желудочно-кишечного тракта		,Антиген Helicobacter pylori в кале; выявление антигена Helicobacter pylori в фекалиях; Helicobacter pylori antigen stool test; антиген хеликобактера в кале; Helicobacter pylori stool antigen; H. pylori antigen in feces; Helicobacter pylori fecal antigen test,Helicobacter pylori stool antigen; H. pylori antigen in feces; Helicobacter pylori fecal antigen test
,Антиген Helicobacter pylori в кале Качественный,,,,,,,,,,,,
,Ат к Salmonella typhi IgG/ Salmonella typhi IgM Полу-количественный,Сыв-ка крови,,,,,,,,БАКТЕРИАЛЬНЫЕ ИНФЕКЦИИ		,Бактериальные инфекции желудочно-кишечного тракта		,Антитела класса IgG и IgM к Salmonella typhi; иммуноглобулины IgG/IgM к Salmonella typhi; антитела к сальмонелле тифа IgG/IgM; Salmonella typhi IgG/IgM antibodies; Anti-Salmonella typhi IgG/IgM; Salmonella typhi immunoglobulins G and M,Salmonella typhi IgG/IgM antibodies; Anti-Salmonella typhi IgG/IgM; Salmonella typhi immunoglobulins G and M
,Ат к Salmonella typhi IgG/ Salmonella typhi IgM Качественный,,,,,,,,,,,,
,Антитела к сальмонеллам (компл. диагностикум; РПГА) Полу-количественный,Сыв-ка крови,,,,,,,,БАКТЕРИАЛЬНЫЕ ИНФЕКЦИИ		,Бактериальные инфекции желудочно-кишечного тракта		,Антитела к сальмонеллам (комплексный диагностикум); антитела к сальмонеллам методом РПГА; иммуноглобулины к сальмонеллам; Salmonella antibodies (complete diagnostic set); Salmonella antibodies by RPG; Anti-Salmonella antibodies,Salmonella antibodies (complete diagnostic set); Salmonella antibodies by RPG; Anti-Salmonella antibodies
,Антитела к сальмонеллам (компл. диагностикум; РПГА) Качественный,,,,,,,,,,,,
,"Ат к Shigella sonnei (шигелла Зонне, РПГА, суммарные) Полу-количественный",Сыв-ка крови,,,,,,,,БАКТЕРИАЛЬНЫЕ ИНФЕКЦИИ		,Бактериальные инфекции желудочно-кишечного тракта		,Антитела к Shigella sonnei (суммарные); антитела к шигелле Зонне методом РПГА; иммуноглобулины к Shigella sonnei; Shigella sonnei antibodies (total); Anti-Shigella sonnei antibodies; Shigella sonnei RPG antibodies,Shigella sonnei antibodies (total); Anti-Shigella sonnei antibodies; Shigella sonnei RPG antibodies
,"Ат к Shigella sonnei (шигелла Зонне, РПГА, суммарные) Качественный",,,,,,,,,,,,
,"Ат к Shigella flexneri (шигелла Флекснера, РПГА, суммарные) Полу-количественный",Сыв-ка крови,,,,,,,,БАКТЕРИАЛЬНЫЕ ИНФЕКЦИИ		,Бактериальные инфекции желудочно-кишечного тракта		,Антитела к Shigella flexneri (суммарные); антитела к шигелле Флекснера методом РПГА; иммуноглобулины к Shigella flexneri; Shigella flexneri antibodies (total); Anti-Shigella flexneri antibodies; Shigella flexneri RPG antibodies,Shigella flexneri antibodies (total); Anti-Shigella flexneri antibodies; Shigella flexneri RPG antibodies
,"Ат к Shigella flexneri (шигелла Флекснера, РПГА, суммарные) Качественный",,,,,,,,,,,,
,"Ат к Yersinia enterocolitica O3; О9 (РПГА, суммарные - иерсиниоз) Полу-количественный",Сыв-ка крови,,,,,,,,БАКТЕРИАЛЬНЫЕ ИНФЕКЦИИ		,Бактериальные инфекции желудочно-кишечного тракта		,Антитела к Yersinia enterocolitica O3 и O9 (суммарные); антитела к иерсиниям методом РПГА; иммуноглобулины к Yersinia enterocolitica O3/O9; Yersinia enterocolitica O3/O9 antibodies (total); Anti-Yersinia enterocolitica antibodies; Yersinia RPG antibodies,Yersinia enterocolitica O3/O9 antibodies (total); Anti-Yersinia enterocolitica antibodies; Yersinia RPG antibodies
,"Ат к Yersinia enterocolitica O3; О9 (РПГА, суммарные - иерсиниоз) Качественный",,,,,,,,,,,,
,"Ат к Yersinia pseudotuberculosis (РПГА, суммарные - псевдотуберкулёз) Полу-количественный",Сыв-ка крови,,,,,,,,БАКТЕРИАЛЬНЫЕ ИНФЕКЦИИ		,Бактериальные инфекции желудочно-кишечного тракта		,Антитела к Yersinia pseudotuberculosis (суммарные); антитела к псевдотуберкулёзу методом РПГА; иммуноглобулины к Yersinia pseudotuberculosis; Yersinia pseudotuberculosis antibodies (total); Anti-Yersinia pseudotuberculosis antibodies; Yersinia RPG antibodies,Yersinia pseudotuberculosis antibodies (total); Anti-Yersinia pseudotuberculosis antibodies; Yersinia RPG antibodies
,"Ат к Yersinia pseudotuberculosis (РПГА, суммарные - псевдотуберкулёз) Качественный",,,,,,,,,,,,
,"Ат к Borrelia IgG (болезнь Лайма, боррелиоз) Полу-количественный",Сыв-ка крови,,,,,,,,БАКТЕРИАЛЬНЫЕ ИНФЕКЦИИ		,Системные бактериальные инфекции		,Антитела класса IgG к Borrelia; иммуноглобулины класса G к Borrelia; антитела к боррелиям (болезнь Лайма); Borrelia IgG antibodies; Anti-Borrelia IgG; Borrelia burgdorferi IgG antibodies; Lyme disease IgG antibodies,Borrelia IgG antibodies; Anti-Borrelia IgG; Borrelia burgdorferi IgG antibodies; Lyme disease IgG antibodies
,"Ат к Borrelia IgG (болезнь Лайма, боррелиоз) Качественный",,,,,,,,,,,,
,"Ат к Borrelia IgM (болезнь Лайма, боррелиоз) Полу-количественный",Сыв-ка крови,,,,,,,,БАКТЕРИАЛЬНЫЕ ИНФЕКЦИИ		,Системные бактериальные инфекции		,Антитела класса IgM к Borrelia; иммуноглобулины класса М к Borrelia; антитела к боррелиям (болезнь Лайма); Borrelia IgM antibodies; Anti-Borrelia IgM; Borrelia burgdorferi IgM antibodies; Lyme disease IgM antibodies,Borrelia IgM antibodies; Anti-Borrelia IgM; Borrelia burgdorferi IgM antibodies; Lyme disease IgM antibodies
,"Ат к Borrelia IgM (болезнь Лайма, боррелиоз) Качественный",,,,,,,,,,,,
,"Ат к Brucella (РПГА, суммарные - возбудитель бруцеллёза) Полу-количественный",Сыв-ка крови,,,,,,,,БАКТЕРИАЛЬНЫЕ ИНФЕКЦИИ		,Системные бактериальные инфекции		,Антитела к Brucella (суммарные); антитела к бруцеллам методом РПГА; иммуноглобулины к Brucella; Brucella antibodies (total); Anti-Brucella antibodies; Brucellosis antibodies; Brucella RPG antibodies,Brucella antibodies (total); Anti-Brucella antibodies; Brucellosis antibodies; Brucella RPG antibodies
,"Ат к Brucella (РПГА, суммарные - возбудитель бруцеллёза) Качественный",,,,,,,,,,,,
,"Ат к Listeria (РПГА, сумарные - возбудитель листериоза) Полу-количественный",Сыв-ка крови,,,,,,,,БАКТЕРИАЛЬНЫЕ ИНФЕКЦИИ		,Системные бактериальные инфекции		,Антитела к Listeria (суммарные); антитела к листериям методом РПГА; иммуноглобулины к Listeria; Listeria antibodies (total); Anti-Listeria antibodies; Listeriosis antibodies; Listeria RPG antibodies,Listeria antibodies (total); Anti-Listeria antibodies; Listeriosis antibodies; Listeria RPG antibodies
,"Ат к Listeria (РПГА, сумарные - возбудитель листериоза) Качественный",,,,,,,,,,,,
,Ат к Candida albicans IgG Полу-количественный,Сыв-ка крови,,,,,,,,ГРИБКОВЫЕ ИНФЕКЦИИ		,ГРИБКОВЫЕ ИНФЕКЦИИ		,Антитела класса IgG к Candida albicans; иммуноглобулины класса G к Candida albicans; IgG антитела к Candida; антитела к Candida albicans; Candida albicans IgG antibodies; Anti-Candida albicans IgG; Candida IgG,Candida albicans IgG antibodies; Anti-Candida albicans IgG; Candida IgG
,Ат к Candida albicans IgG Качественный,,,,,,,,,,,,
,Ат к Candida albicans (m5) IgE Полу-количественный,Сыв-ка крови,,,,,,,,ГРИБКОВЫЕ ИНФЕКЦИИ		,ГРИБКОВЫЕ ИНФЕКЦИИ		,Антитела класса IgE к Candida albicans (m5); иммуноглобулины класса Е к Candida albicans; IgE антитела к Candida; Candida albicans IgE antibodies; Anti-Candida albicans IgE; Candida IgE (m5),Candida albicans IgE antibodies; Anti-Candida albicans IgE; Candida IgE (m5)
,Ат к Candida albicans (m5) IgE Качественный,,,,,,,,,,,,
,Ат к Aspergilius fumigatus IgG Полу-количественный,Сыв-ка крови,,,,,,,,ГРИБКОВЫЕ ИНФЕКЦИИ		,ГРИБКОВЫЕ ИНФЕКЦИИ		,Антитела класса IgG к Aspergilius fumigatus; иммуноглобулины класса G к Aspergilius fumigatus; IgG антитела к аспергиллам; Aspergilius fumigatus IgG antibodies; Anti-Aspergilius fumigatus IgG; Aspergillus fumigatus IgG,Aspergilius fumigatus IgG antibodies; Anti-Aspergilius fumigatus IgG; Aspergillus fumigatus IgG
,Ат к Aspergilius fumigatus IgG Качественный,,,,,,,,,,,,
,Ат к Aspergillus fumigatus (m3) IgE Полу-количественный,Сыв-ка крови,,,,,,,,ГРИБКОВЫЕ ИНФЕКЦИИ		,ГРИБКОВЫЕ ИНФЕКЦИИ		,Антитела класса IgE к Aspergillus fumigatus (m3); иммуноглобулины класса Е к Aspergillus fumigatus; IgE антитела к аспергиллам; Aspergillus fumigatus IgE antibodies; Anti-Aspergillus fumigatus IgE; Aspergillus IgE (m3),Aspergillus fumigatus IgE antibodies; Anti-Aspergillus fumigatus IgE; Aspergillus IgE (m3)
,Ат к Aspergillus fumigatus (m3) IgE Качественный,,,,,,,,,,,,
,Ат к Toxoplasma gondii IgG (возбудитель токсоплазмоза) Полу-количественный,Сыв-ка крови,,,,,,,,"ПАРАЗИТЫ, ГЕЛЬМИНТЫ, ПРОСТЕЙШИЕ		","ПАРАЗИТЫ, ГЕЛЬМИНТЫ, ПРОСТЕЙШИЕ		",Антитела класса IgG к Toxoplasma gondii; иммуноглобулины класса G к Toxoplasma gondii; IgG антитела к токсоплазме; антитела к Toxoplasma; Toxoplasma gondii IgG antibodies; Anti-Toxoplasma gondii IgG; Toxoplasmosis IgG antibodies,Toxoplasma gondii IgG antibodies; Anti-Toxoplasma gondii IgG; Toxoplasmosis IgG antibodies
,Ат к Toxoplasma gondii IgG (возбудитель токсоплазмоза) Качественный,,,,,,,,,,,,
,Ат к Toxoplasma gondii IgМ (возбудитель токсоплазмоза) Полу-количественный,Сыв-ка крови,,,,,,,,"ПАРАЗИТЫ, ГЕЛЬМИНТЫ, ПРОСТЕЙШИЕ		","ПАРАЗИТЫ, ГЕЛЬМИНТЫ, ПРОСТЕЙШИЕ		",Антитела класса IgM к Toxoplasma gondii; иммуноглобулины класса М к Toxoplasma gondii; IgM антитела к токсоплазме; антитела к Toxoplasma; Toxoplasma gondii IgM antibodies; Anti-Toxoplasma gondii IgM; Toxoplasmosis IgM antibodies,Toxoplasma gondii IgM antibodies; Anti-Toxoplasma gondii IgM; Toxoplasmosis IgM antibodies
,Ат к Toxoplasma gondii IgМ (возбудитель токсоплазмоза) Качественный,,,,,,,,,,,,
,Авидность антител IgG к Toxoplasma gondii (Toxoplasma IgG Avidity) Полу-количественный,Сыв-ка крови,,,,,,,,"ПАРАЗИТЫ, ГЕЛЬМИНТЫ, ПРОСТЕЙШИЕ		","ПАРАЗИТЫ, ГЕЛЬМИНТЫ, ПРОСТЕЙШИЕ		",Авидность IgG антител к Toxoplasma gondii; показатель авидности антител к токсоплазме; Toxoplasma IgG Avidity test; IgG avidity for Toxoplasma; IgG avidity antibodies Toxoplasma gondii; Anti-Toxoplasma IgG avidity,Toxoplasma IgG Avidity test; IgG avidity for Toxoplasma; IgG avidity antibodies Toxoplasma gondii; Anti-Toxoplasma IgG avidity
,Авидность антител IgG к Toxoplasma gondii (Toxoplasma IgG Avidity) Качественный,,,,,,,,,,,,
,Ат к Toxocara canis IgG (возбудитель токсокароза) Полу-количественный,Сыв-ка крови,,,,,,,,"ПАРАЗИТЫ, ГЕЛЬМИНТЫ, ПРОСТЕЙШИЕ		","ПАРАЗИТЫ, ГЕЛЬМИНТЫ, ПРОСТЕЙШИЕ		",Антитела класса IgG к Toxocara canis; иммуноглобулины класса G к Toxocara; IgG антитела к токсокарам; антитела к Toxocara canis; Toxocara canis IgG antibodies; Anti-Toxocara canis IgG; Toxocariasis IgG antibodies,Toxocara canis IgG antibodies; Anti-Toxocara canis IgG; Toxocariasis IgG antibodies
,Ат к Toxocara canis IgG (возбудитель токсокароза) Качественный,,,,,,,,,,,,
,Ат к Echinococcus IgG (эхинококк) Полу-количественный,Сыв-ка крови,,,,,,,,"ПАРАЗИТЫ, ГЕЛЬМИНТЫ, ПРОСТЕЙШИЕ		","ПАРАЗИТЫ, ГЕЛЬМИНТЫ, ПРОСТЕЙШИЕ		",Антитела класса IgG к Echinococcus; иммуноглобулины класса G к эхинококку; IgG антитела к эхинококку; антитела к Echinococcus; Echinococcus IgG antibodies; Anti-Echinococcus IgG; Echinococcosis IgG antibodies,Echinococcus IgG antibodies; Anti-Echinococcus IgG; Echinococcosis IgG antibodies
,Ат к Echinococcus IgG (эхинококк) Качественный,,,,,,,,,,,,
,Ат к Opisthorchis IgG (описторхи) Полу-количественный,Сыв-ка крови,,,,,,,,"ПАРАЗИТЫ, ГЕЛЬМИНТЫ, ПРОСТЕЙШИЕ		","ПАРАЗИТЫ, ГЕЛЬМИНТЫ, ПРОСТЕЙШИЕ		",Антитела класса IgG к Opisthorchis; иммуноглобулины класса G к описторхам; IgG антитела к описторхам; антитела к Opisthorchis; Opisthorchis IgG antibodies; Anti-Opisthorchis IgG; Opisthorchiasis IgG antibodies,Opisthorchis IgG antibodies; Anti-Opisthorchis IgG; Opisthorchiasis IgG antibodies
,Ат к Opisthorchis IgG (описторхи) Качественный,,,,,,,,,,,,
,Ат к Trichinella IgG (трихинелла) Полу-количественный,Сыв-ка крови,,,,,,,,"ПАРАЗИТЫ, ГЕЛЬМИНТЫ, ПРОСТЕЙШИЕ		","ПАРАЗИТЫ, ГЕЛЬМИНТЫ, ПРОСТЕЙШИЕ		",Антитела класса IgG к Trichinella; иммуноглобулины класса G к трихинеллам; IgG антитела к трихинеллам; антитела к Trichinella; Trichinella IgG antibodies; Anti-Trichinella IgG; Trichinellosis IgG antibodies,Trichinella IgG antibodies; Anti-Trichinella IgG; Trichinellosis IgG antibodies
,Ат к Trichinella IgG (трихинелла) Качественный,,,,,,,,,,,,
,Ат к Anisakidae IgE (p4 Анизакида) Полу-количественный,Сыв-ка крови,,,,,,,,"ПАРАЗИТЫ, ГЕЛЬМИНТЫ, ПРОСТЕЙШИЕ		","ПАРАЗИТЫ, ГЕЛЬМИНТЫ, ПРОСТЕЙШИЕ		",Антитела класса IgE к Anisakidae (p4); иммуноглобулины класса Е к Anisakidae; IgE антитела к анизакидам; антитела к Anisakidae; Anisakidae IgE antibodies; Anti-Anisakidae IgE; Anisakiasis IgE antibodies,Anisakidae IgE antibodies; Anti-Anisakidae IgE; Anisakiasis IgE antibodies
,Ат к Anisakidae IgE (p4 Анизакида) Качественный,,,,,,,,,,,,
,Ат к Ascaris IgG (аскарида) Полу-количественный,Сыв-ка крови,,,,,,,,"ПАРАЗИТЫ, ГЕЛЬМИНТЫ, ПРОСТЕЙШИЕ		","ПАРАЗИТЫ, ГЕЛЬМИНТЫ, ПРОСТЕЙШИЕ		",Антитела класса IgG к Ascaris; иммуноглобулины класса G к аскаридам; IgG антитела к аскаридам; антитела к Ascaris; Ascaris IgG antibodies; Anti-Ascaris IgG; Ascariasis IgG antibodies,Ascaris IgG antibodies; Anti-Ascaris IgG; Ascariasis IgG antibodies
,Ат к Ascaris IgG (аскарида) Качественный,,,,,,,,,,,,
,Ат к Ascaris IgE (p1 Аскарида) Полу-количественный,Сыв-ка крови,,,,,,,,"ПАРАЗИТЫ, ГЕЛЬМИНТЫ, ПРОСТЕЙШИЕ		","ПАРАЗИТЫ, ГЕЛЬМИНТЫ, ПРОСТЕЙШИЕ		",Антитела класса IgE к Ascaris (p1); иммуноглобулины класса Е к аскаридам; IgE антитела к аскаридам; антитела к Ascaris; Ascaris IgE antibodies; Anti-Ascaris IgE; Ascariasis IgE antibodies,Ascaris IgE antibodies; Anti-Ascaris IgE; Ascariasis IgE antibodies
,Ат к Ascaris IgE (p1 Аскарида) Качественный,,,,,,,,,,,,
,Антиген лямблий (Giardia lamblia) в кале Полу-количественный,Кал,,,,,,,,"ПАРАЗИТЫ, ГЕЛЬМИНТЫ, ПРОСТЕЙШИЕ		","ПАРАЗИТЫ, ГЕЛЬМИНТЫ, ПРОСТЕЙШИЕ		",Антиген Giardia lamblia в кале; выявление антигена лямблий в фекалиях; Giardia lamblia stool antigen; антиген Giardia в кале; Giardia antigen fecal test; Giardia lamblia fecal antigen; Giardia stool antigen test,Giardia lamblia stool antigen; Giardia antigen fecal test; Giardia stool antigen test
,Антиген лямблий (Giardia lamblia) в кале Качественный,,,,,,,,,,,,
,Ат к Giardia lamblia (лямблии) суммарные Полу-количественный,Сыв-ка крови,,,,,,,,"ПАРАЗИТЫ, ГЕЛЬМИНТЫ, ПРОСТЕЙШИЕ		","ПАРАЗИТЫ, ГЕЛЬМИНТЫ, ПРОСТЕЙШИЕ		",Антитела к Giardia lamblia (суммарные); иммуноглобулины к лямблиям; антитела к Giardia; Giardia lamblia antibodies (total); Anti-Giardia antibodies; Giardiasis antibodies; Giardia total antibodies,Giardia lamblia antibodies (total); Anti-Giardia antibodies; Giardiasis antibodies; Giardia total antibodies
,Ат к Giardia lamblia (лямблии) суммарные Качественный,,,,,,,,,,,,
,Ат к Trichomonas vaginalis IgG (трихомонады) Полу-количественный,Сыв-ка крови,,,,,,,,"ПАРАЗИТЫ, ГЕЛЬМИНТЫ, ПРОСТЕЙШИЕ		","ПАРАЗИТЫ, ГЕЛЬМИНТЫ, ПРОСТЕЙШИЕ		",Антитела класса IgG к Trichomonas vaginalis; иммуноглобулины класса G к трихомонадам; IgG антитела к Trichomonas; антитела к Trichomonas vaginalis; Trichomonas vaginalis IgG antibodies; Anti-Trichomonas IgG; Trichomoniasis IgG antibodies,Trichomonas vaginalis IgG antibodies; Anti-Trichomonas IgG; Trichomoniasis IgG antibodies
,Ат к Trichomonas vaginalis IgG (трихомонады) Качественный,,,,,,,,,,,,
,"Антигены малярийного плазмодия (P.malariae, P.falciparum, P.vivax) Полу-количественный",Кровь ЭДТА,,,,,,,,"ПАРАЗИТЫ, ГЕЛЬМИНТЫ, ПРОСТЕЙШИЕ		","ПАРАЗИТЫ, ГЕЛЬМИНТЫ, ПРОСТЕЙШИЕ		","Антигены Plasmodium malariae, falciparum, vivax; антигены малярийных плазмодиев; Plasmodium antigens; малярийные антигены; Plasmodium malariae/falciparum/vivax antigens; Anti-Plasmodium antigens; Malaria parasite antigens","Plasmodium malariae, falciparum, vivax antigens; Plasmodium antigens; Malaria parasite antigens; Anti-Plasmodium antigens"
,"Антигены малярийного плазмодия (P.malariae, P.falciparum, P.vivax) Качественный",,,,,,,,,,,,
Иммуноглобулин G (IgG),Иммуноглобулин G (IgG),Сыв-ка крови,г/л,6.8,16.5,,,,иммунотурбодиметрический,ГУМОРАЛЬНЫЙ ИММУНИТЕТ		,Иммуноглобулины		,Иммуноглобулин G; иммуноглобулины класса G; антитела класса G; IgG общий; гаммаглобулин; иммунный глобулин G; иммуноглобулины (антитела) класса G,"Immunoglobulin G; IgG, total, serum; IgG antibodies; Gamma globulin; Immunoglobulin G, total; IgG class antibodies; Serum immunoglobulin G 1234"
Иммуноглобулин M (IgM),Иммуноглобулин M (IgM),Сыв-ка крови,г/л,0.34,2.14,,,,иммунотурбодиметрический,ГУМОРАЛЬНЫЙ ИММУНИТЕТ		,Иммуноглобулины		,Иммуноглобулин M; иммуноглобулины класса М; антитела класса М; IgM общий; иммунный глобулин М; иммуноглобулины (антитела) класса М; кровь на антитела класса М,"Immunoglobulin M; IgM, total, serum; IgM antibodies; Immunoglobulin M, total; IgM class antibodies; Serum immunoglobulin M; Blood for IgM antibodies 56"
Иммуноглобулин A (IgA),Иммуноглобулин A (IgA),Сыв-ка крови,г/л,0.8,4.06,,,,иммунотурбодиметрический,ГУМОРАЛЬНЫЙ ИММУНИТЕТ		,Иммуноглобулины		,Иммуноглобулин A; иммуноглобулины класса А; антитела класса А; IgA общий; иммунный глобулин А; иммуноглобулины (антитела) класса А; сывороточный IgA,"Immunoglobulin A; IgA, total, serum; IgA antibodies; Immunoglobulin A, total; IgA class antibodies; Serum immunoglobulin A; Secretory IgA 7"
Иммуноглобулин Е (IgE общий),Иммуноглобулин Е (IgE общий),Сыв-ка крови,кЕД/л,0,100.0,,,,иммунотурбодиметрический,ГУМОРАЛЬНЫЙ ИММУНИТЕТ		,Иммуноглобулины		,Иммуноглобулин Е; иммуноглобулины класса Е; антитела класса Е; IgE общий; иммунный глобулин Е; суммарные иммуноглобулины Е; анализ крови на иммуноглобулин Е,"Immunoglobulin E; IgE, total, serum; IgE antibodies; Immunoglobulin E, total; IgE class antibodies; Serum immunoglobulin E; Quantitative IgE 89"
Циркулирующие иммунные комплексы (ЦИК - С1q),Циркулирующие иммунные комплексы (ЦИК - С1q),Сыв-ка крови,ОП,50,200,,,,преципитация в полиэтиленгликоле,ГУМОРАЛЬНЫЙ ИММУНИТЕТ		,ЦИК и система комплемента		,Циркулирующие иммунные комплексы; ЦИК; ЦИКи; иммунные комплексы; растворимые иммунные комплексы; комплексы антиген-антитело; ЦИК (С1q),Circulating Immune Complexes; CIC; Immune complexes; Soluble immune complexes; Antigen-antibody complexes; CIC (C1q); Circulating immune complexes (CIC) 1112
С3 компонент комплемента,С3 компонент комплемента,Сыв-ка крови,мг/дл,90,180,,,,иммунотурбодиметрический,ГУМОРАЛЬНЫЙ ИММУНИТЕТ		,ЦИК и система комплемента		,С3 компонент комплемента; С3-компонент системы комплемента; бета1-С-глобулин; фактор А комплемента; комплемент С3; компонент С3; С3-фракция,Complement component C3; C3 complement; Beta1-C-globulin; C3 fraction; C3 protein; C3 component; Complement C3 1314
С4 компонент комплемента,С4 компонент комплемента,Сыв-ка крови,мг/дл,10,40,,,,иммунотурбодиметрический,ГУМОРАЛЬНЫЙ ИММУНИТЕТ		,ЦИК и система комплемента		,С4 компонент комплемента; С4-компонент системы комплемента; бета1-Е-глобулин; комплемент С4; компонент С4; С4-фракция; С4 белок,Complement component C4; C4 complement; Beta1-E-globulin; C4 fraction; C4 protein; C4 component; Complement C4 1516
Эстеразный ингибитор С1 комплемента - общий,Эстеразный ингибитор С1 комплемента - общий,Сыв-ка крови,мг/дл,23.0,41.0,,,,ИФА,ГУМОРАЛЬНЫЙ ИММУНИТЕТ		,ЦИК и система комплемента		,Эстеразный ингибитор С1; C1-ингибитор общий; ингибитор эстеразы С1; общий ингибитор комплемента С1; C1-INH общий; ингибитор C1-эстеразы; С1 ингибитор плазмы,"C1 esterase inhibitor, total; C1-INH, total; C1 inhibitor, total; Plasma C1 esterase inhibitor; C1-INH (total); C1-esterase inhibitor (total); Total C1-INH"
Эстеразный ингибитор С1 комплемента - функциональный,Эстеразный ингибитор С1 комплемента - функциональный,Плазма цитрат,%,70,130,,,,кинетический метод,ГУМОРАЛЬНЫЙ ИММУНИТЕТ		,ЦИК и система комплемента		,Эстеразный ингибитор С1 функциональный; C1-ингибитор функциональный; функциональный ингибитор эстеразы С1; C1-INH функциональный; функциональная активность C1-INH; ингибитор C1-эстеразы (функц.); функциональный тест C1 ингибитора,"C1 esterase inhibitor, functional; C1-INH, functional; C1 inhibitor, functional; Plasma C1 esterase inhibitor activity; C1-INH (functional); C1-esterase inhibitor (functional); Functional C1-INH"
Интерлейкин 1β,Интерлейкин 1β,Сыв-ка крови,пг/мл,0,11,,,,Твердофазный иммуноферментный анализ,ГУМОРАЛЬНЫЙ ИММУНИТЕТ		,Цитокины		,Интерлейкин 1 бета; ИЛ-1β; IL-1β; интерлейкин-1б; интерлейкин 1B; IL1B; цитокин IL-1β,Interleukin 1 beta; IL-1β; IL1B; Interleukin-1β; IL-1 beta; Cytokine IL-1β; Interleukin-1B
Интерлейкин 6,Интерлейкин 6,Сыв-ка крови,Пг/мл,0,7,,,,Электрохемилюминесцентный иммуноанализ,ГУМОРАЛЬНЫЙ ИММУНИТЕТ		,Цитокины		,Интерлейкин 6; ИЛ-6; IL-6; интерлейкин-6; цитокин IL-6; IL6; интерлейкин VI,Interleukin 6; IL-6; IL6; Interleukin-6; Cytokine IL-6; Interleukin VI; Interleukin-6 protein
Интерлейкин 8,Интерлейкин 8,Сыв-ка крови,пг/мл,0,10,,,,Твердофазный иммуноферментный анализ,ГУМОРАЛЬНЫЙ ИММУНИТЕТ		,Цитокины		,Интерлейкин 8; ИЛ-8; IL-8; интерлейкин-8; цитокин IL-8; IL8; интерлейкин VIII,Interleukin 8; IL-8; IL8; Interleukin-8; Cytokine IL-8; Interleukin VIII; Interleukin-8 protein
Интерлейкин 10,Интерлейкин 10,Сыв-ка крови,пг/мл,0,31,,,,Твердофазный иммуноферментный анализ,ГУМОРАЛЬНЫЙ ИММУНИТЕТ		,Цитокины		,Интерлейкин 10; ИЛ-10; IL-10; интерлейкин-10; цитокин IL-10; IL10; интерлейкин X,Interleukin 10; IL-10; IL10; Interleukin-10; Cytokine IL-10; Interleukin X; Interleukin-10 protein
Циклоферон,Циклоферон,Кровь с гепарином,ед/мл,,> 4,"> 4 ед/мл - Сильно выраженная, Увеличивается более чем в 4 раза",,,Определение биологической активности по защите монослоя клеточной культуры от ЦПД вируса,ИНТЕРФЕРОНОВЫЙ СТАТУС		,Чувствительность к индукторам эндогенного интерферона (дополнительно к исследованию 51-13-300)		,Циклоферон; меглюмина акридонацетат; индуктор интерферона; противовирусный иммуномодулятор; акридонуксусная кислота; иммуномодулятор; препарат для стимуляции иммунитета,Cycloferon; meglumine acridone acetate; interferon inducer; antiviral immunomodulator; immune stimulant; acridoneacetic acid; immunomodulatory agent123
,,,ед/мл,2,4,"
2-4 ед/мл - Выраженная, Увеличивается в 2-4 раза",,,,,,,
,,,ед/мл,2,,"2 ед/мл - Слабо выраженная, Увеличивается в 2 раза",,,,,,,
,,,ед/мл,,,"- Отсутствие чувствительности, Не изменяется",,,,,,,
Неовир,Неовир,Кровь с гепарином,ед/мл,,> 4,"> 4 ед/мл - Сильно выраженная, Увеличивается более чем в 4 раза",,,Определение биологической активности по защите монослоя клеточной культуры от ЦПД вируса,ИНТЕРФЕРОНОВЫЙ СТАТУС		,Чувствительность к индукторам эндогенного интерферона (дополнительно к исследованию 51-13-300)		,Неовир; полиметиленпирролидония малат; индуктор интерферона; противовирусный иммуномодулятор; иммуномодулятор; препарат для стимуляции иммунитета; аналог индукторов интерферона,Neovir; polymethylene pyrrolidone malate; interferon inducer; antiviral immunomodulator; immune stimulant; immunomodulatory agent; interferon inducer analog45
,,,ед/мл,2,4,"
2-4 ед/мл - Выраженная, Увеличивается в 2-4 раза",,,,,,,
,,,ед/мл,2,,"2 ед/мл - Слабо выраженная, Увеличивается в 2 раза",,,,,,,
,,,ед/мл,,,"- Отсутствие чувствительности, Не изменяется",,,,,,,
Амиксин,Амиксин,Кровь с гепарином,ед/мл,,> 4,"> 4 ед/мл - Сильно выраженная, Увеличивается более чем в 4 раза",,,Определение биологической активности по защите монослоя клеточной культуры от ЦПД вируса,ИНТЕРФЕРОНОВЫЙ СТАТУС		,Чувствительность к индукторам эндогенного интерферона (дополнительно к исследованию 51-13-300)		,Амиксин; тилорон; индуктор интерферона; противовирусный иммуномодулятор; иммуномодулятор; препарат для стимуляции иммунитета; тилорондигидрохлорид,Amiksin; tilorone; interferon inducer; antiviral immunomodulator; immune stimulant; immunomodulatory agent; tilorone dihydrochloride67
,,,ед/мл,2,4,"
2-4 ед/мл - Выраженная, Увеличивается в 2-4 раза",,,,,,,
,,,ед/мл,2,,"2 ед/мл - Слабо выраженная, Увеличивается в 2 раза",,,,,,,
,,,ед/мл,,,"- Отсутствие чувствительности, Не изменяется",,,,,,,
Кагоцел,Кагоцел,Кровь с гепарином,ед/мл,,> 4,"> 4 ед/мл - Сильно выраженная, Увеличивается более чем в 4 раза",,,Определение биологической активности по защите монослоя клеточной культуры от ЦПД вируса,ИНТЕРФЕРОНОВЫЙ СТАТУС		,Чувствительность к индукторам эндогенного интерферона (дополнительно к исследованию 51-13-300)		,Кагоцел; индуктор интерферона; противовирусный иммуномодулятор; иммуномодулятор; препарат для стимуляции иммунитета; натриевая соль сополимера; индуктор синтеза интерферона,Kagocel; interferon inducer; antiviral immunomodulator; immune stimulant; immunomodulatory agent; sodium salt copolymer; interferon synthesis inducer89
,,,ед/мл,2,4,"
2-4 ед/мл - Выраженная, Увеличивается в 2-4 раза",,,,,,,
,,,ед/мл,2,,"2 ед/мл - Слабо выраженная, Увеличивается в 2 раза",,,,,,,
,,,ед/мл,,,"- Отсутствие чувствительности, Не изменяется",,,,,,,
Ридостин,Ридостин,Кровь с гепарином,ед/мл,,> 4,"> 4 ед/мл - Сильно выраженная, Увеличивается более чем в 4 раза",,,Определение биологической активности по защите монослоя клеточной культуры от ЦПД вируса,ИНТЕРФЕРОНОВЫЙ СТАТУС		,Чувствительность к индукторам эндогенного интерферона (дополнительно к исследованию 51-13-300)		,Ридостин; рибонуклеат натрия; индуктор интерферона; иммуномодулятор; препарат для стимуляции иммунитета; противовирусный иммуномодулятор; натриевая соль рибонуклеиновой кислоты,Ridostin; sodium ribonucleate; interferon inducer; immunomodulator; immune stimulant; antiviral immunomodulator; sodium salt of ribonucleic acid1011
,,,ед/мл,2,4,"
2-4 ед/мл - Выраженная, Увеличивается в 2-4 раза",,,,,,,
,,,ед/мл,2,,"2 ед/мл - Слабо выраженная, Увеличивается в 2 раза",,,,,,,
,,,ед/мл,,,"- Отсутствие чувствительности, Не изменяется",,,,,,,
Интрон,Интрон,Кровь с гепарином,ед/мл,,> 4,"> 4 ед/мл - Сильно выраженная, Увеличивается более чем в 4 раза",,,Определение биологической активности по защите монослоя клеточной культуры от ЦПД вируса,ИНТЕРФЕРОНОВЫЙ СТАТУС		,Чувствительность к препаратам интерферона (дополнительно к исследованию 51-13-300)		,Интрон; интерферон альфа-2b; противовирусный иммуномодулятор; рекомбинантный интерферон; иммуномодулятор; препарат для стимуляции иммунитета; интерферон человеческий,Intron; interferon alfa-2b; antiviral immunomodulator; recombinant interferon; immunomodulatory agent; immune stimulant; human interferon12
,,,ед/мл,2,4,"
2-4 ед/мл - Выраженная, Увеличивается в 2-4 раза",,,,,,,
,,,ед/мл,2,,"2 ед/мл - Слабо выраженная, Увеличивается в 2 раза",,,,,,,
,,,ед/мл,,,"- Отсутствие чувствительности, Не изменяется",,,,,,,
Роферон,Роферон,Кровь с гепарином,ед/мл,,> 4,"> 4 ед/мл - Сильно выраженная, Увеличивается более чем в 4 раза",,,Определение биологической активности по защите монослоя клеточной культуры от ЦПД вируса,ИНТЕРФЕРОНОВЫЙ СТАТУС		,Чувствительность к препаратам интерферона (дополнительно к исследованию 51-13-300)		,Роферон; интерферон альфа-2a; противовирусный иммуномодулятор; рекомбинантный интерферон; иммуномодулятор; препарат для стимуляции иммунитета; интерферон человеческий,Roferon; interferon alfa-2a; antiviral immunomodulator; recombinant interferon; immunomodulatory agent; immune stimulant; human interferon1314
,,,ед/мл,2,4,"
2-4 ед/мл - Выраженная, Увеличивается в 2-4 раза",,,,,,,
,,,ед/мл,2,,"2 ед/мл - Слабо выраженная, Увеличивается в 2 раза",,,,,,,
,,,ед/мл,,,"- Отсутствие чувствительности, Не изменяется",,,,,,,
Ингарон (гаммаферон),Ингарон (гаммаферон),Кровь с гепарином,ед/мл,,> 4,"> 4 ед/мл - Сильно выраженная, Увеличивается более чем в 4 раза",,,Определение биологической активности по защите монослоя клеточной культуры от ЦПД вируса,ИНТЕРФЕРОНОВЫЙ СТАТУС		,Чувствительность к препаратам интерферона (дополнительно к исследованию 51-13-300)		,Ингарон; интерферон гамма; рекомбинантный интерферон гамма; иммуномодулятор; противовирусный иммуномодулятор; препарат для стимуляции иммунитета; человеческий гамма-интерферон,Ingaron; gamma interferon; recombinant human gamma interferon; immunomodulator; antiviral immunomodulator; immune stimulant; human gamma-interferon1516
,,,ед/мл,2,4,"
2-4 ед/мл - Выраженная, Увеличивается в 2-4 раза",,,,,,,
,,,ед/мл,2,,"2 ед/мл - Слабо выраженная, Увеличивается в 2 раза",,,,,,,
,,,ед/мл,,,"- Отсутствие чувствительности, Не изменяется",,,,,,,
Реальдирон,Реальдирон,Кровь с гепарином,ед/мл,,> 4,"> 4 ед/мл - Сильно выраженная, Увеличивается более чем в 4 раза",,,Определение биологической активности по защите монослоя клеточной культуры от ЦПД вируса,ИНТЕРФЕРОНОВЫЙ СТАТУС		,Чувствительность к препаратам интерферона (дополнительно к исследованию 51-13-300)		,Реальдирон; интерферон альфа; рекомбинантный интерферон; иммуномодулятор; противовирусный иммуномодулятор; препарат для стимуляции иммунитета; человеческий интерферон,Realdiron; interferon alpha; recombinant interferon; immunomodulator; antiviral immunomodulator; immune stimulant; human interferon
,,,ед/мл,2,4,"
2-4 ед/мл - Выраженная, Увеличивается в 2-4 раза",,,,,,,
,,,ед/мл,2,,"2 ед/мл - Слабо выраженная, Увеличивается в 2 раза",,,,,,,
,,,ед/мл,,,"- Отсутствие чувствительности, Не изменяется",,,,,,,
Реаферон,Реаферон,Кровь с гепарином,ед/мл,,> 4,"> 4 ед/мл - Сильно выраженная, Увеличивается более чем в 4 раза",,,Определение биологической активности по защите монослоя клеточной культуры от ЦПД вируса,ИНТЕРФЕРОНОВЫЙ СТАТУС		,Чувствительность к препаратам интерферона (дополнительно к исследованию 51-13-300)		,Реаферон; интерферон альфа-2b; рекомбинантный интерферон; иммуномодулятор; противовирусный иммуномодулятор; препарат для стимуляции иммунитета; человеческий интерферон,Reaferon; interferon alfa-2b; recombinant interferon; immunomodulator; antiviral immunomodulator; immune stimulant; human interferon
,,,ед/мл,2,4,"
2-4 ед/мл - Выраженная, Увеличивается в 2-4 раза",,,,,,,
,,,ед/мл,2,,"2 ед/мл - Слабо выраженная, Увеличивается в 2 раза",,,,,,,
,,,ед/мл,,,"- Отсутствие чувствительности, Не изменяется",,,,,,,
Иммунал,Иммунал,Кровь с гепарином,ед/мл,,> 4,"> 4 ед/мл - Сильно выраженная, Увеличивается более чем в 4 раза",,,Определение биологической активности по защите монослоя клеточной культуры от ЦПД вируса,ИНТЕРФЕРОНОВЫЙ СТАТУС		,Чувствительность к иммуномодуляторам (дополнительно к исследованию 51-13-300)		,Иммунал; эхинацея пурпурная; фитопрепарат для иммунитета; стимулятор иммунитета; иммуномодулятор; растительный иммуномодулятор; препарат эхинацеи,Immunal; Echinacea purpurea; herbal immunostimulant; immune system booster; immunomodulator; plant immunomodulator; echinacea preparation
,,,ед/мл,2,4,"
2-4 ед/мл - Выраженная, Увеличивается в 2-4 раза",,,,,,,
,,,ед/мл,2,,"2 ед/мл - Слабо выраженная, Увеличивается в 2 раза",,,,,,,
,,,ед/мл,,,"- Отсутствие чувствительности, Не изменяется",,,,,,,
Полиоксидоний,Полиоксидоний,Кровь с гепарином,ед/мл,,> 4,"> 4 ед/мл - Сильно выраженная, Увеличивается более чем в 4 раза",,,Определение биологической активности по защите монослоя клеточной культуры от ЦПД вируса,ИНТЕРФЕРОНОВЫЙ СТАТУС		,Чувствительность к иммуномодуляторам (дополнительно к исследованию 51-13-300)		,Полиоксидоний; азоксимера бромид; иммуномодулятор; стимулятор иммунитета; противовирусный иммуномодулятор; препарат для стимуляции иммунитета; иммунокорректор,Polyoxidonium; azoximer bromide; immunomodulator; immune system booster; antiviral immunomodulator; immune stimulant; immunocorrector
,,,ед/мл,2,4,"
2-4 ед/мл - Выраженная, Увеличивается в 2-4 раза",,,,,,,
,,,ед/мл,2,,"2 ед/мл - Слабо выраженная, Увеличивается в 2 раза",,,,,,,
,,,ед/мл,,,"- Отсутствие чувствительности, Не изменяется",,,,,,,
Галавит,Галавит,Кровь с гепарином,ед/мл,,> 4,"> 4 ед/мл - Сильно выраженная, Увеличивается более чем в 4 раза",,,Определение биологической активности по защите монослоя клеточной культуры от ЦПД вируса,ИНТЕРФЕРОНОВЫЙ СТАТУС		,Чувствительность к иммуномодуляторам (дополнительно к исследованию 51-13-300)		,Галавит; аминофталазон натрия; иммуномодулятор; стимулятор иммунитета; противовоспалительный иммуномодулятор; препарат для стимуляции иммунитета; иммунокорректор,Galavit; aminophthalazone sodium; immunomodulator; immune system booster; anti-inflammatory immunomodulator; immune stimulant; immunocorrector
,,,ед/мл,2,4,"
2-4 ед/мл - Выраженная, Увеличивается в 2-4 раза",,,,,,,
,,,ед/мл,2,,"2 ед/мл - Слабо выраженная, Увеличивается в 2 раза",,,,,,,
,,,ед/мл,,,"- Отсутствие чувствительности, Не изменяется",,,,,,,
Иммунофан,Иммунофан,Кровь с гепарином,ед/мл,,> 4,"> 4 ед/мл - Сильно выраженная, Увеличивается более чем в 4 раза",,,Определение биологической активности по защите монослоя клеточной культуры от ЦПД вируса,ИНТЕРФЕРОНОВЫЙ СТАТУС		,Чувствительность к иммуномодуляторам (дополнительно к исследованию 51-13-300)		,Иммунофан; аргинил-альфа-аспартил-лизил-валил-тирозил-аргинин; иммуномодулятор; стимулятор иммунитета; противовирусный иммуномодулятор; пептидный иммуномодулятор; препарат для коррекции иммунитета,Immunofan; arginyl-alpha-aspartyl-lysyl-valyl-tyrosyl-arginine; immunomodulator; immune system booster; antiviral immunomodulator; peptide immunomodulator; immune correction agent
,,,ед/мл,2,4,"
2-4 ед/мл - Выраженная, Увеличивается в 2-4 раза",,,,,,,
,,,ед/мл,2,,"2 ед/мл - Слабо выраженная, Увеличивается в 2 раза",,,,,,,
,,,ед/мл,,,"- Отсутствие чувствительности, Не изменяется",,,,,,,
Иммуномакс,Иммуномакс,Кровь с гепарином,ед/мл,,> 4,"> 4 ед/мл - Сильно выраженная, Увеличивается более чем в 4 раза",,,Определение биологической активности по защите монослоя клеточной культуры от ЦПД вируса,ИНТЕРФЕРОНОВЫЙ СТАТУС		,Чувствительность к иммуномодуляторам (дополнительно к исследованию 51-13-300)		,Иммуномакс; лиофилизат для инъекций; иммуномодулятор; стимулятор иммунитета; противовирусный иммуномодулятор; препарат для стимуляции иммунитета; иммунокорректор,Immunomax; lyophilizate for injections; immunomodulator; immune system booster; antiviral immunomodulator; immune stimulant; immunocorrector
,,,ед/мл,2,4,"
2-4 ед/мл - Выраженная, Увеличивается в 2-4 раза",,,,,,,
,,,ед/мл,2,,"2 ед/мл - Слабо выраженная, Увеличивается в 2 раза",,,,,,,
,,,ед/мл,,,"- Отсутствие чувствительности, Не изменяется",,,,,,,
Ликопид,Ликопид,Кровь с гепарином,ед/мл,,> 4,"> 4 ед/мл - Сильно выраженная, Увеличивается более чем в 4 раза",,,Определение биологической активности по защите монослоя клеточной культуры от ЦПД вируса,ИНТЕРФЕРОНОВЫЙ СТАТУС		,Чувствительность к иммуномодуляторам (дополнительно к исследованию 51-13-300)		,Ликопид; глюкозаминилмурамилдипептид; иммуномодулятор; стимулятор иммунитета; противовирусный иммуномодулятор; препарат для стимуляции иммунитета; иммунокорректор,Licopid; glucosaminylmuramyl dipeptide; immunomodulator; immune system booster; antiviral immunomodulator; immune stimulant; immunocorrector
,,,ед/мл,2,4,"
2-4 ед/мл - Выраженная, Увеличивается в 2-4 раза",,,,,,,
,,,ед/мл,2,,"2 ед/мл - Слабо выраженная, Увеличивается в 2 раза",,,,,,,
,,,ед/мл,,,"- Отсутствие чувствительности, Не изменяется",,,,,,,
Т-активин,Т-активин,Кровь с гепарином,ед/мл,,> 4,"> 4 ед/мл - Сильно выраженная, Увеличивается более чем в 4 раза",,,Определение биологической активности по защите монослоя клеточной культуры от ЦПД вируса,ИНТЕРФЕРОНОВЫЙ СТАТУС		,Чувствительность к иммуномодуляторам (дополнительно к исследованию 51-13-300)		,Т-активин; тимусный препарат; иммуномодулятор; стимулятор иммунитета; препарат тимуса; иммунокорректор; тимоактивный препарат,T-activin; thymus extract; immunomodulator; immune system booster; thymus preparation; immunocorrector; thymic agent
,,,ед/мл,2,4,"
2-4 ед/мл - Выраженная, Увеличивается в 2-4 раза",,,,,,,
,,,ед/мл,2,,"2 ед/мл - Слабо выраженная, Увеличивается в 2 раза",,,,,,,
,,,ед/мл,,,"- Отсутствие чувствительности, Не изменяется",,,,,,,
Тимоген,Тимоген,Кровь с гепарином,ед/мл,,> 4,"> 4 ед/мл - Сильно выраженная, Увеличивается более чем в 4 раза",,,Определение биологической активности по защите монослоя клеточной культуры от ЦПД вируса,ИНТЕРФЕРОНОВЫЙ СТАТУС		,Чувствительность к иммуномодуляторам (дополнительно к исследованию 51-13-300)		,Тимоген; иммуномодулятор; стимулятор иммунитета; препарат для стимуляции иммунитета; тетрапептид; иммунокорректор; препарат тимуса,Timogen; immunomodulator; immune system booster; immune stimulant; tetrapeptide; immunocorrector; thymic agent
,,,ед/мл,2,4,"
2-4 ед/мл - Выраженная, Увеличивается в 2-4 раза",,,,,,,
,,,ед/мл,2,,"2 ед/мл - Слабо выраженная, Увеличивается в 2 раза",,,,,,,
,,,ед/мл,,,"- Отсутствие чувствительности, Не изменяется",,,,,,,
,Белок общий в ликворе,Ликвор,г/л,0.68,2.4,27-32 неделя беременности,,,Колориметрический фотометрический метод,Биохимические исследования биологических жидкостей		,Биохимические исследования ликвора (спинномозговая жидкость)		,Общий белок в ликворе; белок спинномозговой жидкости; общий белок в цереброспинальной жидкости; белок в СМЖ; протеин ликвора; ликворный белок; протеин в спинномозговой жидкости,Total protein in CSF; Cerebrospinal fluid total protein; CSF protein; Protein in spinal fluid; Total protein (CSF); CSF total protein concentration; Spinal fluid protein
,,,г/л,0.67,2.3,33-36 неделя беременности,,,,,,,
,,,г/л,0.58,1.5,37-40 неделя беременности,,,,,,,
,,,г/л,0.25,0.72,1 день - 1 месяц,,,,,,,
,,,г/л,0.2,0.72,2-3 месяца,,,,,,,
,,,г/л,0.15,0.5,4-6 месяцев,,,,,,,
,,,г/л,0.1,0.45,7-12 месяцев,,,,,,,
,,,г/л,0.1,0.4,1-2 года,,,,,,,
,,,г/л,0.2,0.38,3-4 года,,,,,,,
,,,г/л,0.3,0.43,5-8 лет,,,,,,,
,,,г/л,0.4,0.45,9-90 лет,,,,,,,
Альбумин в ликворе,Альбумин в ликворе,Ликвор,х10ˆ-3,,50,30 неделя беременности,,,,Биохимические исследования биологических жидкостей		,Биохимические исследования ликвора (спинномозговая жидкость)		,Альбумин ликвора; альбумин в цереброспинальной жидкости; альбумин в СМЖ; ликворный альбумин; белок альбумин в ликворе; CSF альбумин; альбумин в спинномозговой жидкости,Albumin in CSF; CSF albumin; Cerebrospinal fluid albumin; Albumin (CSF); Spinal fluid albumin; CSF albumin concentration; Albumin in spinal fluid
,,,х10ˆ-3,,25,роды,,,,,,,
,,,х10ˆ-3,,15,1 -5 месяцев,,,,,,,
,,,х10ˆ-3,,5,6 месяцев,,,,,,,
,,,х10ˆ-3,,5,20 лет,,,,,,,
,,,х10ˆ-3,,7,40 лет,,,,,,,
,,,х10ˆ-3,,8,60 лет,,,,,,,
Лактат в ликворе,Лактат в ликворе,Ликвор,ммоль/л,1.1,6.7,новорожденные,,,Реакция окисления лактата в пируват,Биохимические исследования биологических жидкостей		,Биохимические исследования ликвора (спинномозговая жидкость)		,Лактат ликвора; молочная кислота в ликворе; лактат в цереброспинальной жидкости; лактат в СМЖ; ликворный лактат; CSF лактат; лактат спинномозговой жидкости,Lactate in CSF; CSF lactate; Cerebrospinal fluid lactate; Lactate (CSF); Spinal fluid lactate; CSF lactate concentration; Lactate in spinal fluid
,,,ммоль/л,1.1,1.8,1-18 лет,,,,,,,
,,,ммоль/л,1.2,2.1,19-90 лет,,,,,,,
Глюкоза в ликворе,Глюкоза в ликворе,Ликвор,ммоль/л,1.8,4.6,1-16 лет,,,Ферментативный УФ метод (гексокиназный).,Биохимические исследования биологических жидкостей		,Биохимические исследования ликвора (спинномозговая жидкость)		,Глюкоза ликвора; сахар в ликворе; глюкоза в цереброспинальной жидкости; глюкоза в СМЖ; ликворная глюкоза; CSF глюкоза; глюкоза спинномозговой жидкости,Glucose in CSF; CSF glucose; Cerebrospinal fluid glucose; Glucose (CSF); Spinal fluid glucose; CSF glucose concentration; Glucose in spinal fluid
,,,ммоль/л,2.2,4.2,17-90 лет,,,,,,,
Хлориды в ликворе,Хлориды в ликворе,Ликвор,ммоль/л,18,132,,,,Ионоселективная электродная потенциометрия,Биохимические исследования биологических жидкостей		,Биохимические исследования ликвора (спинномозговая жидкость)		,Хлориды ликвора; хлориды в цереброспинальной жидкости; хлориды в СМЖ; ликворные хлориды; ионы хлора в ликворе; CSF хлориды; хлориды спинномозговой жидкости,Chlorides in CSF; CSF chlorides; Cerebrospinal fluid chlorides; Chloride (CSF); Spinal fluid chlorides; CSF chloride concentration; Chlorides in spinal fluid
Белок в биологических жидкостях,Белок в биологических жидкостях,"Выпоты, транссудаты, экссудаты",г/л,0.15,0.45,,,,Нефелометрический,Биохимические исследования биологических жидкостей		,Биохимические исследования экссудатов/транссудатов/пунктатов		,Белок в биожидкостях; общий белок в жидкостях организма; протеин в биологических жидкостях; белок в плевральной жидкости; белок в асците; белок в синовиальной жидкости; белок в экссудате,Protein in biological fluids; Total protein in body fluids; Protein in pleural fluid; Protein in ascitic fluid; Protein in synovial fluid; Protein in effusion; Protein (biological fluids)
Альбумин в биологических жидкостях,Альбумин в выпотной жидкости,"Выпоты, транссудаты, экссудаты",мг/л,,,,,,Иммунонефелометрический,Биохимические исследования биологических жидкостей		,Биохимические исследования экссудатов/транссудатов/пунктатов		,Альбумин в биожидкостях; альбумин в плевральной жидкости; альбумин в асците; альбумин в синовиальной жидкости; альбумин в экссудате; белок альбумин в жидкостях; альбумин в телесных жидкостях,Albumin in biological fluids; Albumin in pleural fluid; Albumin in ascitic fluid; Albumin in synovial fluid; Albumin in effusion; Albumin (body fluids); Albumin in exudate
Глюкоза в биологических жидкостях,Глюкоза в выпотной жидкости,"Выпоты, транссудаты, экссудаты",ммоль/л,,,,,,Ферментативный гексокиназный,Биохимические исследования биологических жидкостей		,Биохимические исследования экссудатов/транссудатов/пунктатов		,Глюкоза в биожидкостях; сахар в жидкостях организма; глюкоза в плевральной жидкости; глюкоза в асците; глюкоза в синовиальной жидкости; глюкоза в экссудате; глюкоза в телесных жидкостях,Glucose in biological fluids; Glucose in pleural fluid; Glucose in ascitic fluid; Glucose in synovial fluid; Glucose in effusion; Glucose (body fluids); Glucose in exudate
ЛДГ (лактатдегидрогеназа) в биологических жидкостях,ЛДГ (лактатдегидрогеназа) в биологических жидкостях,"Выпоты, транссудаты, экссудаты",Ед/л,,,,,,Реакция окисления лактата в пируват,Биохимические исследования биологических жидкостей		,Биохимические исследования экссудатов/транссудатов/пунктатов		,ЛДГ в биожидкостях; лактатдегидрогеназа в плевральной жидкости; ЛДГ в асците; ЛДГ в синовиальной жидкости; ЛДГ в экссудате; ЛДГ в телесных жидкостях; ЛДГ в жидкостях организма,LDH in biological fluids; Lactate dehydrogenase in pleural fluid; LDH in ascitic fluid; LDH in synovial fluid; LDH in effusion; LDH (body fluids); LDH in exudate
Спермограмма,Объем эякулята,Сперма,мл,1.4,1.7,,,,Измерение объёма в градуированном лабораторном контейнере,ИССЛЕДОВАНИЕ СПЕРМЫ		,ИССЛЕДОВАНИЕ СПЕРМЫ		,"Объем спермы, спермограмма; Количество эякулята, спермограмма; Количество спермы, спермограмма; Объем семенной жидкости, спермограмма; Количество семенной жидкости, спермограмма; Общий объем, спермограмма; Объем эякулята, спермограмма","Ejaculate volume, semen analysis; Semen volume, semen analysis; Volume of ejaculate, semen analysis; Volume of semen, semen analysis; Amount of ejaculate, semen analysis; Sperm volume, semen analysis; Total ejaculate volume, semen analysis"
,Время разжижения эякулята,Сперма,мин,,<60,,,,Засекание времени до полной ликвификации при комнатной температуре,,,"Время разжижения, спермограмма; Разжижение спермы, спермограмма; Длительность разжижения, спермограмма; Время перехода к жидкой форме, спермограмма; Период разжижения, спермограмма; Разжижение эякулята, спермограмма; Время перехода в жидкую фазу, спермограмма","Liquefaction time, semen analysis; Semen liquefaction, semen analysis; Time to liquefy, semen analysis; Liquefaction period, semen analysis; Liquefaction duration, semen analysis; Time to liquid state, semen analysis; Liquefaction of semen, semen analysis"
,Цвет эякулята,Сперма,,,"Белый, сероватый, желтоватый",,,,Визуальная оценка на белом фоне,,,"Цвет семенной жидкости, спермограмма; Окраска эякулята, спермограмма; Цвет спермы, спермограмма; Цвет сперматозоидов, спермограмма; Характер окраски, спермограмма; Цвет образца, спермограмма; Внешний вид эякулята, спермограмма","Semen color, semen analysis; Ejaculate color, semen analysis; Color of semen, semen analysis; Color of ejaculate, semen analysis; Semen appearance, semen analysis; Sperm color, semen analysis; Sample color, semen analysis"
,Консистенция эякулята,Сперма,,,"Вязкая, становится жидкой",,,,"Визуальное и тактильное определение однородности, вязкости",,,"Консистенция спермы, спермограмма; Текстура эякулята, спермограмма; Плотность эякулята, спермограмма; Тягучесть спермы, спермограмма; Характер консистенции, спермограмма; Структура спермы, спермограмма; Густота эякулята, спермограмма","Semen consistency, semen analysis; Semen texture, semen analysis; Ejaculate consistency, semen analysis; Semen density, semen analysis; Consistency of sperm, semen analysis; Ejaculate viscosity, semen analysis; Sperm texture, semen analysis"
,Вязкость эякулята,Сперма,,,≤ 20 мм (нить после разжижения),,,,Измерение длины нити при стекании капли (визуальный тест),,,"Вязкость спермы, спермограмма; Тягучесть эякулята, спермограмма; Вязкая консистенция, спермограмма; Плотность спермы, спермограмма; Степень вязкости, спермограмма; Вязкость семенной жидкости, спермограмма; Степень тягучести, спермограмма","Semen viscosity, semen analysis; Viscosity of ejaculate, semen analysis; Sperm viscosity, semen analysis; Seminal viscosity, semen analysis; Semen stickiness, semen analysis; Seminal fluid viscosity, semen analysis; Consistency (viscosity), semen analysis"
,pH эякулята,Сперма,,7.2,8.0,,,,Измерение pH индикаторной бумажкой непосредственно после разжижения,,,"Кислотность эякулята, спермограмма; Водородный показатель, спермограмма; pH спермы, спермограмма; Значение pH, спермограмма; pH среды, спермограмма; pH-среда эякулята, спермограмма; Кислотно-щелочной баланс, спермограмма","Semen pH, semen analysis; pH of semen, semen analysis; Ejaculate pH, semen analysis; pH value, semen analysis; Acid-base balance, semen analysis; Seminal pH, semen analysis; Sperm pH, semen analysis"
,Запах эякулята,Сперма,,,Специфический (каштановый),,,,Органолептическая оценка специалистом,,,"Запах спермы, спермограмма; Аромат эякулята, спермограмма; Характерный запах, спермограмма; Особенности запаха, спермограмма; Присущий запах, спермограмма; Запах семенной жидкости, спермограмма; Аромат спермы, спермограмма","Semen odor, semen analysis; Odor of ejaculate, semen analysis; Sperm smell, semen analysis; Semen smell, semen analysis; Ejaculate odor, semen analysis; Seminal odor, semen analysis; Odour of semen, semen analysis"
,Концентрация сперматозойдов в эякуляте,Сперма,мл,12*10ˆ6,16*10ˆ6,,,,Подсчёт в камере Горяева под микроскопом,,,"Концентрация сперматозоидов, спермограмма; Число сперматозоидов, спермограмма; Плотность сперматозоидов, спермограмма; Спермоконцентрация, спермограмма; Количество спермы, спермограмма; Мутность спермы, спермограмма; Количество клеток в эякуляте, спермограмма","Sperm concentration, semen analysis; Sperm count, semen analysis; Spermatozoa concentration, semen analysis; Concentration of spermatozoa, semen analysis; Spermatozoa number, semen analysis; Semen sperm count, semen analysis; Sperm density, semen analysis"
,Общее число сперматозоидов эякулята,Сперма,,33*10ˆ6,46*10ˆ6,,,,Расчёт на основе концентрации и объёма эякулята,,,"Общее количество сперматозоидов, спермограмма; Суммарное число сперматозоидов, спермограмма; Общий спермоконтент, спермограмма; Итоговое количество сперматозоидов, спермограмма; Total sperm, спермограмма; Общая сперма, спермограмма; Все сперматозоиды, спермограмма","Total sperm count, semen analysis; Sperm total, semen analysis; Total spermatozoa, semen analysis; Total sperm number, semen analysis; Ejaculate sperm total, semen analysis; All spermatozoa, semen analysis; Overall sperm count, semen analysis"
,Прогрессивно подвижные (PR) эякулята,Сперма,%,,≥32,,,,"Микроскопия нативного препарата, определение процента PR",,,"Прогрессивная подвижность, спермограмма; Активноподвижные сперматозоиды, спермограмма; PR-клетки, спермограмма; Движущиеся сперматозоиды, спермограмма; Доля активно-подвижных, спермограмма; Прямолинейно-подвижные, спермограмма; Степень прогрессивной подвижности, спермограмма","Progressive motile sperm, semen analysis; Progressive motility, semen analysis; PR sperm, semen analysis; Progressively motile, semen analysis; Forward motile sperm, semen analysis; Class A+B motility, semen analysis; Progressive movement, semen analysis"
,Общая подвижность эякулята,Сперма,%,,≥ 40 (PR+NP),,,,"Микроскопия нативного препарата, определение процента всех подвижных",,,"Общая подвижность, спермограмма; Подвижность сперматозоидов, спермограмма; Суммарно подвижные, спермограмма; Общее движение сперматозоидов, спермограмма; Total motility, спермограмма; Подвижные клетки, спермограмма; Percent motile, спермограмма","Total sperm motility, semen analysis; Sperm motility, semen analysis; Overall motility, semen analysis; Motile sperm ratio, semen analysis; Motile sperm percentage, semen analysis; General motility, semen analysis; Motility (total), semen analysis"
,Непрогрессивно подвижные эякулята,Сперма,%,,< 40,,,,"Микроскопия, классификация по типу движения",,,"Непрогрессивная подвижность, спермограмма; Малоподвижные сперматозоиды, спермограмма; Слабоподвижные, спермограмма; Sperm with low motility, спермограмма; Пассивноподвижные, спермограмма; Индекс непрогрессивных, спермограмма; Медленно-подвижные, спермограмма","Non-progressive motile sperm, semen analysis; Non-progressive motility, semen analysis; Sperm with slow movement, semen analysis; Immotile sperm, semen analysis; NP motility, semen analysis; Nonforward motility, semen analysis; Sperm with weak motility, semen analysis"
,Неподвижные эякулята,Сперма,%,,< 60,,,,"Микроскопия, подсчёт неподвижных клеток",,,"Неподвижные сперматозоиды, спермограмма; Absence of motility, спермограмма; Неактивные клетки, спермограмма; Полная иммобилизация, спермограмма; Иммобилизованные, спермограмма; Единичные подвижные, спермограмма; Zero motility, спермограмма","Immotile spermatozoa, semen analysis; Immobile sperm, semen analysis; Nonmotile sperm, semen analysis; Sperm immobility, semen analysis; Lack of sperm movement, semen analysis; Absence of motility, semen analysis; Sperm with no motility, semen analysis"
,Морфология эякулята,Сперма,%,,≥ 4 нормальных форм,,,,Микроскопия окрашенных по Папаниколау (или Романовскому) препаратов,,,"Морфология сперматозоидов, спермограмма; Строение сперматозоидов, спермограмма; Форма сперматозоидов, спермограмма; Оценка морфологии, спермограмма; Крюгер морфология, спермограмма; Морфологические отклонения, спермограмма; Анализ формы, спермограмма","Sperm morphology, semen analysis; Morphology evaluation, semen analysis; Morphological assessment, semen analysis; Kruger morphology, semen analysis; Sperm shape, semen analysis; Morphological defects, semen analysis; Morphology analysis, semen analysis"
,Жизнеспособность эякулята,Сперма,%,,≥ 58 живых,,,,"Окрашивание эозином-ништим зеленым, подсчёт процента живых",,,"Жизнеспособность сперматозоидов, спермограмма; Живые сперматозоиды, спермограмма; Vitality, спермограмма; Окрашивание живых, спермограмма; Процент живых, спермограмма; Некросперматозоиды, спермограмма; Vital stain, спермограмма","Sperm vitality, semen analysis; Sperm viability, semen analysis; Live sperm, semen analysis; Vital staining, semen analysis; Percentage of live sperm, semen analysis; Viable sperm, semen analysis; Sperm necrosis, semen analysis"
,Лейкоциты эякулята,Сперма,млн/мл,,< 1,,,,Окрашивание пероксидазой с подсчётом в поле зрения или автоматическим методом,,,"Лейкоциты, спермограмма; Белые кровяные тельца, спермограмма; Leuкоциты, спермограмма; Повышение лейкоцитов, спермограмма; Воспалительные клетки, спермограмма; Количество лейкоцитов, спермограмма; Лейкоцитоспермия, спермограмма","Leukocytes, semen analysis; White blood cells, semen analysis; Leucocytes, semen analysis; Elevated WBC, semen analysis; Inflammatory cells, semen analysis; WBC count, semen analysis; Leukocytospermia, semen analysis"
,Эритроциты эякулята,Сперма,,,отсутствуют,,,,Микроскопия окрашенного и нативного препарата,,,"Эритроциты, спермограмма; Красные кровяные тельца, спермограмма; Кровь в сперме, спермограмма; Повышение эритроцитов, спермограмма; Red blood cells, спермограмма; RBC, спермограмма; Гематоспермия, спермограмма","Red blood cells, semen analysis; Erythrocytes, semen analysis; RBC count, semen analysis; Blood in semen, semen analysis; Hematospermia, semen analysis; Increased RBC, semen analysis; Erythrocyte presence, semen analysis"
,Агглютинация эякулята,Сперма,,,Отсутствует,,,,"Микроскопия, обнаружение скоплений склеенных сперматозоидов",,,"Агглютинация спермы, спермограмма; Слипание сперматозоидов, спермограмма; Агглютинация клеток, спермограмма; Склеивание сперматозоидов, спермограмма; Антиспермальные антитела, спермограмма; Положительная агглютинация, спермограмма; Агглютинирование, спермограмма","Sperm agglutination, semen analysis; Agglutinated sperm, semen analysis; Sperm clumping, semen analysis; Cell agglutination, semen analysis; Positive agglutination, semen analysis; Antisperm antibodies, semen analysis; Agglutination of sperm, semen analysis"
,Агрегация эякулята,Сперма,,,Отсутствует,,,,"Микроскопия, обнаружение слипания сперматозоидов с др. клетками",,,"Агрегация спермы, спермограмма; Слипание клеток, спермограмма; Агрегация сперматозоидов, спермограмма; Клеточная агрегация, спермограмма; Аггрегация с клетками, спермограмма; Смешанная агрегация, спермограмма; Несколько клеток в агрегате, спермограмма","Aggregation, semen analysis; Sperm aggregation, semen analysis; Cell aggregation, semen analysis; Sperm cell aggregation, semen analysis; Mixed aggregation, semen analysis; Aggregated cells, semen analysis; Cellular aggregation, semen analysis"
,Клетки сперматогенеза эякулята,Сперма,,,≤ 10,,,,Микроскопия окрашенного препарата,,,"Клетки сперматогенеза, спермограмма; Незрелые клетки, спермограмма; Клетки эпителия канальцев, спермограмма; Клетки развития спермы, спермограмма; Клетки зародышевого эпителия, спермограмма; Precursor-cells, спермограмма; Эпителиальные клетки, спермограмма","Spermatogenic cells, semen analysis; Germ cells, semen analysis; Immature sperm cells, semen analysis; Spermatogenesis cells, semen analysis; Precursor sperm cells, semen analysis; Seminiferous epithelium cells, semen analysis; Epithelial cells, semen analysis"
,MAR-тест эякулята,Сперма,,,≤ 25 покрытых антителами,,,,"Иммуно-гематологический тест с антиглобулиновым реагентом, микроскопия",,,"MAR-тест, спермограмма; Тест на антиспермальные антитела, спермограмма; Тест MAR, спермограмма; Тест иммунного бесплодия, спермограмма; Антиспермальные антитела, спермограмма; Прямой MAR-тест, спермограмма; Иммунологический тест, спермограмма","MAR-test, semen analysis; Mixed antiglobulin reaction, semen analysis; Antisperm antibodies test, semen analysis; Sperm antibody test, semen analysis; Immunological fertility test, semen analysis; Direct MAR-test, semen analysis; Immunologic test, semen analysis"
,Фруктоза (биохимия) эякулята,Сперма,мкмоль/эякулят,,≥ 13,,,,Фотометрический биохимический анализ,,,"Фруктоза, спермограмма; Содержание фруктозы, спермограмма; Биохимия фруктозы, спермограмма; Анализ фруктозы, спермограмма; Фруктозный показатель, спермограмма; Количество фруктозы, спермограмма; Уровень фруктозы, спермограмма","Fructose, semen analysis; Fructose level, semen analysis; Fructose content, semen analysis; Biochemistry of fructose, semen analysis; Fructose marker, semen analysis; Analysis of fructose, semen analysis; Fructose measurement, semen analysis"
,Лимонная кислота эякулята,Сперма,мкмоль/мл,,≥ 52,,,,Фотометрический анализ,,,"Лимонная кислота, спермограмма; Содержание лимонной кислоты, спермограмма; Анализ лимонной кислоты, спермограмма; Уровень лимонной кислоты, спермограмма; Цитратный показатель, спермограмма; Биохимия лимонной кислоты, спермограмма; Показатель цитрата, спермограмма","Citric acid, semen analysis; Citrate, semen analysis; Citric acid content, semen analysis; Citrate measurement, semen analysis; Level of citric acid, semen analysis; Citric acid assay, semen analysis; Citric parameter, semen analysis"
,Цинк эякулята,Сперма,мкмоль/эякулят,,"≥ 2,4",,,,Колориметрический анализ,,,"Цинк, спермограмма; Содержание цинка, спермограмма; Анализ цинка, спермограмма; Биохимия цинка, спермограмма; Уровень цинка, спермограмма; Количество цинка, спермограмма; Цинковый показатель, спермограмма","Zinc, semen analysis; Zinc level, semen analysis; Zinc content, semen analysis; Zinc biochemistry, semen analysis; Amount of zinc, semen analysis; Zinc measurement, semen analysis; Zinc assay, semen analysis"
,α-гликозидаза эякулята,Сперма,мЕд/эякулят,,≥ 20,,,,Энзиматический биохимический тест на активность фермента,,,"Альфа-гликозидаза, спермограмма; α-гликозидаза, спермограмма; Акросомная гликозидаза, спермограмма; Биохимия альфа-гликозидазы, спермограмма; Уровень α-гликозидазы, спермограмма; Энзим α-гликозидаза, спермограмма; Показатель α-гликозидазы, спермограмма","Alpha-glucosidase, semen analysis; α-glucosidase, semen analysis; Acrosomal glucosidase, semen analysis; Level of alpha-glucosidase, semen analysis; Alpha-glucosidase activity, semen analysis; α-glucosidase enzyme, semen analysis; α-glucosidase parameter, semen analysis"
,Липоидные тельца эякулята,Сперма,,,Есть в норме,,,,Микроскопия окрашенного препарата,,,"Липоидные тельца, спермограмма; Липоидные включения, спермограмма; Липопротеиновые тельца, спермограмма; Жировые тельца, спермограмма; Липидные тельца, спермограмма; Тельца простаты, спермограмма; Липоидные гранулы, спермограмма","Lipoid bodies, semen analysis; Lipoid inclusions, semen analysis; Lipoprotein bodies, semen analysis; Lipid bodies, semen analysis; Prostatic bodies, semen analysis; Fat bodies, semen analysis; Lipoid granules, semen analysis"
,Лецитиновые зерна эякулята,Сперма,,,В большом количестве,,,,Микроскопия окрашенного препарата,,,"Лецитиновые зерна, спермограмма; Зерна лецитина, спермограмма; Лецитиновый показатель, спермограмма; Лецитиновые включения, спермограмма; Лецитиновые элементы, спермограмма; Лецитиновая гранула, спермограмма; Лецитиноклатные зерна, спермограмма","Lecithin grains, semen analysis; Lecithin bodies, semen analysis; Lecithin inclusions, semen analysis; Lecithin content, semen analysis; Lecithin elements, semen analysis; Lecithin granules, semen analysis; Lecithin marker, semen analysis"
,Спермиофаги эякулята,Сперма,,,Отсутствуют,,,,"Микроскопия, морфологическая идентификация",,,"Спермиофаги, спермограмма; Фагоцитирующие клетки, спермограмма; Макрофаги спермы, спермограмма; Поглотители сперматозоидов, спермограмма; Клетки-фаги, спермограмма; Клетки-пожиратели, спермограмма; Спермальные фагоциты, спермограмма","Spermiophages, semen analysis; Phagocytic cells, semen analysis; Sperm macrophages, semen analysis; Sperm phagocytes, semen analysis; Sperm-eating cells, semen analysis; Sperm phagocytic cells, semen analysis; Sperm phagocytes, semen analysis"
,Амилоидные тельца эякулята,Сперма,,,Отсутствуют,,,,Микроскопия окрашенного препарата,,,"Амилоидные тельца, спермограмма; Амилоидные включения, спермограмма; Белковые тельца, спермограмма; Тельца простаты, спермограмма; Простатические тельца, спермограмма; Амилоидные образования, спермограмма; Амилоидные гранулы, спермограмма","Amyloid bodies, semen analysis; Amyloid inclusions, semen analysis; Protein bodies, semen analysis; Prostatic bodies, semen analysis; Prostate amyloid, semen analysis; Amyloid formations, semen analysis; Amyloid granules, semen analysis"
,Слизь эякулята,Сперма,,,Не обнаружена,,,,Визуальный осмотр и микроскопия,,,"Слизь, спермограмма; Муцин, спермограмма; Вязкая слизь, спермограмма; Секреторная слизь, спермограмма; Мутная слизь, спермограмма; Жидкая слизь, спермограмма; Слизистое включение, спермограмма","Mucus, semen analysis; Seminal mucus, semen analysis; Viscous mucus, semen analysis; Mucoid secretion, semen analysis; Mucous fluid, semen analysis; Secretory mucus, semen analysis; Mucous inclusion, semen analysis"
Антиспермальные антитела в сперме,Антиспермальные антитела в сперме,Сперма,%,0,50,,,,MAP-тест,ИССЛЕДОВАНИЕ СПЕРМЫ		,ИССЛЕДОВАНИЕ СПЕРМЫ		,Антиспермальные антитела; антитела к сперматозоидам; MAR-тест; антиспермальные иммуноглобулины; ASA в сперме; иммуноанализ спермы; антиспермальные IgG/IgA,Antisperm antibodies in semen; Antisperm antibodies; Sperm antibody test; MAR test; ASA in semen; Immunoglobulins to sperm; Antisperm IgG/IgA
Общий анализ кала (копрограмма),Количество кала,Кал,г/сут,100,200,,,,Визуальная оценка физических свойств,ИССЛЕДОВАНИЕ КАЛА                ,Общеклинические исследования кала,"Объем кала, копрограмма; Масса кала, копрограмма; Количество кала, копрограмма; Объем стула, копрограмма; Масса стула, копрограмма; Количество фекалий, копрограмма; Объем фекалий, копрограмма","Stool volume, coprogram; Stool weight, coprogram; Feces amount, coprogram; Stool amount, coprogram; Stool mass, coprogram; Fecal volume, coprogram; Fecal mass, coprogram"
,Консистенция кала,Кал,,,"густая, вязкая",0-1 год искуственное вскармливание,,,Визуальная оценка физических свойств,ИССЛЕДОВАНИЕ КАЛА                ,Общеклинические исследования кала,"Текстура кала, копрограмма; Плотность кала, копрограмма; Структура кала, копрограмма; Вязкость кала, копрограмма; Консистенция стула, копрограмма; Плотность стула, копрограмма; Текстура стула, копрограмма","Stool consistency, coprogram; Stool texture, coprogram; Stool density, coprogram; Stool firmness, coprogram; Stool structure, coprogram; Feces consistency, coprogram; Stool viscosity, coprogram"
,,,,,кашицеобразная,0-1 год грудное вскармливание,,,,,,,
,,,,,Оформленный,2-90 лет,,,,,,,
,Форма кала,Кал,,,Неоформелнный,0-1 год ,,,Визуальная оценка физических свойств,ИССЛЕДОВАНИЕ КАЛА                ,Общеклинические исследования кала,"Форма стула, копрограмма; Контуры кала, копрограмма; Внешний вид кала, копрограмма; Очертания стула, копрограмма; Форма фекалий, копрограмма; Вид кала, копрограмма; Образец кала, копрограмма","Stool shape, coprogram; Stool contour, coprogram; Stool appearance, coprogram; Stool outline, coprogram; Feces shape, coprogram; Stool form, coprogram; Fecal appearance, coprogram"
,,,,,"Цилиндрическая, оформленная",2-90 лет,,,,,,,
,Цвет кала,Кал,,,"Бледно-желтый, желтовато-коричневый, коричневый",0-1 год искуственное вскармливание,,,Визуальная оценка физических свойств,ИССЛЕДОВАНИЕ КАЛА                ,Общеклинические исследования кала,"Окраска кала, копрограмма; Оттенок кала, копрограмма; Цвет стула, копрограмма; Тон кала, копрограмма; Цвет фекалий, копрограмма; Окраска стула, копрограмма; Оттенок стула, копрограмма","Stool color, coprogram; Stool shade, coprogram; Color of stool, coprogram; Feces color, coprogram; Shade of stool, coprogram; Stool tint, coprogram; Fecal color, coprogram"
,,,,,"золотисто-желтый, желтый, желто-зеленый",0-1 год грудное вскармливание,,,,,,,
,,,,,Коричневый,2-90 лет,,,,,,,
,Запах кала,Кал,,,"аммиачный слабый, гнилостный слабый",0-1 год искуственное вскармливание,,,Визуальная оценка физических свойств,ИССЛЕДОВАНИЕ КАЛА                ,Общеклинические исследования кала,"Аромат кала, копрограмма; Запах стула, копрограмма; Запах фекалий, копрограмма; Запах испражнений, копрограмма; Запах кала, копрограмма; Запах фекалий, копрограмма; Аромат стула, копрограмма","Stool odor, coprogram; Stool smell, coprogram; Feces odor, coprogram; Fecal smell, coprogram; Feces odor, coprogram; Stool aroma, coprogram; Fecal aroma, coprogram"
,,,,,кислый слабый,0-1 год грудное вскармливание,,,,,,,
,,,,,"Каловый, без резких неприятных запахов",2-90 лет,,,,,,,
,Остатки непереваренной пищи в кале,Кал,,,Отсутствуют или в незначительном количестве,,,,Визуальная оценка физических свойств,ИССЛЕДОВАНИЕ КАЛА                ,Общеклинические исследования кала,"Непереваренные частицы в кале, копрограмма; Остатки пищи в кале, копрограмма; Непереваренные остатки, копрограмма; Примеси непереваренной пищи, копрограмма; Остатки еды в кале, копрограмма; Частицы пищи в кале, копрограмма; Непереваренная пища копрограмма","Undigested food particles in stool, coprogram; Food residues in stool, coprogram; Undigested residues, coprogram; Undigested food inclusions, coprogram; Food remnants in stool, coprogram; Food particles in stool, coprogram; Undigested food, coprogram"
,Слизь в кале,Кал,,,Отсутствует,,,,Микроскопический,ИССЛЕДОВАНИЕ КАЛА                ,Общеклинические исследования кала,"Наличие слизи в кале, копрограмма; Слизистые включения в кале, копрограмма; Слизь в испражнениях, копрограмма; Слизистый компонент кала, копрограмма; Слизистая примесь в кале, копрограмма; Слизистые остатки в кале, копрограмма; Слизь копрограмма","Mucus in stool, coprogram; Mucous inclusions in stool, coprogram; Mucus in feces, coprogram; Mucous component of stool, coprogram; Mucous admixture in stool, coprogram; Mucous residues in stool, coprogram; Mucus coprogram"
,Гной в кале,Кал,,,Отсутствует,,,,Сухая химия,ИССЛЕДОВАНИЕ КАЛА                ,Общеклинические исследования кала,"Гнойные включения в кале, копрограмма; Гной в кале, копрограмма; Гнойные примеси в кале, копрограмма; Наличие гноя в кале, копрограмма; Гной в испражнениях, копрограмма; Гнойный компонент кала, копрограмма; Гной копрограмма","Pus inclusions in stool, coprogram; Pus in stool, coprogram; Purulent admixtures in stool, coprogram; Presence of pus in stool, coprogram; Pus in feces, coprogram; Purulent component of stool, coprogram; Pus coprogram"
,pH кала,Кал,,6.8,7.5,0-1 год искуственное вскармливание,,,Микроскопический,ИССЛЕДОВАНИЕ КАЛА                ,Общеклинические исследования кала,"Кислотность кала, копрограмма; pH испражнений, копрограмма; Уровень кислотности кала, копрограмма; Показатель pH кала, копрограмма; Реакция кала, копрограмма; Кислотно-щелочной баланс кала, копрограмма; pH копрограмма","Stool acidity, coprogram; Stool pH, coprogram; Acidity level of stool, coprogram; pH indicator of stool, coprogram; Stool reaction, coprogram; Acid-base balance of stool, coprogram; pH coprogram"
,,,,4.8,5.8,0-1 год грудное вскармливание,,,,,,,
,,,,7.0,7.5,2-90 лет,,,,,,,
,Билирубин в кале,Кал,,,Отрицательная реакция,,,,Сухая химия,ИССЛЕДОВАНИЕ КАЛА                ,Общеклинические исследования кала,"Билирубин в испражнениях, копрограмма; Наличие билирубина в кале, копрограмма; Копрограмма билирубина; Билирубин каловых масс, копрограмма; Вещества билирубина в кале, копрограмма; Показатель билирубина кала, копрограмма; Билирубин, копрограмма","Bilirubin in stool, coprogram; Presence of bilirubin in stool, coprogram; Coprogram bilirubin; Bilirubin in fecal matter, coprogram; Bilirubin substances in stool, coprogram; Bilirubin indicator of stool, coprogram; Bilirubin, coprogram"
,Стеркобилин в кале,Кал,,,Положительная реакция,,,,Сухая химия,ИССЛЕДОВАНИЕ КАЛА                ,Общеклинические исследования кала,"Стеркобилин копрограмма; Стеркобилин в кале, копрограмма; Наличие стеркобилина в кале, копрограмма; Пигмент стеркобилин в кале, копрограмма; Стеркобилин испражнений, копрограмма; Показатель стеркобилина, копрограмма; Стеркобилин копрограмма","Stercobilin coprogram; Stercobilin in stool, coprogram; Presence of stercobilin in stool, coprogram; Stercobilin pigment in stool, coprogram; Stercobilin in feces, coprogram; Stercobilin indicator, coprogram; Stercobilin coprogram"
,Белок в кале,Кал,,,Отсутствует,,,,Сухая химия,ИССЛЕДОВАНИЕ КАЛА                ,Общеклинические исследования кала,"Белок в испражнениях, копрограмма; Наличие белка в кале, копрограмма; Протеин копрограмма; Белковый компонент кала, копрограмма; Белковые остатки в кале, копрограмма; Показатель белка в кале, копрограмма; Белок копрограмма","Protein in stool, coprogram; Presence of protein in stool, coprogram; Protein coprogram; Protein component of stool, coprogram; Protein residues in stool, coprogram; Protein indicator in stool, coprogram; Protein coprogram"
,Мышечные волокна в кале (с исчерченностью и без),Кал,,,Единичные или отсутствуют,,,,Сухая химия,ИССЛЕДОВАНИЕ КАЛА                ,Общеклинические исследования кала,"Мышечные волокна в кале, копрограмма; Волокна мышц в кале, копрограмма; Мышечные остатки в кале, копрограмма; Мышечные структуры в кале, копрограмма; Копрограмма мышечных волокон; Скелетные мышцы в кале, копрограмма; Мышечные волокна копрограмма","Muscle fibers in stool, coprogram; Muscle strands in stool, coprogram; Muscle residues in stool, coprogram; Muscular structures in stool, coprogram; Coprogram of muscle fibers; Skeletal muscles in stool, coprogram; Muscle fibers coprogram"
,Соединительная ткань в кале,Кал,,,Отсутствует,,,,Микроскопический,ИССЛЕДОВАНИЕ КАЛА                ,Общеклинические исследования кала,"Соединительная ткань в кале, копрограмма; Соединительнотканные волокна в кале, копрограмма; Остатки соединительной ткани, копрограмма; Копрограмма соединительной ткани; Соединительнотканные элементы в кале, копрограмма; Коллагеновые волокна в кале, копрограмма; Соединительная ткань копрограмма","Connective tissue in stool, coprogram; Connective tissue fibers in stool, coprogram; Residues of connective tissue, coprogram; Connective tissue coprogram; Connective tissue elements in stool, coprogram; Collagen fibers in stool, coprogram; Connective tissue coprogram"
,Крахмал в кале (внутриклеточный/внеклеточный),Кал,,,Отсутствует,,,,Микроскопический,ИССЛЕДОВАНИЕ КАЛА                ,Общеклинические исследования кала,"Крахмал в кале, копрограмма; Внутри- и внеклеточный крахмал, копрограмма; Остатки крахмала в кале, копрограмма; Крахмальные гранулы, копрограмма; Копрограмма крахмала; Крахмалистые включения в кале, копрограмма; Крахмал в стуле, копрограмма","Starch in stool, coprogram; Intracellular and extracellular starch, coprogram; Starch residues in stool, coprogram; Starch granules, coprogram; Starch coprogram; Starchy inclusions in stool, coprogram; Starch in feces, coprogram"
,Нейтральный жир в кале,Кал,,,"единичные капли, не много",0-1 год ,,,Микроскопический,ИССЛЕДОВАНИЕ КАЛА                ,Общеклинические исследования кала,"Нейтральный жир в кале, копрограмма; Триглицериды в кале, копрограмма; Липиды в кале, копрограмма; Жировые остатки в кале, копрограмма; Копрограмма нейтрального жира; Жировые включения в кале, копрограмма; Жиры в испражнениях, копрограмма","Neutral fat in stool, coprogram; Triglycerides in stool, coprogram; Lipids in stool, coprogram; Fat residues in stool, coprogram; Neutral fat coprogram; Fat inclusions in stool, coprogram; Fats in feces, coprogram"
,,,,,Отсутствует,2-90 лет,,,,,,,
,Жирные кислоты в кале,Кал,,,скудное кол-во,0-1 год искуственное вскармливание,,,Микроскопический,ИССЛЕДОВАНИЕ КАЛА                ,Общеклинические исследования кала,"Жирные кислоты в кале, копрограмма; Свободные жирные кислоты в кале, копрограмма; ЖК в кале, копрограмма; Остатки жирных кислот, копрограмма; Копрограмма жирных кислот; Жирные кислоты в испражнениях, копрограмма; Свободные ЖК в кале, копрограмма","Fatty acids in stool, coprogram; Free fatty acids in stool, coprogram; FA in stool, coprogram; Fatty acid residues, coprogram; Fatty acids coprogram; Fatty acids in feces, coprogram; Free FA in stool, coprogram"
,,,,,умеренное кол-во,0-1 год грудное вскармливание,,,,,,,
,,,,,Отсутствуют,2-90 лет,,,,,,,
,Мыла в кале,Кал,,,В небольшом количестве,,,,Сухая химия,ИССЛЕДОВАНИЕ КАЛА                ,Общеклинические исследования кала,"Мыла в кале, копрограмма; Жировые мыла в кале, копрограмма; Мыльные соединения в кале, копрограмма; Жировые соли копрограмма; Натриевые и калиевые мыла, копрограмма; Копрограмма мыл; Анионные мыла в кале, копрограмма","Soaps in stool, coprogram; Fatty soaps in stool, coprogram; Soap compounds in stool, coprogram; Fatty acid salts coprogram; Sodium and potassium soaps, coprogram; Soaps coprogram; Anionic soaps in stool, coprogram"
,Растительная клетчатка в кале (перевариваемая),Кал,,,В единичных количествах,,,,Микроскопический,ИССЛЕДОВАНИЕ КАЛА                ,Общеклинические исследования кала,"Перевариваемая клетчатка в кале, копрограмма; Усваиваемая растительная клетчатка, копрограмма; Переработанная клетчатка, копрограмма; Копрограмма растительной клетчатки; Растворимая клетчатка в кале, копрограмма; Переваримая пищеварительная клетчатка, копрограмма; Клетчатка перевариваемая копрограмма","Digestible fiber in stool, coprogram; Absorbable plant fiber, coprogram; Processed fiber, coprogram; Plant fiber coprogram; Soluble fiber in stool, coprogram; Digestible dietary fiber, coprogram; Digestible fiber coprogram"
,Растительная клетчатка в кале (неперевариваемая),Кал,,,Умеренно,,,,Микроскопический,ИССЛЕДОВАНИЕ КАЛА                ,Общеклинические исследования кала,"Неперевариваемая клетчатка в кале, копрограмма; Неусваиваемая растительная клетчатка, копрограмма; Непереработанная клетчатка, копрограмма; Копрограмма неперевариваемой клетчатки; Нерастворимая клетчатка в кале, копрограмма; Необработанная клетчатка, копрограмма; Клетчатка неперевариваемая копрограмма","Indigestible fiber in stool, coprogram; Non-absorbable plant fiber, coprogram; Unprocessed fiber, coprogram; Indigestible fiber coprogram; Insoluble fiber in stool, coprogram; Raw fiber, coprogram; Indigestible fiber coprogram"
,Детрит в кале,Кал,,,В большом количестве,,,,Микроскопический,ИССЛЕДОВАНИЕ КАЛА                ,Общеклинические исследования кала,"Детрит в кале, копрограмма; Остатки клеток в кале, копрограмма; Клеточный детрит, копрограмма; Обломки клеток и тканей, копрограмма; Копрограмма детрита; Клеточный мусор в кале, копрограмма; Органический детрит копрограмма","Detritus in stool, coprogram; Cell remnants in stool, coprogram; Cellular detritus, coprogram; Cell and tissue debris, coprogram; Detritus coprogram; Cellular debris in stool, coprogram; Organic detritus coprogram"
,Лейкоциты в кале,Кал,п/зр,,Единичные ,0-1 год искуственное вскармливание,,,Микроскопический,ИССЛЕДОВАНИЕ КАЛА                ,Общеклинические исследования кала,"Лейкоциты в кале, копрограмма; Белые кровяные клетки в кале, копрограмма; Лейкоцитарная формула кала; Копрограмма лейкоцитов; Присутствие лейкоцитов в кале, копрограмма; Белые клетки крови в кале, копрограмма; Лейкоцитарные клетки копрограмма","Leukocytes in stool, coprogram; White blood cells in stool, coprogram; Leukocyte count stool; Leukocyte coprogram; Presence of leukocytes in stool, coprogram; White blood cells stool, coprogram; Leukocyte cells coprogram"
,,,,8,10,0-1 год грудное вскармливание,,,,,,,
,,,,,Отсутствуют или единичные,2-90 лет,,,,,,,
,Эритроциты в кале,Кал,,,Отсутствуют,,,,Микроскопический,ИССЛЕДОВАНИЕ КАЛА                ,Общеклинические исследования кала,"Эритроциты в кале, копрограмма; Красные кровяные клетки в кале, копрограмма; Эритроцитарная формула кала; Копрограмма эритроцитов; Присутствие эритроцитов в кале, копрограмма; Красные клетки крови в кале, копрограмма; Эритроцитарные клетки копрограмма","Erythrocytes in stool, coprogram; Red blood cells in stool, coprogram; Erythrocyte count stool; Erythrocyte coprogram; Presence of erythrocytes in stool, coprogram; Red blood cells stool, coprogram; Erythrocyte cells coprogram"
,Эпителий в кале,Кал,,,Отсутствует или единичные клетки,,,,Микроскопический,ИССЛЕДОВАНИЕ КАЛА                ,Общеклинические исследования кала,"Эпителиальные клетки в кале, копрограмма; Клетки эпителия в кале, копрограмма; Эпителиальная компонента кала; Копрограмма эпителия; Присутствие эпителия в кале, копрограмма; Эпителий слизистой копрограмма; Эпителиальные клетки копрограмма","Epithelial cells in stool, coprogram; Cells of epithelium in stool, coprogram; Epithelial component of stool; Epithelium coprogram; Presence of epithelium in stool, coprogram; Mucosal epithelium coprogram; Epithelial cells coprogram"
,Йодофильная флора в кале,Кал,,,Единичная,,,,Микроскопический,ИССЛЕДОВАНИЕ КАЛА                ,Общеклинические исследования кала,"Йодофильная флора в кале, копрограмма; Йодофильные бактерии в кале, копрограмма; Флора, окрашиваемая йодом в кале, копрограмма; Йодофильные микроорганизмы в кале, копрограмма; Копрограмма йодофильной флоры; Присутствие йодофильной флоры в кале, копрограмма; Йодофильная микрофлора копрограмма","Iodophilic flora in stool, coprogram; Iodophilic bacteria in stool, coprogram; Iodine-staining flora in stool, coprogram; Iodophilic microorganisms in stool, coprogram; Iodophilic flora coprogram; Presence of iodophilic flora in stool, coprogram; Iodophilic microflora coprogram"
,Дрожжи в кале,Кал,,,Отсутствуют,,,,Микроскопический,ИССЛЕДОВАНИЕ КАЛА                ,Общеклинические исследования кала,"Дрожжевые клетки в кале, копрограмма; Грибы дрожжевые в кале, копрограмма; Дрожжеподобные организмы в кале, копрограмма; Копрограмма дрожжей; Присутствие дрожжей в кале, копрограмма; Дрожжевые микробы копрограмма; Дрожжи копрограмма","Yeasts in stool, coprogram; Yeast cells in stool, coprogram; Yeast-like organisms in stool, coprogram; Yeasts coprogram; Presence of yeasts in stool, coprogram; Yeast microbes coprogram; Yeasts coprogram"
,Простейшие в кале,Кал,,,Отсутствуют,,,,Микроскопический,ИССЛЕДОВАНИЕ КАЛА                ,Общеклинические исследования кала,"Простейшие микроорганизмы в кале, копрограмма; Протозойные организмы в кале, копрограмма; Одноклеточные паразиты в кале, копрограмма; Копрограмма простейших; Наличие простейших в кале, копрограмма; Простейшие паразиты, копрограмма; Простейшие копрограмма","Protozoa in stool, coprogram; Protozoan organisms in stool, coprogram; Unicellular parasites in stool, coprogram; Protozoa coprogram; Presence of protozoa in stool, coprogram; Protozoan parasites coprogram; Protozoa coprogram"
,Яйца гельминтов в кале,Кал,,,Отсутствуют,,,,Микроскопический,ИССЛЕДОВАНИЕ КАЛА                ,Общеклинические исследования кала,"Яйца гельминтов в кале, копрограмма; Гельминтные яйца в кале, копрограмма; Яйца паразитов в кале, копрограмма; Копрограмма яиц гельминтов; Наличие яиц гельминтов в кале, копрограмма; Паразитарные яйца копрограмма; Глистные яйца копрограмма","Helminth eggs in stool, coprogram; Worm eggs in stool, coprogram; Parasite eggs in stool, coprogram; Helminth egg coprogram; Presence of helminth eggs in stool, coprogram; Parasitic eggs coprogram; Worm eggs coprogram"
,Кристаллы в кале,Кал,,,Отсутствуют,,,,Микроскопический,ИССЛЕДОВАНИЕ КАЛА                ,Общеклинические исследования кала,"Кристаллы в кале, копрограмма; Минеральные кристаллы в кале, копрограмма; Кристаллические включения в кале, копрограмма; Копрограмма кристаллов; Присутствие кристаллов в кале, копрограмма; Кристаллообразные образования в кале, копрограмма; Кристаллы копрограмма","Crystals in stool, coprogram; Mineral crystals in stool, coprogram; Crystalline inclusions in stool, coprogram; Crystals coprogram; Presence of crystals in stool, coprogram; Crystalloid formations in stool, coprogram; Crystals coprogram"
Исследование кала на скрытую кровь,Исследование кала на скрытую кровь ,Кал,,,Отсутствуют,,,,бензидиновая проба,ИССЛЕДОВАНИЕ КАЛА		,ИССЛЕДОВАНИЕ КАЛА		,Кал на скрытую кровь; анализ кала на скрытую кровь; тест на скрытую кровь в кале; фекальный тест на скрытую кровь; гемоккульт-тест; латексный тест на скрытую кровь; иммунохимический тест кала,Fecal occult blood test; Stool occult blood test; FOBT; Hemoccult test; Fecal immunochemical test; Stool blood screening; Occult blood in stool
Анализ кала на скрытую кровь (гемоглобин (hHb) и трансферрин (hTf),Hb/трансферин,Кал,,,Отсутствуют,,,,Иммунохроматография,ИССЛЕДОВАНИЕ КАЛА		,ИССЛЕДОВАНИЕ КАЛА		,"Гемоглобин/трансферин, Анализ кала на скрытую кровь (иммунохимический метод);Гемоглобин и трансферин, Анализ кала на скрытую кровь (иммунохимический метод);Комплекс гемоглобин-трансферин, Анализ кала на скрытую кровь (иммунохимический метод);Тест на гемоглобин и трансферин, Анализ кала на скрытую кровь (иммунохимический метод)","Hemoglobin/transferrin, Fecal occult blood test (immunochemical method);Hb and transferrin, Fecal occult blood test (immunochemical method);Hemoglobin-transferrin complex, Fecal occult blood test (immunochemical method);Hb/transferrin test, Fecal occult blood test (immunochemical method)"
,Hb/гаптоглобин,Кал,,,Отсутствуют,,,,Иммунохроматография,ИССЛЕДОВАНИЕ КАЛА		,ИССЛЕДОВАНИЕ КАЛА		,"Гемоглобин/гаптоглобин, Анализ кала на скрытую кровь (иммунохимический метод);Гемоглобин и гаптоглобин, Анализ кала на скрытую кровь (иммунохимический метод);Комплекс гемоглобин-гаптоглобин, Анализ кала на скрытую кровь (иммунохимический метод);Тест на гемоглобин и гаптоглобин, Анализ кала на скрытую кровь (иммунохимический метод)","Hemoglobin/haptoglobin, Fecal occult blood test (immunochemical method);Hb and haptoglobin, Fecal occult blood test (immunochemical method);Hemoglobin-haptoglobin complex, Fecal occult blood test (immunochemical method);Hb/haptoglobin test, Fecal occult blood test (immunochemical method)"
"Скрытая кровь в кале, количественно","Скрытая кровь в кале, количественно",Кал,нг/мл,0,100,,,,Количественный иммунохимический тест,ИССЛЕДОВАНИЕ КАЛА		,,"Скрытая кровь в кале (количественный иммунохимический метод), количественный тест на скрытую кровь в кале, иммунохимический анализ кала на скрытую кровь, количественное исследование кала на скрытую кровь, иммунологический тест кала на скрытую кровь, количественный FOB-тест, количественный фекальный тест на скрытую кровь, скрининг скрытой крови в кале, количественный анализ крови в кале","FOB Gold test, quantitative fecal occult blood test, immunochemical fecal occult blood analysis, quantitative stool occult blood test, immunologic fecal occult blood test, quantitative FOB test, fecal occult blood screen, quantitative fecal blood test, fecal hemoglobin quantification"
Кальпротектин в кале,Кальпротектин в кале,Кал,Мкг/г,0,538,1-6 месяцев ,,,ИФА,ИССЛЕДОВАНИЕ КАЛА		,ИССЛЕДОВАНИЕ КАЛА		,Кальпротектин в кале; фекальный кальпротектин; анализ кала на кальпротектин; тест на кальпротектин; маркер воспаления кишечника; кал на кальпротектин; фекальный белок S100A8/A9,Fecal calprotectin; Calprotectin in stool; Stool calprotectin test; Calprotectin assay; Intestinal inflammation marker; S100A8/A9 in stool; Fecal S100A8/A9 protein
,,,Мкг/г,0,214,7 месяцев - 3 года,,,,,,,
,,,Мкг/г,0,75,4 года,,,,,,,
,,,Мкг/г,0,50,5-90 лет,,,,,,,
Панкреатическая эластаза в кале,Панкреатическая эластаза в кале,Кал,Мкг/г,,> 200.00,,,,ИФА,ИССЛЕДОВАНИЕ КАЛА		,ИССЛЕДОВАНИЕ КАЛА		,"Панкреатическая эластаза в кале; эластаза-1 в кале; анализ кала на эластазу; тест на панкреатическую эластазу; кал на эластазу; фекальная эластаза; маркер функции поджелудочной,Панкреатическая эластаза; Копрологическая эластаза; Эластаза 1 в кале; Копрологическая эластаза 1; Эластаза поджелудочной железы в кале; Панкретическая эластаза; Эластаза-1 каловая; Иммуноферментный анализ эластазы",Fecal pancreatic elastase; Pancreatic elastase in stool; Stool elastase test; Fecal elastase-1; Elastase-1 in feces; Pancreatic function marker; Stool pancreatic enzyme
Углеводы в кале,Углеводы в кале,Кал,%,0,0.25,0-12 месяцев,,,Метод Бенедикта,ИССЛЕДОВАНИЕ КАЛА		,ИССЛЕДОВАНИЕ КАЛА		,Углеводы в кале; анализ кала на углеводы; тест на углеводы в кале; фекальные сахара; сахар в кале; исследование кала на углеводы; определение углеводов в стуле,Carbohydrates in stool; Stool carbohydrate analysis; Fecal sugars; Sugar in stool; Stool carbohydrate test; Fecal carbohydrate determination; Stool sugar assay
,,,,,0,1-90 лет,,,,,,,
Биохимический анализ кала - маркёры дисбактериоза кишечника,Абсолютное содержание уксусной кислоты (C2),Кал,мг/г,4.66,7.1,,,,газожидкостная хроматография (ГЖХ),ИССЛЕДОВАНИЕ КАЛА		,Биохимический анализ кала,"Абсолютное содержание уксусной кислоты, биохимический анализ кала — маркёры дисбактериоза кишечника; Концентрация уксусной кислоты, биохимический анализ кала — маркёры дисбактериоза кишечника; Уровень уксусной кислоты, биохимический анализ кала — маркёры дисбактериоза кишечника; Количество уксусной кислоты, биохимический анализ кала — маркёры дисбактериоза кишечника; Уксусная кислота в кале, биохимический анализ кала — маркёры дисбактериоза кишечника","Acetic acid absolute content, biochemical stool analysis — markers of intestinal dysbiosis; Acetic acid concentration, biochemical stool analysis — markers of intestinal dysbiosis; Level of acetic acid, biochemical stool analysis — markers of intestinal dysbiosis; Amount of acetic acid, biochemical stool analysis — markers of intestinal dysbiosis; Acetic acid in stool, biochemical stool analysis — markers of intestinal dysbiosis"
,Относительное содержание уксусной кислоты (C2),Кал,Ед,0.612,0.656,,,,газожидкостная хроматография (ГЖХ),ИССЛЕДОВАНИЕ КАЛА		,Биохимический анализ кала,"Относительное содержание уксусной кислоты, биохимический анализ кала — маркёры дисбактериоза кишечника; Доля уксусной кислоты, биохимический анализ кала — маркёры дисбактериоза кишечника; Процент уксусной кислоты, биохимический анализ кала — маркёры дисбактериоза кишечника; Уксусная кислота процентная, биохимический анализ кала — маркёры дисбактериоза кишечника; Относительный уровень уксусной кислоты, биохимический анализ кала — маркёры дисбактериоза кишечника","Acetic acid relative content, biochemical stool analysis — markers of intestinal dysbiosis; Acetic acid proportion, biochemical stool analysis — markers of intestinal dysbiosis; Acetic acid percentage, biochemical stool analysis — markers of intestinal dysbiosis; Acetic acid relative level, biochemical stool analysis — markers of intestinal dysbiosis"
,Абсолютное содержание пропионовой кислоты (C3),Кал,мг/г,0.84,2.74,,,,газожидкостная хроматография (ГЖХ),ИССЛЕДОВАНИЕ КАЛА		,Биохимический анализ кала,"Абсолютное содержание пропионовой кислоты, биохимический анализ кала — маркёры дисбактериоза кишечника; Концентрация пропионовой кислоты, биохимический анализ кала — маркёры дисбактериоза кишечника; Уровень пропионовой кислоты, биохимический анализ кала — маркёры дисбактериоза кишечника; Количество пропионовой кислоты, биохимический анализ кала — маркёры дисбактериоза кишечника; Пропионовая кислота в кале, биохимический анализ кала — маркёры дисбактериоза кишечника","Propionic acid absolute content, biochemical stool analysis — markers of intestinal dysbiosis; Propionic acid concentration, biochemical stool analysis — markers of intestinal dysbiosis; Level of propionic acid, biochemical stool analysis — markers of intestinal dysbiosis; Amount of propionic acid, biochemical stool analysis — markers of intestinal dysbiosis; Propionic acid in stool, biochemical stool analysis — markers of intestinal dysbiosis"
,Относительное содержание пропионовой кислоты (C3),Кал,Ед,0.18,0.198,,,,газожидкостная хроматография (ГЖХ),ИССЛЕДОВАНИЕ КАЛА		,Биохимический анализ кала,"Относительное содержание пропионовой кислоты, биохимический анализ кала — маркёры дисбактериоза кишечника; Доля пропионовой кислоты, биохимический анализ кала — маркёры дисбактериоза кишечника; Процент пропионовой кислоты, биохимический анализ кала — маркёры дисбактериоза кишечника; Пропионовая кислота процентная, биохимический анализ кала — маркёры дисбактериоза кишечника; Относительный уровень пропионовой кислоты, биохимический анализ кала — маркёры дисбактериоза кишечника","Propionic acid relative content, biochemical stool analysis — markers of intestinal dysbiosis; Propionic acid proportion, biochemical stool analysis — markers of intestinal dysbiosis; Propionic acid percentage, biochemical stool analysis — markers of intestinal dysbiosis; Propionic acid relative level, biochemical stool analysis — markers of intestinal dysbiosis"
,Абсолютное содержание масляной кислоты (C4),Кал,мг/г,0.9,2.6,,,,газожидкостная хроматография (ГЖХ),ИССЛЕДОВАНИЕ КАЛА		,Биохимический анализ кала,"Абсолютное содержание масляной кислоты, биохимический анализ кала — маркёры дисбактериоза кишечника; Концентрация масляной кислоты, биохимический анализ кала — маркёры дисбактериоза кишечника; Уровень масляной кислоты, биохимический анализ кала — маркёры дисбактериоза кишечника; Количество масляной кислоты, биохимический анализ кала — маркёры дисбактериоза кишечника; Масляная кислота в кале, биохимический анализ кала — маркёры дисбактериоза кишечника","Butyric acid absolute content, biochemical stool analysis — markers of intestinal dysbiosis; Butyric acid concentration, biochemical stool analysis — markers of intestinal dysbiosis; Level of butyric acid, biochemical stool analysis — markers of intestinal dysbiosis; Amount of butyric acid, biochemical stool analysis — markers of intestinal dysbiosis; Butyric acid in stool, biochemical stool analysis — markers of intestinal dysbiosis"
,Относительное содержание масляной кислоты (C4),Кал,Ед,0.167,0.185,,,,газожидкостная хроматография (ГЖХ),ИССЛЕДОВАНИЕ КАЛА		,Биохимический анализ кала,"Относительное содержание масляной кислоты, биохимический анализ кала — маркёры дисбактериоза кишечника; Доля масляной кислоты, биохимический анализ кала — маркёры дисбактериоза кишечника; Процент масляной кислоты, биохимический анализ кала — маркёры дисбактериоза кишечника; Масляная кислота процентная, биохимический анализ кала — маркёры дисбактериоза кишечника; Относительный уровень масляной кислоты, биохимический анализ кала — маркёры дисбактериоза кишечника","Butyric acid relative content, biochemical stool analysis — markers of intestinal dysbiosis; Butyric acid proportion, biochemical stool analysis — markers of intestinal dysbiosis; Butyric acid percentage, biochemical stool analysis — markers of intestinal dysbiosis; Butyric acid relative level, biochemical stool analysis — markers of intestinal dysbiosis"
,Абсолютное содержание ИзоCn (изоС4 + изоС5 + изоС6),Кал,мг/г,0.62,0.64,,,,газожидкостная хроматография (ГЖХ),ИССЛЕДОВАНИЕ КАЛА		,Биохимический анализ кала,"Абсолютное содержание изоС4 + изоС5 + изоС6, биохимический анализ кала — маркёры дисбактериоза кишечника; Концентрация изоС4 + изоС5 + изоС6, биохимический анализ кала — маркёры дисбактериоза кишечника; Уровень изоС4 + изоС5 + изоС6, биохимический анализ кала — маркёры дисбактериоза кишечника; Количество изоС4 + изоС5 + изоС6, биохимический анализ кала — маркёры дисбактериоза кишечника","IsoCn absolute content (isoC4 + isoC5 + isoC6), biochemical stool analysis — markers of intestinal dysbiosis; IsoCn concentration (isoC4 + isoC5 + isoC6), biochemical stool analysis — markers of intestinal dysbiosis; Level of isoCn (isoC4 + isoC5 + isoC6), biochemical stool analysis — markers of intestinal dysbiosis; Amount of isoCn (isoC4 + isoC5 + isoC6), biochemical stool analysis — markers of intestinal dysbiosis"
,Относительное содержание ИзоCn (изоС4 + изоС5 + изоС6),Кал,Ед,0.056,0.062,,,,газожидкостная хроматография (ГЖХ),ИССЛЕДОВАНИЕ КАЛА		,Биохимический анализ кала,"Относительное содержание изоС4 + изоС5 + изоС6, биохимический анализ кала — маркёры дисбактериоза кишечника; Доля изоС4 + изоС5 + изоС6, биохимический анализ кала — маркёры дисбактериоза кишечника; Процент изоС4 + изоС5 + изоС6, биохимический анализ кала — маркёры дисбактериоза кишечника; Относительный уровень изоС4 + изоС5 + изоС6, биохимический анализ кала — маркёры дисбактериоза кишечника","IsoCn relative content (isoC4 + isoC5 + isoC6), biochemical stool analysis — markers of intestinal dysbiosis; IsoCn proportion (isoC4 + isoC5 + isoC6), biochemical stool analysis — markers of intestinal dysbiosis; IsoCn percentage (isoC4 + isoC5 + isoC6), biochemical stool analysis — markers of intestinal dysbiosis; IsoCn relative level (isoC4 + isoC5 + isoC6), biochemical stool analysis — markers of intestinal dysbiosis"
,Соотношение ИзоCn/Cn,Кал,Ед,0.29,0.57,,,,газожидкостная хроматография (ГЖХ),ИССЛЕДОВАНИЕ КАЛА		,Биохимический анализ кала,"Соотношение изоСn к Сn, биохимический анализ кала — маркёры дисбактериоза кишечника; Ratio изоСn/Сn, биохимический анализ кала — маркёры дисбактериоза кишечника; Коэффициент изоСn к Сn, биохимический анализ кала — маркёры дисбактериоза кишечника","Ratio IsoCn/Cn, biochemical stool analysis — markers of intestinal dysbiosis; IsoCn to Cn ratio, biochemical stool analysis — markers of intestinal dysbiosis; Coefficient of isoCn to Cn, biochemical stool analysis — markers of intestinal dysbiosis"
,Общее содержание (C2 + ... + C6),Кал,мг/г,8.01,13.01,,,,газожидкостная хроматография (ГЖХ),ИССЛЕДОВАНИЕ КАЛА		,Биохимический анализ кала,"Общее содержание короткоцепочечных кислот, биохимический анализ кала — маркёры дисбактериоза кишечника; Суммарное содержание КЖК, биохимический анализ кала — маркёры дисбактериоза кишечника; Общий уровень КЖК, биохимический анализ кала — маркёры дисбактериоза кишечника; Калькуляция КЖК, биохимический анализ кала — маркёры дисбактериоза кишечника","Total short-chain fatty acids content, biochemical stool analysis — markers of intestinal dysbiosis; Total SCFA content, biochemical stool analysis — markers of intestinal dysbiosis; Overall SCFA level, biochemical stool analysis — markers of intestinal dysbiosis; SCFA calculation, biochemical stool analysis — markers of intestinal dysbiosis"
,Анаэробный индекс (C2-C4),Кал,Ед,-0.686,-0.46,,,,газожидкостная хроматография (ГЖХ),ИССЛЕДОВАНИЕ КАЛА		,Биохимический анализ кала,"Анаэробный индекс, биохимический анализ кала — маркёры дисбактериоза кишечника; Индекс состояния анаэробных бактерий, биохимический анализ кала — маркёры дисбактериоза кишечника; Отношение C3 + C4 к C2, биохимический анализ кала — маркёры дисбактериоза кишечника; Показатель анаэробного индекса, биохимический анализ кала — маркёры дисбактериоза кишечника","Anaerobic index, biochemical stool analysis — markers of intestinal dysbiosis; Anaerobic bacteria status index, biochemical stool analysis — markers of intestinal dysbiosis; Ratio (C3 + C4) to C2, biochemical stool analysis — markers of intestinal dysbiosis; Anaerobic index indicator, biochemical stool analysis — markers of intestinal dysbiosis"
Исследование кала на простейшие и яйца гельминтов (микроскопия),Diphyllobothrium latum,Кал,,,не обнаружены,,,,Parasep – сендиментационный эфир-формалиновый метод,ИССЛЕДОВАНИЕ КАЛА		,Паразитология и инфекционная диагностика кала		,"Лентец широкий, Исследование кала на простейшие и яйца гельминтов (микроскопия); Дифиллоботриум латум, Исследование кала на простейшие и яйца гельминтов (микроскопия); Ленточный червь, Исследование кала на простейшие и яйца гельминтов (микроскопия)","Broad tapeworm, stool examination for parasites and helminth eggs (microscopy); Diphyllobothrium, stool examination for parasites and helminth eggs (microscopy); Fish tapeworm, stool examination for parasites and helminth eggs (microscopy)"
,Ascaris lumbricoides,Кал,,,не обнаружены,,,,Parasep – сендиментационный эфир-формалиновый метод,ИССЛЕДОВАНИЕ КАЛА		,Паразитология и инфекционная диагностика кала		,"Аскарида человеческая, Исследование кала на простейшие и яйца гельминтов (микроскопия); Круглый червь, Исследование кала на простейшие и яйца гельминтов (микроскопия); Аскаридоз, Исследование кала на простейшие и яйца гельминтов (микроскопия)","Human roundworm, stool examination for parasites and helminth eggs (microscopy); Ascaris, stool examination for parasites and helminth eggs (microscopy); Roundworm, stool examination for parasites and helminth eggs (microscopy)"
,Trichocephalus trichiurus,Кал,,,не обнаружены,,,,Parasep – сендиментационный эфир-формалиновый метод,ИССЛЕДОВАНИЕ КАЛА		,Паразитология и инфекционная диагностика кала		,"Власоглав, Исследование кала на простейшие и яйца гельминтов (микроскопия); Трихоцефалюс трихиурус, Исследование кала на простейшие и яйца гельминтов (микроскопия); Трихуроз, Исследование кала на простейшие и яйца гельминтов (микроскопия)","Whipworm, stool examination for parasites and helminth eggs (microscopy); Trichocephalus, stool examination for parasites and helminth eggs (microscopy); Trichuris trichiura, stool examination for parasites and helminth eggs (microscopy)"
,Thominx aerophilus,Кал,,,не обнаружены,,,,Parasep – сендиментационный эфир-формалиновый метод,ИССЛЕДОВАНИЕ КАЛА		,Паразитология и инфекционная диагностика кала		,"Капиллярия легочная, Исследование кала на простейшие и яйца гельминтов (микроскопия); Томинкс аэрофилус, Исследование кала на простейшие и яйца гельминтов (микроскопия)","Pulmonary capillariasis, stool examination for parasites and helminth eggs (microscopy); Thominx, stool examination for parasites and helminth eggs (microscopy)"
,Ancylostomatidae genus sp.,Кал,,,не обнаружены,,,,Parasep – сендиментационный эфир-формалиновый метод,ИССЛЕДОВАНИЕ КАЛА		,Паразитология и инфекционная диагностика кала		,"Анкилостоматиды, Исследование кала на простейшие и яйца гельминтов (микроскопия); Анкилостомы, Исследование кала на простейшие и яйца гельминтов (микроскопия); Кривоголовки, Исследование кала на простейшие и яйца гельминтов (микроскопия)","Hookworms, stool examination for parasites and helminth eggs (microscopy); Ancylostoma, stool examination for parasites and helminth eggs (microscopy); Necator, stool examination for parasites and helminth eggs (microscopy)"
,Fasciola hepatica,Кал,,,не обнаружены,,,,Parasep – сендиментационный эфир-формалиновый метод,ИССЛЕДОВАНИЕ КАЛА		,Паразитология и инфекционная диагностика кала		,"Печеночная двуустка, Исследование кала на простейшие и яйца гельминтов (микроскопия); Фасциола гепатика, Исследование кала на простейшие и яйца гельминтов (микроскопия)","Liver fluke, stool examination for parasites and helminth eggs (microscopy); Fasciola, stool examination for parasites and helminth eggs (microscopy)"
,Opisthorchis felineus,Кал,,,не обнаружены,,,,Parasep – сендиментационный эфир-формалиновый метод,ИССЛЕДОВАНИЕ КАЛА		,Паразитология и инфекционная диагностика кала		,"Описторхис, Исследование кала на простейшие и яйца гельминтов (микроскопия); Кошачья двуустка, Исследование кала на простейшие и яйца гельминтов (микроскопия)","Cat liver fluke, stool examination for parasites and helminth eggs (microscopy); Opisthorchis, stool examination for parasites and helminth eggs (microscopy)"
,Trichostrongylidae sp.,Кал,,,не обнаружены,,,,Parasep – сендиментационный эфир-формалиновый метод,ИССЛЕДОВАНИЕ КАЛА		,Паразитология и инфекционная диагностика кала		,"Трихостронгилиды, Исследование кала на простейшие и яйца гельминтов (микроскопия); Трихостронгилез, Исследование кала на простейшие и яйца гельминтов (микроскопия)","Trichostrongylus, stool examination for parasites and helminth eggs (microscopy); Hairworms, stool examination for parasites and helminth eggs (microscopy)"
,Dicrocoelium lanceatum,Кал,,,не обнаружены,,,,Parasep – сендиментационный эфир-формалиновый метод,ИССЛЕДОВАНИЕ КАЛА		,Паразитология и инфекционная диагностика кала		,"Ланцетовидная двуустка, Исследование кала на простейшие и яйца гельминтов (микроскопия); Дикроцелиум, Исследование кала на простейшие и яйца гельминтов (микроскопия)","Lancet fluke, stool examination for parasites and helminth eggs (microscopy); Dicrocoelium, stool examination for parasites and helminth eggs (microscopy)"
,Schistosoma mansoni,Кал,,,не обнаружены,,,,Parasep – сендиментационный эфир-формалиновый метод,ИССЛЕДОВАНИЕ КАЛА		,Паразитология и инфекционная диагностика кала		,"Шистосома Мансона, Исследование кала на простейшие и яйца гельминтов (микроскопия); Кровяной сосальщик, Исследование кала на простейшие и яйца гельминтов (микроскопия)","Blood fluke, stool examination for parasites and helminth eggs (microscopy); Schistosoma, stool examination for parasites and helminth eggs (microscopy)"
,Schistosoma japonicum,Кал,,,не обнаружены,,,,Parasep – сендиментационный эфир-формалиновый метод,ИССЛЕДОВАНИЕ КАЛА		,Паразитология и инфекционная диагностика кала		,"Шистосома японская, Исследование кала на простейшие и яйца гельминтов (микроскопия)","Japanese blood fluke, stool examination for parasites and helminth eggs (microscopy)"
,Schistosoma haematobium,Кал,,,не обнаружены,,,,Parasep – сендиментационный эфир-формалиновый метод,ИССЛЕДОВАНИЕ КАЛА		,Паразитология и инфекционная диагностика кала		,"Шистосома гематобиум, Исследование кала на простейшие и яйца гельминтов (микроскопия); Мочеполовой шистосомоз, Исследование кала на простейшие и яйца гельминтов (микроскопия)","Urinary blood fluke, stool examination for parasites and helminth eggs (microscopy)"
,Taeniidae genus sp.,Кал,,,не обнаружены,,,,Parasep – сендиментационный эфир-формалиновый метод,ИССЛЕДОВАНИЕ КАЛА		,Паразитология и инфекционная диагностика кала		,"Тенииды, Исследование кала на простейшие и яйца гельминтов (микроскопия); Цепни, Исследование кала на простейшие и яйца гельминтов (микроскопия)","Tapeworms, stool examination for parasites and helminth eggs (microscopy); Taenia, stool examination for parasites and helminth eggs (microscopy)"
,Hymenolepis nana,Кал,,,не обнаружены,,,,Parasep – сендиментационный эфир-формалиновый метод,ИССЛЕДОВАНИЕ КАЛА		,Паразитология и инфекционная диагностика кала		,"Карликовый цепень, Исследование кала на простейшие и яйца гельминтов (микроскопия); Гименолепис нана, Исследование кала на простейшие и яйца гельминтов (микроскопия)","Dwarf tapeworm, stool examination for parasites and helminth eggs (microscopy); Hymenolepis, stool examination for parasites and helminth eggs (microscopy)"
,Blastocystis hominis,Кал,,,не обнаружены,,,,Parasep – сендиментационный эфир-формалиновый метод,ИССЛЕДОВАНИЕ КАЛА		,Паразитология и инфекционная диагностика кала		,"Бластоциста, Исследование кала на простейшие и яйца гельминтов (микроскопия); Бластоцистоз, Исследование кала на простейшие и яйца гельминтов (микроскопия)","Blastocystis, stool examination for parasites and helminth eggs (microscopy)"
,Entamoeba histolytica,Кал,,,не обнаружены,,,,Parasep – сендиментационный эфир-формалиновый метод,ИССЛЕДОВАНИЕ КАЛА		,Паразитология и инфекционная диагностика кала		,"Дизентерийная амеба, Исследование кала на простейшие и яйца гельминтов (микроскопия); Амебиаз, Исследование кала на простейшие и яйца гельминтов (микроскопия)","Amoebic dysentery, stool examination for parasites and helminth eggs (microscopy); Entamoeba, stool examination for parasites and helminth eggs (microscopy)"
,Balantidium coli,Кал,,,не обнаружены,,,,Parasep – сендиментационный эфир-формалиновый метод,ИССЛЕДОВАНИЕ КАЛА		,Паразитология и инфекционная диагностика кала		,"Балантидий, Исследование кала на простейшие и яйца гельминтов (микроскопия); Балантидиаз, Исследование кала на простейшие и яйца гельминтов (микроскопия)","Balantidiasis, stool examination for parasites and helminth eggs (microscopy); Balantidium, stool examination for parasites and helminth eggs (microscopy)"
,Lamblia intestinalis,Кал,,,не обнаружены,,,,Parasep – сендиментационный эфир-формалиновый метод,ИССЛЕДОВАНИЕ КАЛА		,Паразитология и инфекционная диагностика кала		,"Лямблия, Исследование кала на простейшие и яйца гельминтов (микроскопия); Гиардия, Исследование кала на простейшие и яйца гельминтов (микроскопия); Лямблиоз, Исследование кала на простейшие и яйца гельминтов (микроскопия)","Giardia lamblia, stool examination for parasites and helminth eggs (microscopy); Giardiasis, stool examination for parasites and helminth eggs (microscopy)"
,Entamoeba coli,Кал,,,не обнаружены,,,,Parasep – сендиментационный эфир-формалиновый метод,ИССЛЕДОВАНИЕ КАЛА		,Паразитология и инфекционная диагностика кала		,"Кишечная амеба, Исследование кала на простейшие и яйца гельминтов (микроскопия)","Non-pathogenic amoeba, stool examination for parasites and helminth eggs (microscopy)"
,Endolimax nana,Кал,,,не обнаружены,,,,Parasep – сендиментационный эфир-формалиновый метод,ИССЛЕДОВАНИЕ КАЛА		,Паразитология и инфекционная диагностика кала		,"Эндолимакс нана, Исследование кала на простейшие и яйца гельминтов (микроскопия)","Endolimax, stool examination for parasites and helminth eggs (microscopy)"
,Chilomastix mesnill,Кал,,,не обнаружены,,,,Parasep – сендиментационный эфир-формалиновый метод,ИССЛЕДОВАНИЕ КАЛА		,Паразитология и инфекционная диагностика кала		,"Хиломастикс, Исследование кала на простейшие и яйца гельминтов (микроскопия)","Chilomastix, stool examination for parasites and helminth eggs (microscopy)"
,Jodamoeba butshli,Кал,,,не обнаружены,,,,Parasep – сендиментационный эфир-формалиновый метод,ИССЛЕДОВАНИЕ КАЛА		,Паразитология и инфекционная диагностика кала		,"Йодамеба, Исследование кала на простейшие и яйца гельминтов (микроскопия)","Jodamoeba, stool examination for parasites and helminth eggs (microscopy)"
Исследование на энтеробиоз (микроскопия),Исследование на энтеробиоз (микроскопия),Соскоб с перианальных складок,,,не обнаружены,,,,Микроскопия,ИССЛЕДОВАНИЕ КАЛА		,Паразитология и инфекционная диагностика кала		,Анализ на энтеробиоз; исследование кала на энтеробиоз; соскоб на энтеробиоз; тест на остриц; микроскопия на энтеробиоз; паразитологический тест на энтеробиоз; исследование на яйца остриц,Enterobiasis test; Stool examination for enterobiasis; Perianal tape test; Pinworm test; Microscopy for enterobiasis; Parasitological enterobiasis test; Pinworm eggs detection
"Антигены простейших (лямблии, амёбы, криптоспоридии) в кале",Blastocystis hominis,Кал,,,не обнаружены,,,,Микроскопия,ИССЛЕДОВАНИЕ КАЛА		,Паразитология и инфекционная диагностика кала		,"Антигены простейших в кале; тест на антигены лямблий, амёб, криптоспоридий; фекальный антиген простейших; анализ кала на антигены простейших; антигенный тест на паразитов; определение антигенов простейших; кал на антигены паразитов","Protozoal antigens in stool; Stool antigen test for Giardia, amoeba, cryptosporidia; Fecal protozoa antigen test; Stool protozoa antigen assay; Parasite antigen detection in stool; Protozoan antigen stool test; Fecal parasite antigen detection"
,Entamoeba histolytica,Кал,,,не обнаружены,,,,Микроскопия,ИССЛЕДОВАНИЕ КАЛА		,Паразитология и инфекционная диагностика кала		,"Бластоциста, Антигены простейших (лямблии, амёбы, криптоспоридии) в кале; Бластоцистоз, Антигены простейших (лямблии, амёбы, криптоспоридии) в кале; Кишечный бластоцист, Антигены простейших (лямблии, амёбы, криптоспоридии) в кале","Blastocystis, fecal antigens of protozoa (Giardia, amoebae, Cryptosporidium); Blastocystis infection, fecal antigens of protozoa (Giardia, amoebae, Cryptosporidium); Blastocystis hominis antigen, fecal antigens of protozoa (Giardia, amoebae, Cryptosporidium)"
,Balantidium coli,Кал,,,не обнаружены,,,,Микроскопия,ИССЛЕДОВАНИЕ КАЛА		,Паразитология и инфекционная диагностика кала		,"Дизентерийная амёба, Антигены простейших (лямблии, амёбы, криптоспоридии) в кале; Амёбиаз, Антигены простейших (лямблии, амёбы, криптоспоридии) в кале; Гистолитическая амёба, Антигены простейших (лямблии, амёбы, криптоспоридии) в кале","Amoebic dysentery, fecal antigens of protozoa (Giardia, amoebae, Cryptosporidium); Entamoeba histolytica antigen, fecal antigens of protozoa (Giardia, amoebae, Cryptosporidium); Invasive amoeba, fecal antigens of protozoa (Giardia, amoebae, Cryptosporidium)"
,Lamblia intestinalis,Кал,,,не обнаружены,,,,Микроскопия,ИССЛЕДОВАНИЕ КАЛА		,Паразитология и инфекционная диагностика кала		,"Балантидий, Антигены простейших (лямблии, амёбы, криптоспоридии) в кале; Балантидиаз, Антигены простейших (лямблии, амёбы, криптоспоридии) в кале; Кишечная инфузория, Антигены простейших (лямблии, амёбы, криптоспоридии) в кале","Balantidiasis, fecal antigens of protozoa (Giardia, amoebae, Cryptosporidium); Balantidium coli antigen, fecal antigens of protozoa (Giardia, amoebae, Cryptosporidium); Ciliate protozoan, fecal antigens of protozoa (Giardia, amoebae, Cryptosporidium)"
,Entamoeba coli,Кал,,,не обнаружены,,,,Микроскопия,ИССЛЕДОВАНИЕ КАЛА		,Паразитология и инфекционная диагностика кала		,"Лямблии, Антигены простейших (лямблии, амёбы, криптоспоридии) в кале; Гиардия, Антигены простейших (лямблии, амёбы, криптоспоридии) в кале; Лямблиоз, Антигены простейших (лямблии, амёбы, криптоспоридии) в кале; Кишечная лямблия, Антигены простейших (лямблии, амёбы, криптоспоридии) в кале","Giardia lamblia, fecal antigens of protozoa (Giardia, amoebae, Cryptosporidium); Giardiasis, fecal antigens of protozoa (Giardia, amoebae, Cryptosporidium); Giardia antigen, fecal antigens of protozoa (Giardia, amoebae, Cryptosporidium); Giardia intestinalis, fecal antigens of protozoa (Giardia, amoebae, Cryptosporidium)"
,Endolimax nana,Кал,,,не обнаружены,,,,Микроскопия,ИССЛЕДОВАНИЕ КАЛА		,Паразитология и инфекционная диагностика кала		,"Кишечная амёба, Антигены простейших (лямблии, амёбы, криптоспоридии) в кале; Непатогенная амёба, Антигены простейших (лямблии, амёбы, криптоспоридии) в кале","Non-pathogenic amoeba, fecal antigens of protozoa (Giardia, amoebae, Cryptosporidium); Entamoeba coli antigen, fecal antigens of protozoa (Giardia, amoebae, Cryptosporidium)"
,Chilomastix mesnill,Кал,,,не обнаружены,,,,Микроскопия,ИССЛЕДОВАНИЕ КАЛА		,Паразитология и инфекционная диагностика кала		,"Эндолимакс нана, Антигены простейших (лямблии, амёбы, криптоспоридии) в кале; Карликовая амёба, Антигены простейших (лямблии, амёбы, криптоспоридии) в кале","Endolimax nana, fecal antigens of protozoa (Giardia, amoebae, Cryptosporidium); Non-pathogenic Endolimax, fecal antigens of protozoa (Giardia, amoebae, Cryptosporidium)"
,Jodamoeba butshli,Кал,,,не обнаружены,,,,Микроскопия,ИССЛЕДОВАНИЕ КАЛА		,Паразитология и инфекционная диагностика кала		,"Хиломастикс, Антигены простейших (лямблии, амёбы, криптоспоридии) в кале; Кишечный жгутиконосец, Антигены простейших (лямблии, амёбы, криптоспоридии) в кале","Chilomastix, fecal antigens of protozoa (Giardia, amoebae, Cryptosporidium); Non-pathogenic flagellate, fecal antigens of protozoa (Giardia, amoebae, Cryptosporidium)"
Антиген лямблий (Giardia lamblia) в кале,Антиген лямблий (Giardia lamblia) в кале,Кал,,,не обнаружены,,,,Одностадийный иммунохроматографический метод,ИССЛЕДОВАНИЕ КАЛА		,Паразитология и инфекционная диагностика кала		,"Йодамёба, Антигены простейших (лямблии, амёбы, криптоспоридии) в кале; Йодоамеба Бючли, Антигены простейших (лямблии, амёбы, криптоспоридии) в кале","Jodamoeba, fecal antigens of protozoa (Giardia, amoebae, Cryptosporidium); Jodamoeba butschlii, fecal antigens of protozoa (Giardia, amoebae, Cryptosporidium)"
Антигены ротавирусов и аденовирусов в кале,Антигены ротавирусов и аденовирусов в кале,Кал,,,не обнаружены,,,,Однофазный иммунохроматографический,ИССЛЕДОВАНИЕ КАЛА		,Паразитология и инфекционная диагностика кала		,Антигены ротавируса и аденовируса в кале; тест на антигены ротавируса/аденовируса; анализ кала на вирусные антигены; фекальный антиген ротавируса/аденовируса; кал на вирусные антигены; определение антигенов ротавируса и аденовируса; вирусные антигены в кале,Rotavirus and adenovirus antigens in stool; Stool antigen test for rotavirus/adenovirus; Fecal viral antigen test; Stool rotavirus/adenovirus antigen assay; Viral antigens in stool; Stool test for viral antigens; Rotavirus/adenovirus antigen detection
Токсины А и В Clostridium difficile (клостридий) в кале,Токсин A Clostridium difficile,Кал,,,не обнаружены,,,,Иммунохроматография,ИССЛЕДОВАНИЕ КАЛА		,Паразитология и инфекционная диагностика кала		,"Токсин А клостридий, Токсины А и В Clostridium difficile (клостридий) в кале;
Энтеротоксин А, Токсины А и В Clostridium difficile (клостридий) в кале;
Clostridium difficile токсин A, Токсины А и В Clostridium difficile (клостридий) в кале;
Токсин А C. diff, Токсины А и В Clostridium difficile (клостридий) в кале","Clostridium difficile toxin A, Toxins A and B Clostridium difficile (clostridia) in stool;
Enterotoxin A, Toxins A and B Clostridium difficile (clostridia) in stool;
C. diff toxin A, Toxins A and B Clostridium difficile (clostridia) in stool;
CDT A, Toxins A and B Clostridium difficile (clostridia) in stool"
,Токсин B Clostridium difficile,Кал,,,не обнаружены,,,,Иммунохроматография,ИССЛЕДОВАНИЕ КАЛА		,Паразитология и инфекционная диагностика кала		,"Токсин В клостридий, Токсины А и В Clostridium difficile (клостридий) в кале;
Цитотоксин В, Токсины А и В Clostridium difficile (клостридий) в кале;
Clostridium difficile токсин B, Токсины А и В Clostridium difficile (клостридий) в кале;
Токсин В C. diff, Токсины А и В Clostridium difficile (клостридий) в кале","Clostridium difficile toxin B, Toxins A and B Clostridium difficile (clostridia) in stool;
Cytotoxin B, Toxins A and B Clostridium difficile (clostridia) in stool;
C. diff toxin B, Toxins A and B Clostridium difficile (clostridia) in stool;
CDT B, Toxins A and B Clostridium difficile (clostridia) in stool"
Выявление РНК вируса гепатита А (HAV),Выявление РНК вируса гепатита А (HAV),Кровь ЭДТА,,,не обнаружено,,,,Полимеразная цепная реакция в режиме реального времени,ПЦР-ДИАГНОСТИКА ИНФЕКЦИЙ		,ПЦР-диагностика системных вирусных инфекций		,"HAV, РНК, ПЦР, вирус гепатита А, РНК HAV, молекулярное выявление HAV, тест на HAV","Hepatitis A Virus, RNA, HAV RNA Detection, HAV PCR, Molecular Detection of HAV, HAV Test"
Выявление РНК вируса гепатита А (HAV),Выявление РНК вируса гепатита А (HAV),Биоптат,,,не обнаружено,,,,Полимеразная цепная реакция в режиме реального времени,ПЦР-ДИАГНОСТИКА ИНФЕКЦИЙ		,ПЦР-диагностика системных вирусных инфекций		,"HAV, РНК в ткани, ПЦР в биоптате, вирус гепатита А в образце ткани, РНК HAV (биопсия)","Hepatitis A Virus, RNA (Tissue), HAV RNA in Biopsy, HAV PCR, Tissue, HAV Detection, Biopsy"
Выявление ДНК вируса гепатита B (HBV),Выявление ДНК вируса гепатита B (HBV),Кровь ЭДТА,,,не обнаружено,,,,Полимеразная цепная реакция в режиме реального времени,ПЦР-ДИАГНОСТИКА ИНФЕКЦИЙ		,ПЦР-диагностика системных вирусных инфекций		,"HBV, ДНК, ПЦР, вирус гепатита B, ДНК HBV, молекулярное выявление HBV, тест на HBV","Hepatitis B Virus, DNA, HBV DNA Detection, HBV PCR, Molecular Detection of HBV, HBV Test"
Выявление ДНК вируса гепатита B (HBV),Выявление ДНК вируса гепатита B (HBV),Биоптат,,,не обнаружено,,,,Полимеразная цепная реакция в режиме реального времени,ПЦР-ДИАГНОСТИКА ИНФЕКЦИЙ		,ПЦР-диагностика системных вирусных инфекций		,"HBV, ДНК в ткани, ПЦР в биоптате, вирус гепатита B в образце ткани, ДНК HBV (биопсия)","Hepatitis B Virus, DNA (Tissue), HBV DNA in Biopsy, HBV PCR, Tissue, HBV Detection, Biopsy"
Количественное определение ДНК вируса гепатита B (HBV),Количественное определение ДНК вируса гепатита B (HBV),Кровь ЭДТА,,,не обнаружено,,,,Полимеразная цепная реакция в режиме реального времени,ПЦР-ДИАГНОСТИКА ИНФЕКЦИЙ		,ПЦР-диагностика системных вирусных инфекций		,"HBV, ДНК (количественно), вирусная нагрузка HBV, количественный ПЦР HBV, qPCR HBV, вирусемия HBV","Hepatitis B Virus, DNA Quantitative, HBV Viral Load, HBV DNA qPCR, Quantitative PCR HBV, HBV Viremia"
Выявление РНК вируса гепатита C (HСV),Выявление РНК вируса гепатита C (HСV),Кровь ЭДТА,,,не обнаружено,,,,Полимеразная цепная реакция в режиме реального времени,ПЦР-ДИАГНОСТИКА ИНФЕКЦИЙ		,ПЦР-диагностика системных вирусных инфекций		,"HCV, РНК, ПЦР, вирус гепатита C, РНК HCV, молекулярное выявление HCV, тест на HCV","Hepatitis C Virus, RNA, HCV RNA Detection, HCV PCR, Molecular Detection of HCV, HCV Test"
Выявление РНК вируса гепатита C (HСV),Выявление РНК вируса гепатита C (HСV),Биоптат,,,не обнаружено,,,,Полимеразная цепная реакция в режиме реального времени,ПЦР-ДИАГНОСТИКА ИНФЕКЦИЙ		,ПЦР-диагностика системных вирусных инфекций		,"HCV, РНК в ткани, ПЦР в биоптате, вирус гепатита C в образце ткани, РНК HCV (биопсия)","Hepatitis C Virus, RNA (Tissue), HCV RNA in Biopsy, HCV PCR, Tissue, HCV Detection, Biopsy"
Количественное определение РНК вируса гепатита C (HСV),Количественное определение РНК вируса гепатита C (HСV),Кровь ЭДТА,,,не обнаружено,,,,Полимеразная цепная реакция в режиме реального времени,ПЦР-ДИАГНОСТИКА ИНФЕКЦИЙ		,ПЦР-диагностика системных вирусных инфекций		,"HCV, РНК (количественно), вирусная нагрузка HCV, количественный ПЦР HCV, qPCR HCV, вирусемия HCV","Hepatitis C Virus, RNA Quantitative, HCV Viral Load, HCV RNA qPCR, Quantitative PCR HCV, HCV Viremia"
Количественное определение РНК вируса гепатита C (HСV) - Roche (высокочувствительное),Количественное определение РНК вируса гепатита C (HСV) - Roche (высокочувствительное),Кровь ЭДТА,,,не обнаружено,,,,Полимеразная цепная реакция в режиме реального времени,ПЦР-ДИАГНОСТИКА ИНФЕКЦИЙ		,ПЦР-диагностика системных вирусных инфекций		,"HCV, РНК (высокочувствительное), Cobas HCV, ultrasensitive HCV, HCV RNA (HS), Roche CAP/CTM","HCV RNA, Ultrasensitive, Cobas HCV Test, HCV Viral Load (High Sensitivity), Roche CAP/CTM, HCV RNA (HS)"
"Генотипирование вируса гепатита С (HCV) (генотипы 1а, 1b, 2, 3, 4)","Генотипирование вируса гепатита С (HCV) (генотипы 1а, 1b, 2, 3, 4)",Кровь ЭДТА,,,не обнаружено,,,,Полимеразная цепная реакция в режиме реального времени,ПЦР-ДИАГНОСТИКА ИНФЕКЦИЙ		,ПЦР-диагностика системных вирусных инфекций		,"HCV, генотипирование, определение генотипа HCV, генотип 1–4, HCV Genotype 1a, 1b, 2, 3, 4","HCV Genotyping, Hepatitis C Genotype, HCV Genotype 1a, 1b, 2, 3, 4, HCV Genotype 1–4, HCV GT"
"Генотипирование вируса гепатита С (HCV) (генотипы 1а, 1b, 2, 3)","Генотипирование вируса гепатита С (HCV) (генотипы 1а, 1b, 2, 3)",Кровь ЭДТА,,,не обнаружено,,,,Полимеразная цепная реакция в режиме реального времени,ПЦР-ДИАГНОСТИКА ИНФЕКЦИЙ		,ПЦР-диагностика системных вирусных инфекций		,"HCV, генотипирование (1–3), определение генотипа 1a, 1b, 2, 3, HCV Genotype 1–3","HCV Genotyping (1a, 1b, 2, 3), Hepatitis C Genotype 1–3, HCV GT 1–3, HCV Genotype 1a, 1b, 2, 3"
Выявление РНК вируса гепатита D (HDV),Выявление РНК вируса гепатита D (HDV),Кровь ЭДТА,,,не обнаружено,,,,Полимеразная цепная реакция в режиме реального времени,ПЦР-ДИАГНОСТИКА ИНФЕКЦИЙ		,ПЦР-диагностика системных вирусных инфекций		,"HDV, РНК, ПЦР, вирус гепатита D, РНК HDV, молекулярное выявление HDV, тест на HDV","Hepatitis D Virus, RNA, HDV RNA Detection, HDV PCR, Molecular Detection of HDV, HDV Test"
Выявление РНК вируса гепатита D (HDV),Выявление РНК вируса гепатита D (HDV),Биоптат,,,не обнаружено,,,,Полимеразная цепная реакция в режиме реального времени,ПЦР-ДИАГНОСТИКА ИНФЕКЦИЙ		,ПЦР-диагностика системных вирусных инфекций		,"HDV, РНК в ткани, ПЦР в биоптате, вирус гепатита D в образце ткани, РНК HDV (биопсия)","Hepatitis D Virus, RNA (Tissue), HDV RNA in Biopsy, HDV PCR, Tissue, HDV Detection, Biopsy"
Выявление РНК вируса гепатита G (HGV),Выявление РНК вируса гепатита G (HGV),Кровь ЭДТА,,,не обнаружено,,,,Полимеразная цепная реакция в режиме реального времени,ПЦР-ДИАГНОСТИКА ИНФЕКЦИЙ		,ПЦР-диагностика системных вирусных инфекций		,"HGV, РНК, ПЦР, вирус гепатита G, РНК HGV, молекулярное выявление HGV, тест на HGV","Hepatitis G Virus, RNA, HGV RNA Detection, HGV PCR, Molecular Detection of HGV, HGV Test"
Выявление РНК вируса гепатита G (HGV),Выявление РНК вируса гепатита G (HGV),Биоптат,,,не обнаружено,,,,Полимеразная цепная реакция в режиме реального времени,ПЦР-ДИАГНОСТИКА ИНФЕКЦИЙ		,ПЦР-диагностика системных вирусных инфекций		,"HGV, РНК в ткани, ПЦР в биоптате, вирус гепатита G в образце ткани, РНК HGV (биопсия)","Hepatitis G Virus, RNA (Tissue), HGV RNA in Biopsy, HGV PCR, Tissue, HGV Detection, Biopsy"
Выявление ДНК вируса гепатита ТТ (TTV),Выявление ДНК вируса гепатита ТТ (TTV),Кровь ЭДТА,,,не обнаружено,,,,Полимеразная цепная реакция в режиме реального времени,ПЦР-ДИАГНОСТИКА ИНФЕКЦИЙ		,ПЦР-диагностика системных вирусных инфекций		,"TTV, ДНК, ПЦР, вирус гепатита ТТ, ДНК TTV, молекулярное выявление TTV, тест на TTV","Torque Teno Virus, DNA, TTV DNA Detection, TTV PCR, Molecular Detection of TTV, TTV Test"
Выявление ДНК вируса гепатита ТТ (TTV),Выявление ДНК вируса гепатита ТТ (TTV),Биоптат,,,не обнаружено,,,,Полимеразная цепная реакция в режиме реального времени,ПЦР-ДИАГНОСТИКА ИНФЕКЦИЙ		,ПЦР-диагностика системных вирусных инфекций		,"TTV, ДНК в ткани, ПЦР в биоптате, вирус гепатита ТТ в образце ткани, ДНК TTV (биопсия)","Torque Teno Virus, DNA (Tissue), TTV DNA in Biopsy, TTV PCR, Tissue, TTV Detection, Biopsy"
"Выявление ДНК вируса простого герпеса 1, 2 типа (Herpes simplex virus)","Выявление ДНК вируса простого герпеса 1, 2 типа (Herpes simplex virus)",Кровь ЭДТА,,,не обнаружено,,,,Полимеразная цепная реакция в режиме реального времени,ПЦР-ДИАГНОСТИКА ИНФЕКЦИЙ		,ПЦР-диагностика системных вирусных инфекций		,"HSV, ДНК, ПЦР, вирус простого герпеса, HSV-1/2, молекулярное выявление HSV","Herpes Simplex Virus, DNA, HSV DNA Detection, HSV PCR, HSV-1/2, Molecular Detection of HSV"
"Выявление ДНК вируса простого герпеса 1, 2 типа (Herpes simplex virus)","Выявление ДНК вируса простого герпеса 1, 2 типа (Herpes simplex virus)",Соскоб из уретры,,,не обнаружено,,,,Полимеразная цепная реакция в режиме реального времени,ПЦР-ДИАГНОСТИКА ИНФЕКЦИЙ		,ПЦР-диагностика системных вирусных инфекций		,"HSV, ДНК (уретра), ПЦР из уретры, HSV-1/2 в уретре, соскоб на HSV","Herpes Simplex Virus, DNA (Urethra), HSV PCR, Urethral Swab, HSV-1/2 Detection, Urethral Sample"
"Выявление ДНК вируса простого герпеса 1, 2 типа (Herpes simplex virus)","Выявление ДНК вируса простого герпеса 1, 2 типа (Herpes simplex virus)",Соскоб из цервик. канала,,,не обнаружено,,,,Полимеразная цепная реакция в режиме реального времени,ПЦР-ДИАГНОСТИКА ИНФЕКЦИЙ		,ПЦР-диагностика системных вирусных инфекций		,"HSV, ДНК (цервикальный канал), ПЦР из цервик. канала, HSV-1/2 в церв. канале","Herpes Simplex Virus, DNA (Cervical Canal), HSV PCR, Cervical Swab, HSV-1/2 Detection, Cervical Sample"
"Выявление ДНК вируса простого герпеса 1, 2 типа (Herpes simplex virus)","Выявление ДНК вируса простого герпеса 1, 2 типа (Herpes simplex virus)",Соскоб с задней стенки влагалища,,,не обнаружено,,,,Полимеразная цепная реакция в режиме реального времени,ПЦР-ДИАГНОСТИКА ИНФЕКЦИЙ		,ПЦР-диагностика системных вирусных инфекций		,"HSV, ДНК (влагалище), ПЦР со стенки влагалища, HSV-1/2 в вагинальном секрете","Herpes Simplex Virus, DNA (Vaginal Wall), HSV PCR, Vaginal Swab, HSV-1/2 Detection, Vaginal Sample"
"Выявление ДНК вируса простого герпеса 1, 2 типа (Herpes simplex virus)","Выявление ДНК вируса простого герпеса 1, 2 типа (Herpes simplex virus)",Соскоб эпит. кл. из носогл.,,,не обнаружено,,,,Полимеразная цепная реакция в режиме реального времени,ПЦР-ДИАГНОСТИКА ИНФЕКЦИЙ		,ПЦР-диагностика системных вирусных инфекций		,"HSV, ДНК (носоглотка), ПЦР из носоглотки, HSV-1/2 в носоглотке, мазок на HSV","Herpes Simplex Virus, DNA (Nasopharynx), HSV PCR, Nasopharyngeal Swab, HSV-1/2 Detection, Nasopharyngeal Sample"
"Выявление ДНК вируса простого герпеса 1, 2 типа (Herpes simplex virus)","Выявление ДНК вируса простого герпеса 1, 2 типа (Herpes simplex virus)",Соскоб эпит. кл. из ротогл.,,,не обнаружено,,,,Полимеразная цепная реакция в режиме реального времени,ПЦР-ДИАГНОСТИКА ИНФЕКЦИЙ		,ПЦР-диагностика системных вирусных инфекций		,"HSV, ДНК (ротоглотка), ПЦР из ротоглотки, HSV-1/2 в ротоглотке, мазок на герпес","Herpes Simplex Virus, DNA (Oropharynx), HSV PCR, Oropharyngeal Swab, HSV-1/2 Detection, Oropharyngeal Sample"
"Выявление ДНК вируса простого герпеса 1, 2 типа (Herpes simplex virus)","Выявление ДНК вируса простого герпеса 1, 2 типа (Herpes simplex virus)",Соскоб эпит. клет. другой,,,не обнаружено,,,,Полимеразная цепная реакция в режиме реального времени,ПЦР-ДИАГНОСТИКА ИНФЕКЦИЙ		,ПЦР-диагностика системных вирусных инфекций		,"HSV, ДНК (другие эпителиальные клетки), ПЦР (другое), HSV-1/2 (другое локализация)","Herpes Simplex Virus, DNA (Other Epithelial Cells), HSV PCR (Other), HSV-1/2 Detection (Other Site)"
"Выявление ДНК вируса простого герпеса 1, 2 типа (Herpes simplex virus)","Выявление ДНК вируса простого герпеса 1, 2 типа (Herpes simplex virus)",Слюна,,,не обнаружено,,,,Полимеразная цепная реакция в режиме реального времени,ПЦР-ДИАГНОСТИКА ИНФЕКЦИЙ		,ПЦР-диагностика системных вирусных инфекций		,"HSV, ДНК (слюна), ПЦР в слюне, HSV-1/2 в слюне, выделение вируса с секретом","Herpes Simplex Virus, DNA (Saliva), HSV PCR, Saliva, HSV-1/2 Detection in Saliva"
"Выявление ДНК вируса простого герпеса 1, 2 типа (Herpes simplex virus)","Выявление ДНК вируса простого герпеса 1, 2 типа (Herpes simplex virus)",Моча разовая (первая порция),,,не обнаружено,,,,Полимеразная цепная реакция в режиме реального времени,ПЦР-ДИАГНОСТИКА ИНФЕКЦИЙ		,ПЦР-диагностика системных вирусных инфекций		,"HSV, ДНК (моча), ПЦР в моче, HSV-1/2 в моче, уринологический тест на HSV","Herpes Simplex Virus, DNA (Urine), HSV PCR, Urine, HSV-1/2 Detection in Urine"
"Выявление ДНК вируса простого герпеса 1, 2 типа (Herpes simplex virus)","Выявление ДНК вируса простого герпеса 1, 2 типа (Herpes simplex virus)",Секрет предстат. железы,,,не обнаружено,,,,Полимеразная цепная реакция в режиме реального времени,ПЦР-ДИАГНОСТИКА ИНФЕКЦИЙ		,ПЦР-диагностика системных вирусных инфекций		,"HSV, ДНК (секрет простаты), ПЦР в секрете простаты, HSV-1/2 в секрете","Herpes Simplex Virus, DNA (Prostatic Secretion), HSV PCR, Prostatic Fluid, HSV-1/2 Detection in Prostatic Secretion"
"Выявление ДНК вируса простого герпеса 1, 2 типа (Herpes simplex virus)","Выявление ДНК вируса простого герпеса 1, 2 типа (Herpes simplex virus)",Сперма,,,не обнаружено,,,,Полимеразная цепная реакция в режиме реального времени,ПЦР-ДИАГНОСТИКА ИНФЕКЦИЙ		,ПЦР-диагностика системных вирусных инфекций		,"HSV, ДНК (семенная жидкость), ПЦР в сперме, HSV-1/2 в сперме","Herpes Simplex Virus, DNA (Semen), HSV PCR, Semen, HSV-1/2 Detection in Semen"
"Выявление ДНК вируса простого герпеса 1, 2 типа (Herpes simplex virus)","Выявление ДНК вируса простого герпеса 1, 2 типа (Herpes simplex virus)","Выпоты, транссудаты, экссудаты",,,не обнаружено,,,,Полимеразная цепная реакция в режиме реального времени,ПЦР-ДИАГНОСТИКА ИНФЕКЦИЙ		,ПЦР-диагностика системных вирусных инфекций		,"HSV, ДНК (выпот), ПЦР в экссудате, HSV-1/2 в жидкости плевры/брюшной полости","Herpes Simplex Virus, DNA (Effusion), HSV PCR, Body Fluid, HSV-1/2 in Pleural/Peritoneal Fluid"
"Выявление ДНК вируса простого герпеса 1, 2 типа (Herpes simplex virus)","Выявление ДНК вируса простого герпеса 1, 2 типа (Herpes simplex virus)",Биолог. жидк.,,,не обнаружено,,,,Полимеразная цепная реакция в режиме реального времени,ПЦР-ДИАГНОСТИКА ИНФЕКЦИЙ		,ПЦР-диагностика системных вирусных инфекций		,"HSV, ДНК (биологическая жидкость), ПЦР в биожидкости, HSV-1/2 (неуточнённая жидкость)","Herpes Simplex Virus, DNA (Biological Fluid), HSV PCR, Biological Fluid, HSV-1/2 Detection (Unspecified Fluid)"
"Выявление ДНК вируса простого герпеса 1, 2 типа (Herpes simplex virus)","Выявление ДНК вируса простого герпеса 1, 2 типа (Herpes simplex virus)",Ликвор,,,не обнаружено,,,,Полимеразная цепная реакция в режиме реального времени,ПЦР-ДИАГНОСТИКА ИНФЕКЦИЙ		,ПЦР-диагностика системных вирусных инфекций		,"HSV, ДНК (ликвор), ПЦР в спинномозговой жидкости, HSV-1/2 в ЦСЖ","Herpes Simplex Virus, DNA (CSF), HSV PCR, Cerebrospinal Fluid, HSV-1/2 in CSF"
Выявление ДНК цитомегаловируса (CMV),Выявление ДНК цитомегаловируса (CMV),Кровь ЭДТА,,,не обнаружено,,,,Полимеразная цепная реакция в режиме реального времени,ПЦР-ДИАГНОСТИКА ИНФЕКЦИЙ		,ПЦР-диагностика системных вирусных инфекций		,"CMV, ДНК, ПЦР, цитомегаловирус, молекулярное выявление CMV, тест на CMV","Cytomegalovirus, DNA, CMV DNA Detection, CMV PCR, Molecular Detection of CMV, CMV Test"
Выявление ДНК цитомегаловируса (CMV),Выявление ДНК цитомегаловируса (CMV),Соскоб из уретры,,,не обнаружено,,,,Полимеразная цепная реакция в режиме реального времени,ПЦР-ДИАГНОСТИКА ИНФЕКЦИЙ		,ПЦР-диагностика системных вирусных инфекций		,"CMV, ДНК (уретра), ПЦР из уретры, CMV в уретре, соскоб на CMV","Cytomegalovirus, DNA (Urethra), CMV PCR, Urethral Swab, CMV Detection, Urethral Sample"
Выявление ДНК цитомегаловируса (CMV),Выявление ДНК цитомегаловируса (CMV),Соскоб из цервик. канала,,,не обнаружено,,,,Полимеразная цепная реакция в режиме реального времени,ПЦР-ДИАГНОСТИКА ИНФЕКЦИЙ		,ПЦР-диагностика системных вирусных инфекций		,"CMV, ДНК (цервикальный канал), ПЦР из цервик. канала, CMV в церв. канале","Cytomegalovirus, DNA (Cervical Canal), CMV PCR, Cervical Swab, CMV Detection, Cervical Sample"
Выявление ДНК цитомегаловируса (CMV),Выявление ДНК цитомегаловируса (CMV),Соскоб с задней стенки влагалища,,,не обнаружено,,,,Полимеразная цепная реакция в режиме реального времени,ПЦР-ДИАГНОСТИКА ИНФЕКЦИЙ		,ПЦР-диагностика системных вирусных инфекций		,"CMV, ДНК (влагалище), ПЦР со стенки влагалища, CMV в вагинальном секрете","Cytomegalovirus, DNA (Vaginal Wall), CMV PCR, Vaginal Swab, CMV Detection, Vaginal Sample"
Выявление ДНК цитомегаловируса (CMV),Выявление ДНК цитомегаловируса (CMV),Соскоб эпит. кл. из носогл.,,,не обнаружено,,,,Полимеразная цепная реакция в режиме реального времени,ПЦР-ДИАГНОСТИКА ИНФЕКЦИЙ		,ПЦР-диагностика системных вирусных инфекций		,"CMV, ДНК (носоглотка), ПЦР из носоглотки, CMV в носоглотке, мазок на CMV","Cytomegalovirus, DNA (Nasopharynx), CMV PCR, Nasopharyngeal Swab, CMV Detection, Nasopharyngeal Sample"
Выявление ДНК цитомегаловируса (CMV),Выявление ДНК цитомегаловируса (CMV),Соскоб эпит. кл. из ротогл.,,,не обнаружено,,,,Полимеразная цепная реакция в режиме реального времени,ПЦР-ДИАГНОСТИКА ИНФЕКЦИЙ		,ПЦР-диагностика системных вирусных инфекций		,"CMV, ДНК (ротоглотка), ПЦР из ротоглотки, CMV в ротоглотке, мазок на цитомегаловирус","Cytomegalovirus, DNA (Oropharynx), CMV PCR, Oropharyngeal Swab, CMV Detection, Oropharyngeal Sample"
Выявление ДНК цитомегаловируса (CMV),Выявление ДНК цитомегаловируса (CMV),Соскоб эпит. клет. другой,,,не обнаружено,,,,Полимеразная цепная реакция в режиме реального времени,ПЦР-ДИАГНОСТИКА ИНФЕКЦИЙ		,ПЦР-диагностика системных вирусных инфекций		,"CMV, ДНК (другие эпителиальные клетки), ПЦР (другое), CMV (другое локализация)","Cytomegalovirus, DNA (Other Epithelial Cells), CMV PCR (Other), CMV Detection (Other Site)"
Выявление ДНК цитомегаловируса (CMV),Выявление ДНК цитомегаловируса (CMV),Слюна,,,не обнаружено,,,,Полимеразная цепная реакция в режиме реального времени,ПЦР-ДИАГНОСТИКА ИНФЕКЦИЙ		,ПЦР-диагностика системных вирусных инфекций		,"CMV, ДНК (слюна), ПЦР в слюне, CMV в слюне, выделение вируса с секретом","Cytomegalovirus, DNA (Saliva), CMV PCR, Saliva, CMV Detection in Saliva"
Выявление ДНК цитомегаловируса (CMV),Выявление ДНК цитомегаловируса (CMV),Моча разовая (первая порция),,,не обнаружено,,,,Полимеразная цепная реакция в режиме реального времени,ПЦР-ДИАГНОСТИКА ИНФЕКЦИЙ		,ПЦР-диагностика системных вирусных инфекций		,"CMV, ДНК (моча), ПЦР в моче, CMV в моче, уринологический тест на CMV","Cytomegalovirus, DNA (Urine), CMV PCR, Urine, CMV Detection in Urine"
Выявление ДНК цитомегаловируса (CMV),Выявление ДНК цитомегаловируса (CMV),Секрет предстат. железы,,,не обнаружено,,,,Полимеразная цепная реакция в режиме реального времени,ПЦР-ДИАГНОСТИКА ИНФЕКЦИЙ		,ПЦР-диагностика системных вирусных инфекций		,"CMV, ДНК (секрет простаты), ПЦР в секрете простаты, CMV в секрете","Cytomegalovirus, DNA (Prostatic Secretion), CMV PCR, Prostatic Fluid, CMV Detection in Prostatic Secretion"
Выявление ДНК цитомегаловируса (CMV),Выявление ДНК цитомегаловируса (CMV),Сперма,,,не обнаружено,,,,Полимеразная цепная реакция в режиме реального времени,ПЦР-ДИАГНОСТИКА ИНФЕКЦИЙ		,ПЦР-диагностика системных вирусных инфекций		,"CMV, ДНК (семенная жидкость), ПЦР в сперме, CMV в сперме","Cytomegalovirus, DNA (Semen), CMV PCR, Semen, CMV Detection in Semen"
Выявление ДНК цитомегаловируса (CMV),Выявление ДНК цитомегаловируса (CMV),"Выпоты, транссудаты, экссудаты",,,не обнаружено,,,,Полимеразная цепная реакция в режиме реального времени,ПЦР-ДИАГНОСТИКА ИНФЕКЦИЙ		,ПЦР-диагностика системных вирусных инфекций		,"CMV, ДНК (выпот), ПЦР в экссудате, CMV в жидкости плевры/брюшной полости","Cytomegalovirus, DNA (Effusion), CMV PCR, Body Fluid, CMV in Pleural/Peritoneal Fluid"
Выявление ДНК цитомегаловируса (CMV),Выявление ДНК цитомегаловируса (CMV),Биолог. жидк.,,,не обнаружено,,,,Полимеразная цепная реакция в режиме реального времени,ПЦР-ДИАГНОСТИКА ИНФЕКЦИЙ		,ПЦР-диагностика системных вирусных инфекций		,"CMV, ДНК (биологическая жидкость), ПЦР в биожидкости, CMV (неуточнённая жидкость)","Cytomegalovirus, DNA (Biological Fluid), CMV PCR, Biological Fluid, CMV Detection (Unspecified Fluid)"
Выявление ДНК цитомегаловируса (CMV),Выявление ДНК цитомегаловируса (CMV),Ликвор,,,не обнаружено,,,,Полимеразная цепная реакция в режиме реального времени,ПЦР-ДИАГНОСТИКА ИНФЕКЦИЙ		,ПЦР-диагностика системных вирусных инфекций		,"CMV, ДНК (ликвор), ПЦР в спинномозговой жидкости, CMV в ЦСЖ","Cytomegalovirus, DNA (CSF), CMV PCR, Cerebrospinal Fluid, CMV in CSF"
Выявление ДНК вируса Эпштейн-Барр (EBV),Выявление ДНК вируса Эпштейн-Барр (EBV),Соскоб эпит. кл. из носогл.,,,не обнаружено,,,,Полимеразная цепная реакция в режиме реального времени,ПЦР-ДИАГНОСТИКА ИНФЕКЦИЙ		,ПЦР-диагностика системных вирусных инфекций		,"EBV, ДНК, ПЦР из носоглотки, вирус Эпштейна-Барр, EBV в носоглотке, мазок на EBV","Epstein-Barr Virus, DNA, EBV DNA Detection, EBV PCR, Nasopharyngeal Swab, EBV in Nasopharynx"
Выявление ДНК вируса Эпштейн-Барр (EBV),Выявление ДНК вируса Эпштейн-Барр (EBV),Соскоб эпит. кл. из ротогл.,,,не обнаружено,,,,Полимеразная цепная реакция в режиме реального времени,ПЦР-ДИАГНОСТИКА ИНФЕКЦИЙ		,ПЦР-диагностика системных вирусных инфекций		,"EBV, ДНК, ПЦР из ротоглотки, вирус Эпштейна-Барр, EBV в ротоглотке, мазок на EBV","Epstein-Barr Virus, DNA, EBV DNA Detection, EBV PCR, Oropharyngeal Swab, EBV in Oropharynx"
Выявление ДНК вируса Эпштейн-Барр (EBV),Выявление ДНК вируса Эпштейн-Барр (EBV),Слюна,,,не обнаружено,,,,Полимеразная цепная реакция в режиме реального времени,ПЦР-ДИАГНОСТИКА ИНФЕКЦИЙ		,ПЦР-диагностика системных вирусных инфекций		,"EBV, ДНК (слюна), ПЦР в слюне, вирус Эпштейна-Барр в секрете, EBV в слюне","Epstein-Barr Virus, DNA (Saliva), EBV PCR, Saliva, EBV Detection in Saliva"
Выявление ДНК вируса Эпштейн-Барр (EBV),Выявление ДНК вируса Эпштейн-Барр (EBV),"Выпоты, транссудаты, экссудаты",,,не обнаружено,,,,Полимеразная цепная реакция в режиме реального времени,ПЦР-ДИАГНОСТИКА ИНФЕКЦИЙ		,ПЦР-диагностика системных вирусных инфекций		,"EBV, ДНК (выпот), ПЦР в экссудате, EBV в плевральной/брюшной жидкости","Epstein-Barr Virus, DNA (Effusion), EBV PCR, Body Fluid, EBV in Pleural/Peritoneal Fluid"
Выявление ДНК вируса Эпштейн-Барр (EBV),Выявление ДНК вируса Эпштейн-Барр (EBV),Биолог. жидк.,,,не обнаружено,,,,Полимеразная цепная реакция в режиме реального времени,ПЦР-ДИАГНОСТИКА ИНФЕКЦИЙ		,ПЦР-диагностика системных вирусных инфекций		,"EBV, ДНК (биологическая жидкость), ПЦР в биожидкости, EBV (неуточнённая локализация)","Epstein-Barr Virus, DNA (Biological Fluid), EBV PCR, Biological Fluid, EBV Detection (Unspecified)"
Выявление ДНК вируса Эпштейн-Барр (EBV),Выявление ДНК вируса Эпштейн-Барр (EBV),Кровь ЭДТА,,,не обнаружено,,,,Полимеразная цепная реакция в режиме реального времени,ПЦР-ДИАГНОСТИКА ИНФЕКЦИЙ		,ПЦР-диагностика системных вирусных инфекций		,"EBV, ДНК, ПЦР, вирус Эпштейна-Барр, молекулярное выявление EBV, тест на EBV","Epstein-Barr Virus, DNA, EBV DNA Detection, EBV PCR, Molecular Detection of EBV, EBV Test"
Выявление ДНК вируса Эпштейн-Барр (EBV),Выявление ДНК вируса Эпштейн-Барр (EBV),Ликвор,,,не обнаружено,,,,Полимеразная цепная реакция в режиме реального времени,ПЦР-ДИАГНОСТИКА ИНФЕКЦИЙ		,ПЦР-диагностика системных вирусных инфекций		,"EBV, ДНК (ликвор), ПЦР в спинномозговой жидкости, EBV в ЦСЖ, вирус в нервной системе","Epstein-Barr Virus, DNA (CSF), EBV PCR, Cerebrospinal Fluid, EBV in CSF"
Выявление ДНК вируса Варицелла-Зостер (VZV),Выявление ДНК вируса Варицелла-Зостер (VZV),Соскоб эпит. кл. из носогл.,,,не обнаружено,,,,Полимеразная цепная реакция в режиме реального времени,ПЦР-ДИАГНОСТИКА ИНФЕКЦИЙ		,ПЦР-диагностика системных вирусных инфекций		,"VZV, ДНК, ПЦР из носоглотки, вирус ветряной оспы, VZV в носоглотке","Varicella-Zoster Virus, DNA, VZV DNA Detection, VZV PCR, Nasopharyngeal Swab, VZV in Nasopharynx"
Выявление ДНК вируса Варицелла-Зостер (VZV),Выявление ДНК вируса Варицелла-Зостер (VZV),Соскоб эпит. кл. из ротогл.,,,не обнаружено,,,,Полимеразная цепная реакция в режиме реального времени,ПЦР-ДИАГНОСТИКА ИНФЕКЦИЙ		,ПЦР-диагностика системных вирусных инфекций		,"VZV, ДНК, ПЦР из ротоглотки, вирус герпеса 3 типа, VZV в ротоглотке","Varicella-Zoster Virus, DNA, VZV DNA Detection, VZV PCR, Oropharyngeal Swab, VZV in Oropharynx"
Выявление ДНК вируса Варицелла-Зостер (VZV),Выявление ДНК вируса Варицелла-Зостер (VZV),Слюна,,,не обнаружено,,,,Полимеразная цепная реакция в режиме реального времени,ПЦР-ДИАГНОСТИКА ИНФЕКЦИЙ		,ПЦР-диагностика системных вирусных инфекций		,"VZV, ДНК (слюна), ПЦР в слюне, VZV в секрете, герпес-вирус 3 в слюне","Varicella-Zoster Virus, DNA (Saliva), VZV PCR, Saliva, VZV Detection in Saliva"
Выявление ДНК вируса Варицелла-Зостер (VZV),Выявление ДНК вируса Варицелла-Зостер (VZV),"Выпоты, транссудаты, экссудаты",,,не обнаружено,,,,Полимеразная цепная реакция в режиме реального времени,ПЦР-ДИАГНОСТИКА ИНФЕКЦИЙ		,ПЦР-диагностика системных вирусных инфекций		,"VZV, ДНК (выпот), ПЦР в экссудате, VZV в жидкости полостей","Varicella-Zoster Virus, DNA (Effusion), VZV PCR, Body Fluid, VZV in Effusion"
Выявление ДНК вируса Варицелла-Зостер (VZV),Выявление ДНК вируса Варицелла-Зостер (VZV),Биолог. жидк.,,,не обнаружено,,,,Полимеразная цепная реакция в режиме реального времени,ПЦР-ДИАГНОСТИКА ИНФЕКЦИЙ		,ПЦР-диагностика системных вирусных инфекций		,"VZV, ДНК (биологическая жидкость), ПЦР в биожидкости, VZV (неуточнённая локализация)","Varicella-Zoster Virus, DNA (Biological Fluid), VZV PCR, Biological Fluid, VZV Detection (Unspecified)"
Выявление ДНК вируса Варицелла-Зостер (VZV),Выявление ДНК вируса Варицелла-Зостер (VZV),Кровь ЭДТА,,,не обнаружено,,,,Полимеразная цепная реакция в режиме реального времени,ПЦР-ДИАГНОСТИКА ИНФЕКЦИЙ		,ПЦР-диагностика системных вирусных инфекций		,"VZV, ДНК, ПЦР, вирус Варицелла-Зостер, молекулярное выявление VZV, тест на VZV","Varicella-Zoster Virus, DNA, VZV DNA Detection, VZV PCR, Molecular Detection of VZV, VZV Test"
Выявление ДНК вируса Варицелла-Зостер (VZV),Выявление ДНК вируса Варицелла-Зостер (VZV),Ликвор,,,не обнаружено,,,,Полимеразная цепная реакция в режиме реального времени,ПЦР-ДИАГНОСТИКА ИНФЕКЦИЙ		,ПЦР-диагностика системных вирусных инфекций		,"VZV, ДНК (ликвор), ПЦР в спинномозговой жидкости, VZV в ЦСЖ","Varicella-Zoster Virus, DNA (CSF), VZV PCR, Cerebrospinal Fluid, VZV in CSF"
Выявление ДНК вируса герпеса 6 типа (HHV 6),Выявление ДНК вируса герпеса 6 типа (HHV 6),Кровь ЭДТА,,,не обнаружено,,,,Полимеразная цепная реакция в режиме реального времени,ПЦР-ДИАГНОСТИКА ИНФЕКЦИЙ		,ПЦР-диагностика системных вирусных инфекций		,"HHV 6, ДНК, ПЦР, вирус герпеса 6 типа, молекулярное выявление HHV 6, тест на HHV 6","Human Herpesvirus 6, DNA, HHV-6 DNA Detection, HHV-6 PCR, Molecular Detection of HHV-6, HHV-6 Test"
Выявление ДНК вируса герпеса 6 типа (HHV 6),Выявление ДНК вируса герпеса 6 типа (HHV 6),Соскоб эпит. кл. из носогл.,,,не обнаружено,,,,Полимеразная цепная реакция в режиме реального времени,ПЦР-ДИАГНОСТИКА ИНФЕКЦИЙ		,ПЦР-диагностика системных вирусных инфекций		,"HHV 6, ДНК (носоглотка), ПЦР из носоглотки, HHV-6 в носоглотке","Human Herpesvirus 6, DNA (Nasopharynx), HHV-6 PCR, Nasopharyngeal Swab, HHV-6 Detection in Nasopharynx"
Выявление ДНК вируса герпеса 6 типа (HHV 6),Выявление ДНК вируса герпеса 6 типа (HHV 6),Соскоб эпит. кл. из ротогл.,,,не обнаружено,,,,Полимеразная цепная реакция в режиме реального времени,ПЦР-ДИАГНОСТИКА ИНФЕКЦИЙ		,ПЦР-диагностика системных вирусных инфекций		,"HHV 6, ДНК (ротоглотка), ПЦР из ротоглотки, HHV-6 в ротоглотке","Human Herpesvirus 6, DNA (Oropharynx), HHV-6 PCR, Oropharyngeal Swab, HHV-6 Detection in Oropharynx"
Выявление ДНК вируса герпеса 6 типа (HHV 6),Выявление ДНК вируса герпеса 6 типа (HHV 6),Слюна,,,не обнаружено,,,,Полимеразная цепная реакция в режиме реального времени,ПЦР-ДИАГНОСТИКА ИНФЕКЦИЙ		,ПЦР-диагностика системных вирусных инфекций		,"HHV 6, ДНК (слюна), ПЦР в слюне, HHV-6 в секрете","Human Herpesvirus 6, DNA (Saliva), HHV-6 PCR, Saliva, HHV-6 Detection in Saliva"
Выявление ДНК вируса герпеса 6 типа (HHV 6),Выявление ДНК вируса герпеса 6 типа (HHV 6),Моча разовая (первая порция),,,не обнаружено,,,,Полимеразная цепная реакция в режиме реального времени,ПЦР-ДИАГНОСТИКА ИНФЕКЦИЙ		,ПЦР-диагностика системных вирусных инфекций		,"HHV 6, ДНК (моча), ПЦР в моче, HHV-6 в моче","Human Herpesvirus 6, DNA (Urine), HHV-6 PCR, Urine, HHV-6 Detection in Urine"
Выявление ДНК вируса герпеса 6 типа (HHV 6),Выявление ДНК вируса герпеса 6 типа (HHV 6),Секрет предстат. железы,,,не обнаружено,,,,Полимеразная цепная реакция в режиме реального времени,ПЦР-ДИАГНОСТИКА ИНФЕКЦИЙ		,ПЦР-диагностика системных вирусных инфекций		,"HHV 6, ДНК (секрет простаты), ПЦР в секрете простаты, HHV-6 в секрете","Human Herpesvirus 6, DNA (Prostatic Secretion), HHV-6 PCR, Prostatic Fluid, HHV-6 Detection in Prostatic Secretion"
Выявление ДНК вируса герпеса 6 типа (HHV 6),Выявление ДНК вируса герпеса 6 типа (HHV 6),Сперма,,,не обнаружено,,,,Полимеразная цепная реакция в режиме реального времени,ПЦР-ДИАГНОСТИКА ИНФЕКЦИЙ		,ПЦР-диагностика системных вирусных инфекций		,"HHV 6, ДНК (семенная жидкость), ПЦР в сперме, HHV-6 в сперме","Human Herpesvirus 6, DNA (Semen), HHV-6 PCR, Semen, HHV-6 Detection in Semen"
Выявление ДНК вируса герпеса 6 типа (HHV 6),Выявление ДНК вируса герпеса 6 типа (HHV 6),"Выпоты, транссудаты, экссудаты",,,не обнаружено,,,,Полимеразная цепная реакция в режиме реального времени,ПЦР-ДИАГНОСТИКА ИНФЕКЦИЙ		,ПЦР-диагностика системных вирусных инфекций		,"HHV 6, ДНК (выпот), ПЦР в экссудате, HHV-6 в жидкости полостей","Human Herpesvirus 6, DNA (Effusion), HHV-6 PCR, Body Fluid, HHV-6 in Effusion"
Выявление ДНК вируса герпеса 6 типа (HHV 6),Выявление ДНК вируса герпеса 6 типа (HHV 6),Биолог. жидк.,,,не обнаружено,,,,Полимеразная цепная реакция в режиме реального времени,ПЦР-ДИАГНОСТИКА ИНФЕКЦИЙ		,ПЦР-диагностика системных вирусных инфекций		,"HHV 6, ДНК (биологическая жидкость), ПЦР в биожидкости, HHV-6 (неуточнённая локализация)","Human Herpesvirus 6, DNA (Biological Fluid), HHV-6 PCR, Biological Fluid, HHV-6 Detection (Unspecified)"
Выявление ДНК вируса герпеса 6 типа (HHV 6),Выявление ДНК вируса герпеса 6 типа (HHV 6),Ликвор,,,не обнаружено,,,,Полимеразная цепная реакция в режиме реального времени,ПЦР-ДИАГНОСТИКА ИНФЕКЦИЙ		,ПЦР-диагностика системных вирусных инфекций		,"HHV 6, ДНК (ликвор), ПЦР в спинномозговой жидкости, HHV-6 в ЦСЖ","Human Herpesvirus 6, DNA (CSF), HHV-6 PCR, Cerebrospinal Fluid, HHV-6 in CSF"
Выявление ДНК вируса герпеса 8 типа (HHV 8),Выявление ДНК вируса герпеса 8 типа (HHV 8),Слюна,,,не обнаружено,,,,Полимеразная цепная реакция в режиме реального времени,ПЦР-ДИАГНОСТИКА ИНФЕКЦИЙ		,ПЦР-диагностика системных вирусных инфекций		,"HHV 8, ДНК (слюна), ПЦР в слюне, вирус герпеса 8 типа, KSHV в слюне","Human Herpesvirus 8, DNA (Saliva), HHV-8 PCR, Saliva, Kaposi's Sarcoma-Associated Herpesvirus, KSHV in Saliva"
Выявление ДНК вируса герпеса 8 типа (HHV 8),Выявление ДНК вируса герпеса 8 типа (HHV 8),Кровь ЭДТА,,,не обнаружено,,,,Полимеразная цепная реакция в режиме реального времени,ПЦР-ДИАГНОСТИКА ИНФЕКЦИЙ		,ПЦР-диагностика системных вирусных инфекций		,"HHV 8, ДНК, ПЦР, вирус герпеса 8 типа, KSHV, молекулярное выявление HHV 8","Human Herpesvirus 8, DNA, HHV-8 DNA Detection, HHV-8 PCR, Kaposi's Sarcoma-Associated Herpesvirus, KSHV Test"
Выявление ДНК вируса герпеса 8 типа (HHV 8),Выявление ДНК вируса герпеса 8 типа (HHV 8),Ликвор,,,не обнаружено,,,,Полимеразная цепная реакция в режиме реального времени,ПЦР-ДИАГНОСТИКА ИНФЕКЦИЙ		,ПЦР-диагностика системных вирусных инфекций		,"HHV 8, ДНК (ликвор), ПЦР в спинномозговой жидкости, HHV-8 в ЦСЖ","Human Herpesvirus 8, DNA (CSF), HHV-8 PCR, Cerebrospinal Fluid, HHV-8 in CSF"
Выявление ДНК вируса простого герпеса 8 типа (HHV 8),Выявление ДНК вируса простого герпеса 8 типа (HHV 8),Моча разовая (первая порция),,,не обнаружено,,,,Полимеразная цепная реакция в режиме реального времени,ПЦР-ДИАГНОСТИКА ИНФЕКЦИЙ		,ПЦР-диагностика системных вирусных инфекций		,"HHV 8, ДНК (моча), ПЦР в моче, HHV-8 в моче","Human Herpesvirus 8, DNA (Urine), HHV-8 PCR, Urine, HHV-8 Detection in Urine"
Выявление ДНК вируса герпеса 8 типа (HHV 8),Выявление ДНК вируса герпеса 8 типа (HHV 8),Секрет предстат. железы,,,не обнаружено,,,,Полимеразная цепная реакция в режиме реального времени,ПЦР-ДИАГНОСТИКА ИНФЕКЦИЙ		,ПЦР-диагностика системных вирусных инфекций		,"HHV 8, ДНК (секрет простаты), ПЦР в секрете простаты, HHV-8 в секрете","Human Herpesvirus 8, DNA (Prostatic Secretion), HHV-8 PCR, Prostatic Fluid, HHV-8 Detection in Prostatic Secretion"
Выявление ДНК вируса простого герпеса 8 типа (HHV 8),Выявление ДНК вируса простого герпеса 8 типа (HHV 8),Сперма,,,не обнаружено,,,,Полимеразная цепная реакция в режиме реального времени,ПЦР-ДИАГНОСТИКА ИНФЕКЦИЙ		,ПЦР-диагностика системных вирусных инфекций		,"HHV 8, ДНК (семенная жидкость), ПЦР в сперме, HHV-8 в сперме","Human Herpesvirus 8, DNA (Semen), HHV-8 PCR, Semen, HHV-8 Detection in Semen"
Выявление РНК вируса краснухи (Rubella virus),Выявление РНК вируса краснухи (Rubella virus),Соскоб эпит. кл. из носогл.,,,не обнаружено,,,,Полимеразная цепная реакция в режиме реального времени,ПЦР-ДИАГНОСТИКА ИНФЕКЦИЙ		,ПЦР-диагностика системных вирусных инфекций		,"Краснуха, РНК, ПЦР из носоглотки, Rubella virus, вирус краснухи в носоглотке","Rubella Virus, RNA, Rubella RNA Detection, Rubella PCR, Nasopharyngeal Swab, Rubella in Nasopharynx"
Выявление РНК вируса краснухи (Rubella virus),Выявление РНК вируса краснухи (Rubella virus),Соскоб эпит. кл. из ротогл.,,,не обнаружено,,,,Полимеразная цепная реакция в режиме реального времени,ПЦР-ДИАГНОСТИКА ИНФЕКЦИЙ		,ПЦР-диагностика системных вирусных инфекций		,"Краснуха, РНК, ПЦР из ротоглотки, Rubella virus, вирус краснухи в ротоглотке","Rubella Virus, RNA, Rubella RNA Detection, Rubella PCR, Oropharyngeal Swab, Rubella in Oropharynx"
Выявление РНК вируса краснухи (Rubella virus),Выявление РНК вируса краснухи (Rubella virus),Слюна,,,не обнаружено,,,,Полимеразная цепная реакция в режиме реального времени,ПЦР-ДИАГНОСТИКА ИНФЕКЦИЙ		,ПЦР-диагностика системных вирусных инфекций		,"Краснуха, РНК (слюна), ПЦР в слюне, Rubella virus в секрете","Rubella Virus, RNA (Saliva), Rubella PCR, Saliva, Rubella Detection in Saliva"
Выявление РНК вируса краснухи (Rubella virus),Выявление РНК вируса краснухи (Rubella virus),"Выпоты, транссудаты, экссудаты",,,не обнаружено,,,,Полимеразная цепная реакция в режиме реального времени,ПЦР-ДИАГНОСТИКА ИНФЕКЦИЙ		,ПЦР-диагностика системных вирусных инфекций		,"Краснуха, РНК (выпот), ПЦР в экссудате, Rubella virus в жидкости полостей","Rubella Virus, RNA (Effusion), Rubella PCR, Body Fluid, Rubella in Effusion"
Выявление РНК вируса краснухи (Rubella virus),Выявление РНК вируса краснухи (Rubella virus),Биолог. жидк.,,,не обнаружено,,,,Полимеразная цепная реакция в режиме реального времени,ПЦР-ДИАГНОСТИКА ИНФЕКЦИЙ		,ПЦР-диагностика системных вирусных инфекций		,"Краснуха, РНК (биологическая жидкость), ПЦР в биожидкости, Rubella (неуточнённая локализация)","Rubella Virus, RNA (Biological Fluid), Rubella PCR, Biological Fluid, Rubella Detection (Unspecified)"
Выявление РНК вируса краснухи (Rubella virus),Выявление РНК вируса краснухи (Rubella virus),Кровь ЭДТА,,,не обнаружено,,,,Полимеразная цепная реакция в режиме реального времени,ПЦР-ДИАГНОСТИКА ИНФЕКЦИЙ		,ПЦР-диагностика системных вирусных инфекций		,"Краснуха, РНК, ПЦР, вирус краснухи, молекулярное выявление Rubella, тест на краснушный вирус","Rubella Virus, RNA, Rubella RNA Detection, Rubella PCR, Molecular Detection of Rubella, Rubella Test"
Выявление РНК вируса краснухи (Rubella virus),Выявление РНК вируса краснухи (Rubella virus),Ликвор,,,не обнаружено,,,,Полимеразная цепная реакция в режиме реального времени,ПЦР-ДИАГНОСТИКА ИНФЕКЦИЙ		,ПЦР-диагностика системных вирусных инфекций		,"Краснуха, РНК (ликвор), ПЦР в спинномозговой жидкости, Rubella virus в ЦСЖ","Rubella Virus, RNA (CSF), Rubella PCR, Cerebrospinal Fluid, Rubella in CSF"
Выявление ДНК парвовируса (Parvovirus B19),Выявление ДНК парвовируса (Parvovirus B19),Соскоб эпит. кл. из носогл.,,,не обнаружено,,,,Полимеразная цепная реакция в режиме реального времени,ПЦР-ДИАГНОСТИКА ИНФЕКЦИЙ		,ПЦР-диагностика системных вирусных инфекций		,"Parvovirus B19, ДНК, ПЦР из носоглотки, парвовирус в носоглотке","Parvovirus B19, DNA, B19V DNA Detection, B19V PCR, Nasopharyngeal Swab, B19V in Nasopharynx"
Выявление ДНК парвовируса (Parvovirus B19),Выявление ДНК парвовируса (Parvovirus B19),Соскоб эпит. кл. из ротогл.,,,не обнаружено,,,,Полимеразная цепная реакция в режиме реального времени,ПЦР-ДИАГНОСТИКА ИНФЕКЦИЙ		,ПЦР-диагностика системных вирусных инфекций		,"Parvovirus B19, ДНК, ПЦР из ротоглотки, парвовирус в ротоглотке","Parvovirus B19, DNA, B19V DNA Detection, B19V PCR, Oropharyngeal Swab, B19V in Oropharynx"
Выявление ДНК парвовируса (Parvovirus B19),Выявление ДНК парвовируса (Parvovirus B19),Слюна,,,не обнаружено,,,,Полимеразная цепная реакция в режиме реального времени,ПЦР-ДИАГНОСТИКА ИНФЕКЦИЙ		,ПЦР-диагностика системных вирусных инфекций		,"Parvovirus B19, ДНК (слюна), ПЦР в слюне, B19V в секрете","Parvovirus B19, DNA (Saliva), B19V PCR, Saliva, B19V Detection in Saliva"
Выявление ДНК парвовируса (Parvovirus B19),Выявление ДНК парвовируса (Parvovirus B19),"Выпоты, транссудаты, экссудаты",,,не обнаружено,,,,Полимеразная цепная реакция в режиме реального времени,ПЦР-ДИАГНОСТИКА ИНФЕКЦИЙ		,ПЦР-диагностика системных вирусных инфекций		,"Parvovirus B19, ДНК (выпот), ПЦР в экссудате, B19V в жидкости полостей","Parvovirus B19, DNA (Effusion), B19V PCR, Body Fluid, B19V in Effusion"
Выявление ДНК парвовируса (Parvovirus B19),Выявление ДНК парвовируса (Parvovirus B19),Биолог. жидк.,,,не обнаружено,,,,Полимеразная цепная реакция в режиме реального времени,ПЦР-ДИАГНОСТИКА ИНФЕКЦИЙ		,ПЦР-диагностика системных вирусных инфекций		,"Parvovirus B19, ДНК (биологическая жидкость), ПЦР в биожидкости, B19V (неуточнённая локализация)","Parvovirus B19, DNA (Biological Fluid), B19V PCR, Biological Fluid, B19V Detection (Unspecified)"
Выявление ДНК парвовируса (Parvovirus B19),Выявление ДНК парвовируса (Parvovirus B19),Кровь ЭДТА,,,не обнаружено,,,,Полимеразная цепная реакция в режиме реального времени,ПЦР-ДИАГНОСТИКА ИНФЕКЦИЙ		,ПЦР-диагностика системных вирусных инфекций		,"Parvovirus B19, ДНК, ПЦР, вирус B19, молекулярное выявление B19V, тест на парвовирус","Parvovirus B19, DNA, B19V DNA Detection, B19V PCR, Molecular Detection of B19V, B19V Test"
Выявление ДНК парвовируса (Parvovirus B19),Выявление ДНК парвовируса (Parvovirus B19),Ликвор,,,не обнаружено,,,,Полимеразная цепная реакция в режиме реального времени,ПЦР-ДИАГНОСТИКА ИНФЕКЦИЙ		,ПЦР-диагностика системных вирусных инфекций		,"Parvovirus B19, ДНК (ликвор), ПЦР в спинномозговой жидкости, B19V в ЦСЖ","Parvovirus B19, DNA (CSF), B19V PCR, Cerebrospinal Fluid, B19V in CSF"
Выявление ДНК вируса папилломы человека типа 16 (HPV 16),Выявление ДНК вируса папилломы человека типа 16 (HPV 16),Соскоб из уретры,,,не обнаружено,,,,Полимеразная цепная реакция в режиме реального времени,ПЦР-ДИАГНОСТИКА ИНФЕКЦИЙ		,"ПЦР-диагностика папилломавируса (HPV, ВПЧ)		","HPV 16, ДНК, ПЦР из уретры, вирус папилломы 16 типа, HPV-16 в уретре","Human Papillomavirus 16, DNA, HPV-16 DNA Detection, HPV-16 PCR, Urethral Swab, HPV-16 in Urethra"
Выявление ДНК вируса папилломы человека типа 16 (HPV 16),Выявление ДНК вируса папилломы человека типа 16 (HPV 16),Соскоб из цервик. канала,,,не обнаружено,,,,Полимеразная цепная реакция в режиме реального времени,ПЦР-ДИАГНОСТИКА ИНФЕКЦИЙ		,"ПЦР-диагностика папилломавируса (HPV, ВПЧ)		","HPV 16, ДНК, ПЦР из цервикального канала, HPV-16 в церв. канале, скрининг на ВПЧ 16","Human Papillomavirus 16, DNA, HPV-16 DNA Detection, HPV-16 PCR, Cervical Swab, HPV-16 in Cervical Canal"
Выявление ДНК вируса папилломы человека типа 16 (HPV 16),Выявление ДНК вируса папилломы человека типа 16 (HPV 16),Соскоб с задней стенки влагалища,,,не обнаружено,,,,Полимеразная цепная реакция в режиме реального времени,ПЦР-ДИАГНОСТИКА ИНФЕКЦИЙ		,"ПЦР-диагностика папилломавируса (HPV, ВПЧ)		","HPV 16, ДНК (влагалище), ПЦР со стенки влагалища, HPV-16 в вагинальном секрете","Human Papillomavirus 16, DNA, HPV-16 DNA Detection, HPV-16 PCR, Vaginal Swab, HPV-16 in Vaginal Secretions"
Выявление ДНК вируса папилломы человека типа 18 (HPV 18),Выявление ДНК вируса папилломы человека типа 18 (HPV 18),Соскоб из уретры,,,не обнаружено,,,,Полимеразная цепная реакция в режиме реального времени,ПЦР-ДИАГНОСТИКА ИНФЕКЦИЙ		,"ПЦР-диагностика папилломавируса (HPV, ВПЧ)		","HPV 18, ДНК, ПЦР из уретры, вирус папилломы 18 типа, HPV-18 в уретре","Human Papillomavirus 18, DNA, HPV-18 DNA Detection, HPV-18 PCR, Urethral Swab, HPV-18 in Urethra"
Выявление ДНК вируса папилломы человека типа 18 (HPV 18),Выявление ДНК вируса папилломы человека типа 18 (HPV 18),Соскоб из цервик. канала,,,не обнаружено,,,,Полимеразная цепная реакция в режиме реального времени,ПЦР-ДИАГНОСТИКА ИНФЕКЦИЙ		,"ПЦР-диагностика папилломавируса (HPV, ВПЧ)		","HPV 18, ДНК, ПЦР из цервикального канала, HPV-18 в церв. канале, скрининг на ВПЧ 18","Human Papillomavirus 18, DNA, HPV-18 DNA Detection, HPV-18 PCR, Cervical Swab, HPV-18 in Cervical Canal"
Выявление ДНК вируса папилломы человека типа 18 (HPV 18),Выявление ДНК вируса папилломы человека типа 18 (HPV 18),Соскоб с задней стенки влагалища,,,не обнаружено,,,,Полимеразная цепная реакция в режиме реального времени,ПЦР-ДИАГНОСТИКА ИНФЕКЦИЙ		,"ПЦР-диагностика папилломавируса (HPV, ВПЧ)		","HPV 18, ДНК (влагалище), ПЦР со стенки влагалища, HPV-18 в вагинальном секрете","Human Papillomavirus 18, DNA, HPV-18 DNA Detection, HPV-18 PCR, Vaginal Swab, HPV-18 in Vaginal Secretions"
"Выявление ДНК вируса папилломы человека типов 6, 11 (HPV 6, 11) без типирования",HPV 6 ДНК,Соскоб из уретры,,,не обнаружено,,,,Полимеразная цепная реакция в режиме реального времени,ПЦР-ДИАГНОСТИКА ИНФЕКЦИЙ		,"ПЦР-диагностика папилломавируса (HPV, ВПЧ)		","HPV 6 и 11, ДНК, ПЦР из уретры, ВПЧ 6/11, низкоонкогенные типы, HPV 6, 11 в уретре","HPV 6 and 11, DNA, HPV 6/11 Detection, Low-Risk HPV, Urethral Swab, HPV 6, 11 in Urethra"
,HPV 11 ДНК,,,,не обнаружено,,,,Полимеразная цепная реакция в режиме реального времени,,,,
"Выявление ДНК вируса папилломы человека типов 6, 11 (HPV 6, 11) без типирования",HPV 6 ДНК,Соскоб из цервик. канала,,,не обнаружено,,,,Полимеразная цепная реакция в режиме реального времени,ПЦР-ДИАГНОСТИКА ИНФЕКЦИЙ		,"ПЦР-диагностика папилломавируса (HPV, ВПЧ)		","HPV 6 и 11, ДНК, ПЦР из цервик. канала, ВПЧ 6/11, низкоонкогенные типы, скрининг на ВПЧ","HPV 6 and 11, DNA, HPV 6/11 Detection, Low-Risk HPV, Cervical Swab, HPV 6, 11 in Cervical Canal"
,HPV 11 ДНК,,,,не обнаружено,,,,Полимеразная цепная реакция в режиме реального времени,,,,
"Выявление ДНК вируса папилломы человека типов 6, 11 (HPV 6, 11) без типирования",HPV 6 ДНК,Соскоб с задней стенки влагалища,,,не обнаружено,,,,Полимеразная цепная реакция в режиме реального времени,ПЦР-ДИАГНОСТИКА ИНФЕКЦИЙ		,"ПЦР-диагностика папилломавируса (HPV, ВПЧ)		","HPV 6 и 11, ДНК (влагалище), ПЦР со стенки влагалища, ВПЧ 6/11 в вагинальном секрете","HPV 6 and 11, DNA, Vaginal Swab, HPV 6/11 Detection, Low-Risk HPV, HPV 6, 11 in Vaginal Secretions"
,HPV 11 ДНК,,,,не обнаружено,,,,Полимеразная цепная реакция в режиме реального времени,,,,
"Выявление ДНК вируса папилломы человека типов 26, 51 (HPV 26, 51) без типирования",HPV 26 ДНК,Соскоб из уретры,,,не обнаружено,,,,Полимеразная цепная реакция в режиме реального времени,ПЦР-ДИАГНОСТИКА ИНФЕКЦИЙ		,"ПЦР-диагностика папилломавируса (HPV, ВПЧ)		","HPV 26 и 51, ДНК, ПЦР из уретры, ВПЧ 26/51, высокорисковые типы, HPV 26, 51 в уретре","HPV 26 and 51, DNA, HPV 26/51 Detection, High-Risk HPV, Urethral Swab, HPV 26, 51 in Urethra"
,HPV 51ДНК,,,,не обнаружено,,,,Полимеразная цепная реакция в режиме реального времени,,,,
"Выявление ДНК вируса папилломы человека типов 26, 51 (HPV 26, 51) без типирования",HPV 26 ДНК,Соскоб из цервик. канала,,,не обнаружено,,,,Полимеразная цепная реакция в режиме реального времени,ПЦР-ДИАГНОСТИКА ИНФЕКЦИЙ		,"ПЦР-диагностика папилломавируса (HPV, ВПЧ)		","HPV 26 и 51, ДНК, ПЦР из цервик. канала, ВПЧ 26/51, высокорисковые типы, скрининг на ВПЧ","HPV 26 and 51, DNA, HPV 26/51 Detection, High-Risk HPV, Cervical Swab, HPV 26, 51 in Cervical Canal"
,HPV 51ДНК,,,,не обнаружено,,,,Полимеразная цепная реакция в режиме реального времени,,,,
"Выявление ДНК вируса папилломы человека типов 26, 51 (HPV 26, 51) без типирования",HPV 26 ДНК,Соскоб с задней стенки влагалища,,,не обнаружено,,,,Полимеразная цепная реакция в режиме реального времени,ПЦР-ДИАГНОСТИКА ИНФЕКЦИЙ		,"ПЦР-диагностика папилломавируса (HPV, ВПЧ)		","HPV 26 и 51, ДНК (влагалище), ПЦР со стенки влагалища, ВПЧ 26/51 в вагинальном секрете","HPV 26 and 51, DNA, Vaginal Swab, HPV 26/51 Detection, High-Risk HPV, HPV 26, 51 in Vaginal Secretions"
,HPV 51ДНК,,,,не обнаружено,,,,Полимеразная цепная реакция в режиме реального времени,,,,
"Выявление ДНК вируса папилломы человека типов 16, 31, 35 (HPV 16, 31, 35) без типирования",HPV 16 ДНК,Соскоб из уретры,,,не обнаружено,,,,Полимеразная цепная реакция в режиме реального времени,ПЦР-ДИАГНОСТИКА ИНФЕКЦИЙ		,"ПЦР-диагностика папилломавируса (HPV, ВПЧ)		","HPV 16, 31, 35, ДНК, ПЦР из уретры, ВПЧ высокого риска, HPV 16/31/35 в уретре","HPV 16, 31, 35, DNA, High-Risk HPV, Urethral Swab, HPV 16/31/35 Detection, HPV in Urethra"
,HPV 31 ДНК,,,,не обнаружено,,,,Полимеразная цепная реакция в режиме реального времени,,,,
,HPV 35 ДНК,,,,не обнаружено,,,,Полимеразная цепная реакция в режиме реального времени,,,,
"Выявление ДНК вируса папилломы человека типов 16, 31, 35 (HPV 16, 31, 35) без типирования",HPV 16 ДНК,Соскоб из цервик. канала,,,не обнаружено,,,,Полимеразная цепная реакция в режиме реального времени,ПЦР-ДИАГНОСТИКА ИНФЕКЦИЙ		,"ПЦР-диагностика папилломавируса (HPV, ВПЧ)		","HPV 16, 31, 35, ДНК, ПЦР из цервик. канала, ВПЧ высокого риска, скрининг на ВПЧ","HPV 16, 31, 35, DNA, High-Risk HPV, Cervical Swab, HPV 16/31/35 Detection, HPV in Cervical Canal"
,HPV 31 ДНК,,,,не обнаружено,,,,Полимеразная цепная реакция в режиме реального времени,,,,
,HPV 35 ДНК,,,,не обнаружено,,,,Полимеразная цепная реакция в режиме реального времени,,,,
"Выявление ДНК вируса папилломы человека типов 16, 31, 35 (HPV 16, 31, 35) без типирования",HPV 16 ДНК,Соскоб с задней стенки влагалища,,,не обнаружено,,,,Полимеразная цепная реакция в режиме реального времени,ПЦР-ДИАГНОСТИКА ИНФЕКЦИЙ		,"ПЦР-диагностика папилломавируса (HPV, ВПЧ)		","HPV 16, 31, 35, ДНК (влагалище), ПЦР со стенки влагалища, ВПЧ 16/31/35 в вагинальном секрете","HPV 16, 31, 35, DNA, Vaginal Swab, HPV 16/31/35 Detection, High-Risk HPV, HPV in Vaginal Secretions"
,HPV 31 ДНК,,,,не обнаружено,,,,Полимеразная цепная реакция в режиме реального времени,,,,
,HPV 35 ДНК,,,,не обнаружено,,,,Полимеразная цепная реакция в режиме реального времени,,,,
"Выявление ДНК вируса папилломы человека типов 33, 52, 58 (HPV 33, 52, 58) без типирования",HPV 33 ДНК,Соскоб из уретры,,,не обнаружено,,,,Полимеразная цепная реакция в режиме реального времени,ПЦР-ДИАГНОСТИКА ИНФЕКЦИЙ		,"ПЦР-диагностика папилломавируса (HPV, ВПЧ)		","HPV 33, 52, 58, ДНК, ПЦР из уретры, ВПЧ высокого риска, HPV 33/52/58 в уретре","HPV 33, 52, 58, DNA, High-Risk HPV, Urethral Swab, HPV 33/52/58 Detection, HPV in Urethra"
,HPV 52 ДНК,,,,не обнаружено,,,,Полимеразная цепная реакция в режиме реального времени,,,,
,HPV 58 ДНК,,,,не обнаружено,,,,Полимеразная цепная реакция в режиме реального времени,,,,
"Выявление ДНК вируса папилломы человека типов 33, 52, 58 (HPV 33, 52, 58) без типирования",HPV 33 ДНК,Соскоб из цервик. канала,,,не обнаружено,,,,Полимеразная цепная реакция в режиме реального времени,ПЦР-ДИАГНОСТИКА ИНФЕКЦИЙ		,"ПЦР-диагностика папилломавируса (HPV, ВПЧ)		","HPV 33, 52, 58, ДНК, ПЦР из цервик. канала, ВПЧ высокого риска, скрининг на ВПЧ","HPV 33, 52, 58, DNA, High-Risk HPV, Cervical Swab, HPV 33/52/58 Detection, HPV in Cervical Canal"
,HPV 52 ДНК,,,,не обнаружено,,,,Полимеразная цепная реакция в режиме реального времени,,,,
,HPV 58 ДНК,,,,не обнаружено,,,,Полимеразная цепная реакция в режиме реального времени,,,,
"Выявление ДНК вируса папилломы человека типов 33, 52, 58 (HPV 33, 52, 58) без типирования",HPV 33 ДНК,Соскоб с задней стенки влагалища,,,не обнаружено,,,,Полимеразная цепная реакция в режиме реального времени,ПЦР-ДИАГНОСТИКА ИНФЕКЦИЙ		,"ПЦР-диагностика папилломавируса (HPV, ВПЧ)		","HPV 33, 52, 58, ДНК (влагалище), ПЦР со стенки влагалища, ВПЧ 33/52/58 в вагинальном секрете","HPV 33, 52, 58, DNA, Vaginal Swab, HPV 33/52/58 Detection, High-Risk HPV, HPV in Vaginal Secretions"
,HPV 52 ДНК,,,,не обнаружено,,,,Полимеразная цепная реакция в режиме реального времени,,,,
,HPV 58 ДНК,,,,не обнаружено,,,,Полимеразная цепная реакция в режиме реального времени,,,,
"Выявление ДНК вируса папилломы человека типов 18, 45, 39, 59 (HPV 18, 45, 39, 59) без типирования",HPV 18 ДНК,Соскоб из уретры,,,не обнаружено,,,,Полимеразная цепная реакция в режиме реального времени,ПЦР-ДИАГНОСТИКА ИНФЕКЦИЙ		,"ПЦР-диагностика папилломавируса (HPV, ВПЧ)		","HPV 18, 45, 39, 59, ДНК, ПЦР из уретры, ВПЧ высокого риска, HPV 18/45/39/59 в уретре","HPV 18, 45, 39, 59, DNA, High-Risk HPV, Urethral Swab, HPV 18/45/39/59 Detection, HPV in Urethra"
,HPV 45 ДНК,,,,не обнаружено,,,,Полимеразная цепная реакция в режиме реального времени,,,,
,HPV 39 ДНК,,,,не обнаружено,,,,Полимеразная цепная реакция в режиме реального времени,,,,
,HPV 59 ДНК,,,,не обнаружено,,,,Полимеразная цепная реакция в режиме реального времени,,,,
"Выявление ДНК вируса папилломы человека типов 18, 45, 39, 59 (HPV 18, 45, 39, 59) без типирования",HPV 18 ДНК,Соскоб из цервик. канала,,,не обнаружено,,,,Полимеразная цепная реакция в режиме реального времени,ПЦР-ДИАГНОСТИКА ИНФЕКЦИЙ		,"ПЦР-диагностика папилломавируса (HPV, ВПЧ)		","HPV 18, 45, 39, 59, ДНК, ПЦР из цервик. канала, ВПЧ высокого риска, скрининг на ВПЧ","HPV 18, 45, 39, 59, DNA, High-Risk HPV, Cervical Swab, HPV 18/45/39/59 Detection, HPV in Cervical Canal"
,HPV 45 ДНК,,,,не обнаружено,,,,Полимеразная цепная реакция в режиме реального времени,,,,
,HPV 39 ДНК,,,,не обнаружено,,,,Полимеразная цепная реакция в режиме реального времени,,,,
,HPV 59 ДНК,,,,не обнаружено,,,,Полимеразная цепная реакция в режиме реального времени,,,,
"Выявление ДНК вируса папилломы человека типов 18, 45, 39, 59 (HPV 18, 45, 39, 59) без типирования",HPV 18 ДНК,Соскоб с задней стенки влагалища,,,не обнаружено,,,,Полимеразная цепная реакция в режиме реального времени,ПЦР-ДИАГНОСТИКА ИНФЕКЦИЙ		,"ПЦР-диагностика папилломавируса (HPV, ВПЧ)		","HPV 18, 45, 39, 59, ДНК (влагалище), ПЦР со стенки влагалища, ВПЧ 18/45/39/59 в вагинальном секрете","HPV 18, 45, 39, 59, DNA, Vaginal Swab, HPV 18/45/39/59 Detection, High-Risk HPV, HPV in Vaginal Secretions"
,HPV 45 ДНК,,,,не обнаружено,,,,Полимеразная цепная реакция в режиме реального времени,,,,
,HPV 39 ДНК,,,,не обнаружено,,,,Полимеразная цепная реакция в режиме реального времени,,,,
,HPV 59 ДНК,,,,не обнаружено,,,,Полимеразная цепная реакция в режиме реального времени,,,,
"Выявление РНК вирусов гриппа (вирус гриппа А, вирус гриппа В)",Тип A,Соскоб эпит. кл. из ротогл.,,,не обнаружено,,,,Полимеразная цепная реакция в режиме реального времени,ПЦР-ДИАГНОСТИКА ИНФЕКЦИЙ		,Вирусные инфекции респираторного тракта		,"Грипп А и В, РНК, ПЦР из ротоглотки, Influenza A/B, вирус гриппа в ротоглотке","Influenza A and B, RNA, Influenza A/B Detection, PCR, Oropharyngeal Swab, Flu A/B in Oropharynx"
,Тип B,,,,не обнаружено,,,,Полимеразная цепная реакция в режиме реального времени,,,,
"Выявление РНК вирусов гриппа (вирус гриппа А, вирус гриппа В)",Тип A,Соскоб эпит. кл. из носогл.,,,не обнаружено,,,,Полимеразная цепная реакция в режиме реального времени,ПЦР-ДИАГНОСТИКА ИНФЕКЦИЙ		,Вирусные инфекции респираторного тракта		,"Грипп А и В, РНК, ПЦР из носоглотки, Influenza A/B, вирус гриппа в носоглотке","Influenza A and B, RNA, Influenza A/B Detection, PCR, Nasopharyngeal Swab, Flu A/B in Nasopharynx"
,Тип B,,,,не обнаружено,,,,Полимеразная цепная реакция в режиме реального времени,,,,
"Выявление РНК вирусов гриппа (вирус гриппа А, вирус гриппа В)",Тип A,Мокрота,,,не обнаружено,,,,Полимеразная цепная реакция в режиме реального времени,ПЦР-ДИАГНОСТИКА ИНФЕКЦИЙ		,Вирусные инфекции респираторного тракта		,"Грипп А и В, РНК (мокрота), ПЦР в мокроте, Influenza A/B в дыхательных путях","Influenza A and B, RNA (Sputum), Influenza A/B Detection, PCR, Sputum, Flu A/B in Respiratory Secretions"
,Тип B,,,,не обнаружено,,,,Полимеразная цепная реакция в режиме реального времени,,,,
"Выявление РНК вирусов гриппа (вирус гриппа А, вирус гриппа В)",Тип A,Лаважная жидкость,,,не обнаружено,,,,Полимеразная цепная реакция в режиме реального времени,ПЦР-ДИАГНОСТИКА ИНФЕКЦИЙ		,Вирусные инфекции респираторного тракта		,"Грипп А и В, РНК (лаваж), ПЦР в БАЛ, Influenza A/B в бронхоальвеолярном лаваже","Influenza A and B, RNA (Lavage), Influenza A/B Detection, PCR, BAL Fluid, Flu A/B in Bronchoalveolar Lavage"
,Тип B,,,,не обнаружено,,,,Полимеразная цепная реакция в режиме реального времени,,,,
"Выявление РНК вирусов гриппа (вирус гриппа А, вирус гриппа В)",Тип A,"Выпоты, транссудаты, экссудаты",,,не обнаружено,,,,Полимеразная цепная реакция в режиме реального времени,ПЦР-ДИАГНОСТИКА ИНФЕКЦИЙ		,Вирусные инфекции респираторного тракта		,"Грипп А и В, РНК (выпот), ПЦР в экссудате, Influenza A/B в жидкости полостей","Influenza A and B, RNA (Effusion), Influenza A/B Detection, PCR, Body Fluid, Flu A/B in Effusion"
,Тип B,,,,не обнаружено,,,,Полимеразная цепная реакция в режиме реального времени,,,,
"Выявление РНК вирусов гриппа (вирус гриппа А, вирус гриппа В)",Тип A,Биолог. жидк.,,,не обнаружено,,,,Полимеразная цепная реакция в режиме реального времени,ПЦР-ДИАГНОСТИКА ИНФЕКЦИЙ		,Вирусные инфекции респираторного тракта		,"Грипп А и В, РНК (биологическая жидкость), ПЦР в биожидкости, Influenza A/B (неуточнённая локализация)","Influenza A and B, RNA (Biological Fluid), Influenza A/B Detection, PCR, Biological Fluid, Flu A/B (Unspecified)"
,Тип B,,,,не обнаружено,,,,Полимеразная цепная реакция в режиме реального времени,,,,
"Выявление РНК вирусов гриппа (вирус гриппа А, вирус гриппа В)",Тип A,Ликвор,,,не обнаружено,,,,Полимеразная цепная реакция в режиме реального времени,ПЦР-ДИАГНОСТИКА ИНФЕКЦИЙ		,Вирусные инфекции респираторного тракта		,"Грипп А и В, РНК (ликвор), ПЦР в спинномозговой жидкости, Influenza A/B в ЦСЖ","Influenza A and B, RNA (CSF), Influenza A/B Detection, PCR, Cerebrospinal Fluid, Flu A/B in CSF"
,Тип B,,,,не обнаружено,,,,Полимеразная цепная реакция в режиме реального времени,,,,
"Выявление РНК вирусов парагриппа 1-4 типов (Human parainfluenza virus 1, Human parainfluenza virus 2, Human parainfluenza virus 3, Human parainfluenza virus 4)","Вирус парагриппа 1 (hPiv-1), РНК",Соскоб эпит. кл. из ротогл.,,,не обнаружено,,,,Полимеразная цепная реакция в режиме реального времени,ПЦР-ДИАГНОСТИКА ИНФЕКЦИЙ		,Вирусные инфекции респираторного тракта		,"Парагрипп 1-4, РНК, ПЦР из ротоглотки, Parainfluenza virus, вирус парагриппа в ротоглотке","Human Parainfluenza Virus 1-4, RNA, Parainfluenza Detection, PCR, Oropharyngeal Swab, HPIV in Oropharynx"
,"Вирус парагриппа 2 (hPiv-2), РНК",,,,не обнаружено,,,,Полимеразная цепная реакция в режиме реального времени,,,,
,"Вирус парагриппа 3 (hPiv-3), РНК",,,,не обнаружено,,,,Полимеразная цепная реакция в режиме реального времени,,,,
,"Вирус парагриппа 4 (hPiv-4), РНК",,,,не обнаружено,,,,Полимеразная цепная реакция в режиме реального времени,,,,
"Выявление РНК вирусов парагриппа 1-4 типов (Human parainfluenza virus 1, Human parainfluenza virus 2, Human parainfluenza virus 3, Human parainfluenza virus 4)","Вирус парагриппа 1 (hPiv-1), РНК",Соскоб эпит. кл. из носогл.,,,не обнаружено,,,,Полимеразная цепная реакция в режиме реального времени,ПЦР-ДИАГНОСТИКА ИНФЕКЦИЙ		,Вирусные инфекции респираторного тракта		,"Парагрипп 1-4, РНК, ПЦР из носоглотки, Parainfluenza virus, вирус парагриппа в носоглотке","Human Parainfluenza Virus 1-4, RNA, Parainfluenza Detection, PCR, Nasopharyngeal Swab, HPIV in Nasopharynx"
,"Вирус парагриппа 2 (hPiv-2), РНК",,,,не обнаружено,,,,Полимеразная цепная реакция в режиме реального времени,,,,
,"Вирус парагриппа 3 (hPiv-3), РНК",,,,не обнаружено,,,,Полимеразная цепная реакция в режиме реального времени,,,,
,"Вирус парагриппа 4 (hPiv-4), РНК",,,,не обнаружено,,,,Полимеразная цепная реакция в режиме реального времени,,,,
"Выявление РНК вирусов парагриппа 1-4 типов (Human parainfluenza virus 1, Human parainfluenza virus 2, Human parainfluenza virus 3, Human parainfluenza virus 4)","Вирус парагриппа 1 (hPiv-1), РНК",Мокрота,,,не обнаружено,,,,Полимеразная цепная реакция в режиме реального времени,ПЦР-ДИАГНОСТИКА ИНФЕКЦИЙ		,Вирусные инфекции респираторного тракта		,"Парагрипп 1-4, РНК (мокрота), ПЦР в мокроте, Parainfluenza virus в дыхательных путях","Human Parainfluenza Virus 1-4, RNA (Sputum), Parainfluenza Detection, PCR, Sputum, HPIV in Respiratory Secretions"
,"Вирус парагриппа 2 (hPiv-2), РНК",,,,не обнаружено,,,,Полимеразная цепная реакция в режиме реального времени,,,,
,"Вирус парагриппа 3 (hPiv-3), РНК",,,,не обнаружено,,,,Полимеразная цепная реакция в режиме реального времени,,,,
,"Вирус парагриппа 4 (hPiv-4), РНК",,,,не обнаружено,,,,Полимеразная цепная реакция в режиме реального времени,,,,
"Выявление РНК вирусов парагриппа 1-4 типов (Human parainfluenza virus 1, Human parainfluenza virus 2, Human parainfluenza virus 3, Human parainfluenza virus 4)","Вирус парагриппа 1 (hPiv-1), РНК",Лаважная жидкость,,,не обнаружено,,,,Полимеразная цепная реакция в режиме реального времени,ПЦР-ДИАГНОСТИКА ИНФЕКЦИЙ		,Вирусные инфекции респираторного тракта		,"Парагрипп 1-4, РНК (лаваж), ПЦР в БАЛ, Parainfluenza virus в бронхоальвеолярном лаваже","Human Parainfluenza Virus 1-4, RNA (Lavage), Parainfluenza Detection, PCR, BAL Fluid, HPIV in Bronchoalveolar Lavage"
,"Вирус парагриппа 2 (hPiv-2), РНК",,,,не обнаружено,,,,Полимеразная цепная реакция в режиме реального времени,,,,
,"Вирус парагриппа 3 (hPiv-3), РНК",,,,не обнаружено,,,,Полимеразная цепная реакция в режиме реального времени,,,,
,"Вирус парагриппа 4 (hPiv-4), РНК",,,,не обнаружено,,,,Полимеразная цепная реакция в режиме реального времени,,,,
"Выявление РНК вирусов парагриппа 1-4 типов (Human parainfluenza virus 1, Human parainfluenza virus 2, Human parainfluenza virus 3, Human parainfluenza virus 4)","Вирус парагриппа 1 (hPiv-1), РНК","Выпоты, транссудаты, экссудаты",,,не обнаружено,,,,Полимеразная цепная реакция в режиме реального времени,ПЦР-ДИАГНОСТИКА ИНФЕКЦИЙ		,Вирусные инфекции респираторного тракта		,"Парагрипп 1-4, РНК (выпот), ПЦР в экссудате, Parainfluenza virus в жидкости полостей","Human Parainfluenza Virus 1-4, RNA (Effusion), Parainfluenza Detection, PCR, Body Fluid, HPIV in Effusion"
,"Вирус парагриппа 2 (hPiv-2), РНК",,,,не обнаружено,,,,Полимеразная цепная реакция в режиме реального времени,,,,
,"Вирус парагриппа 3 (hPiv-3), РНК",,,,не обнаружено,,,,Полимеразная цепная реакция в режиме реального времени,,,,
,"Вирус парагриппа 4 (hPiv-4), РНК",,,,не обнаружено,,,,Полимеразная цепная реакция в режиме реального времени,,,,
"Выявление РНК вирусов парагриппа 1-4 типов (Human parainfluenza virus 1, Human parainfluenza virus 2, Human parainfluenza virus 3, Human parainfluenza virus 4)","Вирус парагриппа 1 (hPiv-1), РНК",Биолог. жидк.,,,не обнаружено,,,,Полимеразная цепная реакция в режиме реального времени,ПЦР-ДИАГНОСТИКА ИНФЕКЦИЙ		,Вирусные инфекции респираторного тракта		,"Парагрипп 1-4, РНК (биологическая жидкость), ПЦР в биожидкости, Parainfluenza virus (неуточнённая локализация)","Human Parainfluenza Virus 1-4, RNA (Biological Fluid), Parainfluenza Detection, PCR, Biological Fluid, HPIV (Unspecified)"
,"Вирус парагриппа 2 (hPiv-2), РНК",,,,не обнаружено,,,,Полимеразная цепная реакция в режиме реального времени,,,,
,"Вирус парагриппа 3 (hPiv-3), РНК",,,,не обнаружено,,,,Полимеразная цепная реакция в режиме реального времени,,,,
,"Вирус парагриппа 4 (hPiv-4), РНК",,,,не обнаружено,,,,Полимеразная цепная реакция в режиме реального времени,,,,
"Выявление РНК вирусов парагриппа 1-4 типов (Human parainfluenza virus 1, Human parainfluenza virus 2, Human parainfluenza virus 3, Human parainfluenza virus 4)","Вирус парагриппа 1 (hPiv-1), РНК",Ликвор,,,не обнаружено,,,,Полимеразная цепная реакция в режиме реального времени,ПЦР-ДИАГНОСТИКА ИНФЕКЦИЙ		,Вирусные инфекции респираторного тракта		,"Парагрипп 1-4, РНК (ликвор), ПЦР в спинномозговой жидкости, Parainfluenza virus в ЦСЖ","Human Parainfluenza Virus 1-4, RNA (CSF), Parainfluenza Detection, PCR, Cerebrospinal Fluid, HPIV in CSF"
,"Вирус парагриппа 2 (hPiv-2), РНК",,,,не обнаружено,,,,Полимеразная цепная реакция в режиме реального времени,,,,
,"Вирус парагриппа 3 (hPiv-3), РНК",,,,не обнаружено,,,,Полимеразная цепная реакция в режиме реального времени,,,,
,"Вирус парагриппа 4 (hPiv-4), РНК",,,,не обнаружено,,,,Полимеразная цепная реакция в режиме реального времени,,,,
"Выявление РНК коронавирусов (Human Coronavirus NL63, Human Coronavirus 229E, Human Coronavirus HKU1, Human Coronavirus OC43)","Коронавирусы (hCov NL-63, 229E), РНК",Соскоб эпит. кл. из ротогл.,,,не обнаружено,,,,Полимеразная цепная реакция в режиме реального времени,ПЦР-ДИАГНОСТИКА ИНФЕКЦИЙ		,Вирусные инфекции респираторного тракта		,"Коронавирусы, РНК, ПЦР из ротоглотки, Human Coronavirus, вирус в ротоглотке","Human Coronaviruses, RNA, HCoV Detection, PCR, Oropharyngeal Swab, HCoV in Oropharynx"
,"Коронавирусы (hCov HKU-1,ОС 43), РНК",,,,не обнаружено,,,,Полимеразная цепная реакция в режиме реального времени,,,,
"Выявление РНК коронавирусов (Human Coronavirus NL63, Human Coronavirus 229E, Human Coronavirus HKU1, Human Coronavirus OC43)","Коронавирусы (hCov NL-63, 229E), РНК",Соскоб эпит. кл. из носогл.,,,не обнаружено,,,,Полимеразная цепная реакция в режиме реального времени,ПЦР-ДИАГНОСТИКА ИНФЕКЦИЙ		,Вирусные инфекции респираторного тракта		,"Коронавирусы, РНК, ПЦР из носоглотки, Human Coronavirus, вирус в носоглотке","Human Coronaviruses, RNA, HCoV Detection, PCR, Nasopharyngeal Swab, HCoV in Nasopharynx"
,"Коронавирусы (hCov HKU-1,ОС 43), РНК",,,,не обнаружено,,,,Полимеразная цепная реакция в режиме реального времени,,,,
"Выявление РНК коронавирусов (Human Coronavirus NL63, Human Coronavirus 229E, Human Coronavirus HKU1, Human Coronavirus OC43)","Коронавирусы (hCov NL-63, 229E), РНК",Мокрота,,,не обнаружено,,,,Полимеразная цепная реакция в режиме реального времени,ПЦР-ДИАГНОСТИКА ИНФЕКЦИЙ		,Вирусные инфекции респираторного тракта		,"Коронавирусы, РНК (мокрота), ПЦР в мокроте, HCoV в дыхательных путях","Human Coronaviruses, RNA (Sputum), HCoV Detection, PCR, Sputum, HCoV in Respiratory Secretions"
,"Коронавирусы (hCov HKU-1,ОС 43), РНК",,,,не обнаружено,,,,Полимеразная цепная реакция в режиме реального времени,,,,
"Выявление РНК коронавирусов (Human Coronavirus NL63, Human Coronavirus 229E, Human Coronavirus HKU1, Human Coronavirus OC43)","Коронавирусы (hCov NL-63, 229E), РНК",Лаважная жидкость,,,не обнаружено,,,,Полимеразная цепная реакция в режиме реального времени,ПЦР-ДИАГНОСТИКА ИНФЕКЦИЙ		,Вирусные инфекции респираторного тракта		,"Коронавирусы, РНК (лаваж), ПЦР в БАЛ, HCoV в бронхоальвеолярном лаваже","Human Coronaviruses, RNA (Lavage), HCoV Detection, PCR, BAL Fluid, HCoV in Bronchoalveolar Lavage"
,"Коронавирусы (hCov HKU-1,ОС 43), РНК",,,,не обнаружено,,,,Полимеразная цепная реакция в режиме реального времени,,,,
"Выявление РНК коронавирусов (Human Coronavirus NL63, Human Coronavirus 229E, Human Coronavirus HKU1, Human Coronavirus OC43)","Коронавирусы (hCov NL-63, 229E), РНК","Выпоты, транссудаты, экссудаты",,,не обнаружено,,,,Полимеразная цепная реакция в режиме реального времени,ПЦР-ДИАГНОСТИКА ИНФЕКЦИЙ		,Вирусные инфекции респираторного тракта		,"Коронавирусы, РНК (выпот), ПЦР в экссудате, HCoV в жидкости полостей","Human Coronaviruses, RNA (Effusion), HCoV Detection, PCR, Body Fluid, HCoV in Effusion"
,"Коронавирусы (hCov HKU-1,ОС 43), РНК",,,,не обнаружено,,,,Полимеразная цепная реакция в режиме реального времени,,,,
"Выявление РНК коронавирусов (Human Coronavirus NL63, Human Coronavirus 229E, Human Coronavirus HKU1, Human Coronavirus OC43)","Коронавирусы (hCov NL-63, 229E), РНК",Биолог. жидк.,,,не обнаружено,,,,Полимеразная цепная реакция в режиме реального времени,ПЦР-ДИАГНОСТИКА ИНФЕКЦИЙ		,Вирусные инфекции респираторного тракта		,"Коронавирусы, РНК (биологическая жидкость), ПЦР в биожидкости, HCoV (неуточнённая локализация)","Human Coronaviruses, RNA (Biological Fluid), HCoV Detection, PCR, Biological Fluid, HCoV (Unspecified)"
,"Коронавирусы (hCov HKU-1,ОС 43), РНК",,,,не обнаружено,,,,Полимеразная цепная реакция в режиме реального времени,,,,
"Выявление РНК коронавирусов (Human Coronavirus NL63, Human Coronavirus 229E, Human Coronavirus HKU1, Human Coronavirus OC43)","Коронавирусы (hCov NL-63, 229E), РНК",Ликвор,,,не обнаружено,,,,Полимеразная цепная реакция в режиме реального времени,ПЦР-ДИАГНОСТИКА ИНФЕКЦИЙ		,Вирусные инфекции респираторного тракта		,"Коронавирусы, РНК (ликвор), ПЦР в спинномозговой жидкости, HCoV в ЦСЖ","Human Coronaviruses, RNA (CSF), HCoV Detection, PCR, Cerebrospinal Fluid, HCoV in CSF"
,"Коронавирусы (hCov HKU-1,ОС 43), РНК",,,,не обнаружено,,,,Полимеразная цепная реакция в режиме реального времени,,,,
"Выявление РНК коронавирусов (Human Coronavirus NL63, Human Coronavirus 229E, Human Coronavirus HKU1, Human Coronavirus OC43)","Коронавирусы (hCov NL-63, 229E), РНК",Кровь ЭДТА,,,не обнаружено,,,,Полимеразная цепная реакция в режиме реального времени,ПЦР-ДИАГНОСТИКА ИНФЕКЦИЙ		,Вирусные инфекции респираторного тракта		,"Коронавирусы, РНК, ПЦР, Human Coronavirus, вирусемия коронавируса, тест на HCoV","Human Coronaviruses, RNA, HCoV Detection, PCR, Molecular Detection of HCoV, HCoV Test, HCoV Viremia"
,"Коронавирусы (hCov HKU-1,ОС 43), РНК",,,,не обнаружено,,,,Полимеразная цепная реакция в режиме реального времени,,,,
Выявление РНК респираторно-синцитиального вируса (Respiratory Syncytial Virus),Выявление РНК респираторно-синцитиального вируса (Respiratory Syncytial Virus),Соскоб эпит. кл. из ротогл.,,,не обнаружено,,,,Полимеразная цепная реакция в режиме реального времени,ПЦР-ДИАГНОСТИКА ИНФЕКЦИЙ		,Вирусные инфекции респираторного тракта		,"РС-вирус, РНК, ПЦР из ротоглотки, Respiratory Syncytial Virus, вирус в ротоглотке","Respiratory Syncytial Virus, RNA, RSV Detection, PCR, Oropharyngeal Swab, RSV in Oropharynx"
Выявление РНК респираторно-синцитиального вируса (Respiratory Syncytial Virus),Выявление РНК респираторно-синцитиального вируса (Respiratory Syncytial Virus),Соскоб эпит. кл. из носогл.,,,не обнаружено,,,,Полимеразная цепная реакция в режиме реального времени,ПЦР-ДИАГНОСТИКА ИНФЕКЦИЙ		,Вирусные инфекции респираторного тракта		,"РС-вирус, РНК, ПЦР из носоглотки, Respiratory Syncytial Virus, вирус в носоглотке","Respiratory Syncytial Virus, RNA, RSV Detection, PCR, Nasopharyngeal Swab, RSV in Nasopharynx"
Выявление РНК респираторно-синцитиального вируса (Respiratory Syncytial Virus),Выявление РНК респираторно-синцитиального вируса (Respiratory Syncytial Virus),Мокрота,,,не обнаружено,,,,Полимеразная цепная реакция в режиме реального времени,ПЦР-ДИАГНОСТИКА ИНФЕКЦИЙ		,Вирусные инфекции респираторного тракта		,"РС-вирус, РНК (мокрота), ПЦР в мокроте, RSV в дыхательных путях","Respiratory Syncytial Virus, RNA (Sputum), RSV Detection, PCR, Sputum, RSV in Respiratory Secretions"
Выявление РНК респираторно-синцитиального вируса (Respiratory Syncytial Virus),Выявление РНК респираторно-синцитиального вируса (Respiratory Syncytial Virus),Лаважная жидкость,,,не обнаружено,,,,Полимеразная цепная реакция в режиме реального времени,ПЦР-ДИАГНОСТИКА ИНФЕКЦИЙ		,Вирусные инфекции респираторного тракта		,"РС-вирус, РНК (лаваж), ПЦР в БАЛ, RSV в бронхоальвеолярном лаваже","Respiratory Syncytial Virus, RNA (Lavage), RSV Detection, PCR, BAL Fluid, RSV in Bronchoalveolar Lavage"
Выявление РНК респираторно-синцитиального вируса (Respiratory Syncytial Virus),Выявление РНК респираторно-синцитиального вируса (Respiratory Syncytial Virus),"Выпоты, транссудаты, экссудаты",,,не обнаружено,,,,Полимеразная цепная реакция в режиме реального времени,ПЦР-ДИАГНОСТИКА ИНФЕКЦИЙ		,Вирусные инфекции респираторного тракта		,"РС-вирус, РНК (выпот), ПЦР в экссудате, RSV в жидкости полостей","Respiratory Syncytial Virus, RNA (Effusion), RSV Detection, PCR, Body Fluid, RSV in Effusion"
Выявление РНК респираторно-синцитиального вируса (Respiratory Syncytial Virus),Выявление РНК респираторно-синцитиального вируса (Respiratory Syncytial Virus),Биолог. жидк.,,,не обнаружено,,,,Полимеразная цепная реакция в режиме реального времени,ПЦР-ДИАГНОСТИКА ИНФЕКЦИЙ		,Вирусные инфекции респираторного тракта		,"РС-вирус, РНК (биологическая жидкость), ПЦР в биожидкости, RSV (неуточнённая локализация)","Respiratory Syncytial Virus, RNA (Biological Fluid), RSV Detection, PCR, Biological Fluid, RSV (Unspecified)"
Выявление РНК респираторно-синцитиального вируса (Respiratory Syncytial Virus),Выявление РНК респираторно-синцитиального вируса (Respiratory Syncytial Virus),Ликвор,,,не обнаружено,,,,Полимеразная цепная реакция в режиме реального времени,ПЦР-ДИАГНОСТИКА ИНФЕКЦИЙ		,Вирусные инфекции респираторного тракта		,"РС-вирус, РНК (ликвор), ПЦР в спинномозговой жидкости, RSV в ЦСЖ","Respiratory Syncytial Virus, RNA (CSF), RSV Detection, PCR, Cerebrospinal Fluid, RSV in CSF"
Выявление РНК респираторно-синцитиального вируса (Respiratory Syncytial Virus),Выявление РНК респираторно-синцитиального вируса (Respiratory Syncytial Virus),Кровь ЭДТА,,,не обнаружено,,,,Полимеразная цепная реакция в режиме реального времени,ПЦР-ДИАГНОСТИКА ИНФЕКЦИЙ		,Вирусные инфекции респираторного тракта		,"РС-вирус, РНК, ПЦР, вирусемия RSV, молекулярное выявление RSV","Respiratory Syncytial Virus, RNA, RSV Detection, PCR, RSV Viremia, Molecular Detection of RSV"
Выявление ДНК аденовируса (Human adenovirus),Выявление ДНК аденовируса (Human adenovirus),Соскоб эпит. кл. из ротогл.,,,не обнаружено,,,,Полимеразная цепная реакция в режиме реального времени,ПЦР-ДИАГНОСТИКА ИНФЕКЦИЙ		,Вирусные инфекции респираторного тракта		,"Аденовирус, ДНК, ПЦР из ротоглотки, Human adenovirus, вирус в ротоглотке","Human Adenovirus, DNA, Adenovirus Detection, PCR, Oropharyngeal Swab, Adenovirus in Oropharynx"
Выявление ДНК аденовируса (Human adenovirus),Выявление ДНК аденовируса (Human adenovirus),Соскоб эпит. кл. из носогл.,,,не обнаружено,,,,Полимеразная цепная реакция в режиме реального времени,ПЦР-ДИАГНОСТИКА ИНФЕКЦИЙ		,Вирусные инфекции респираторного тракта		,"Аденовирус, ДНК, ПЦР из носоглотки, Human adenovirus, вирус в носоглотке","Human Adenovirus, DNA, Adenovirus Detection, PCR, Nasopharyngeal Swab, Adenovirus in Nasopharynx"
Выявление ДНК аденовируса (Human adenovirus),Выявление ДНК аденовируса (Human adenovirus),Мокрота,,,не обнаружено,,,,Полимеразная цепная реакция в режиме реального времени,ПЦР-ДИАГНОСТИКА ИНФЕКЦИЙ		,Вирусные инфекции респираторного тракта		,"Аденовирус, ДНК (мокрота), ПЦР в мокроте, Adenovirus в дыхательных путях","Human Adenovirus, DNA (Sputum), Adenovirus Detection, PCR, Sputum, Adenovirus in Respiratory Secretions"
Выявление ДНК аденовируса (Human adenovirus),Выявление ДНК аденовируса (Human adenovirus),Лаважная жидкость,,,не обнаружено,,,,Полимеразная цепная реакция в режиме реального времени,ПЦР-ДИАГНОСТИКА ИНФЕКЦИЙ		,Вирусные инфекции респираторного тракта		,"Аденовирус, ДНК (лаваж), ПЦР в БАЛ, Adenovirus в бронхоальвеолярном лаваже","Human Adenovirus, DNA (Lavage), Adenovirus Detection, PCR, BAL Fluid, Adenovirus in Bronchoalveolar Lavage"
Выявление ДНК аденовируса (Human adenovirus),Выявление ДНК аденовируса (Human adenovirus),"Выпоты, транссудаты, экссудаты",,,не обнаружено,,,,Полимеразная цепная реакция в режиме реального времени,ПЦР-ДИАГНОСТИКА ИНФЕКЦИЙ		,Вирусные инфекции респираторного тракта		,"Аденовирус, ДНК (выпот), ПЦР в экссудате, Adenovirus в жидкости полостей","Human Adenovirus, DNA (Effusion), Adenovirus Detection, PCR, Body Fluid, Adenovirus in Effusion"
Выявление ДНК аденовируса (Human adenovirus),Выявление ДНК аденовируса (Human adenovirus),Биолог. жидк.,,,не обнаружено,,,,Полимеразная цепная реакция в режиме реального времени,ПЦР-ДИАГНОСТИКА ИНФЕКЦИЙ		,Вирусные инфекции респираторного тракта		,"Аденовирус, ДНК (биологическая жидкость), ПЦР в биожидкости, Adenovirus (неуточнённая локализация)","Human Adenovirus, DNA (Biological Fluid), Adenovirus Detection, PCR, Biological Fluid, Adenovirus (Unspecified)"
Выявление ДНК аденовируса (Human adenovirus),Выявление ДНК аденовируса (Human adenovirus),Ликвор,,,не обнаружено,,,,Полимеразная цепная реакция в режиме реального времени,ПЦР-ДИАГНОСТИКА ИНФЕКЦИЙ		,Вирусные инфекции респираторного тракта		,"Аденовирус, ДНК (ликвор), ПЦР в спинномозговой жидкости, Adenovirus в ЦСЖ","Human Adenovirus, DNA (CSF), Adenovirus Detection, PCR, Cerebrospinal Fluid, Adenovirus in CSF"
Выявление ДНК аденовируса (Human adenovirus),Выявление ДНК аденовируса (Human adenovirus),Кровь ЭДТА,,,не обнаружено,,,,Полимеразная цепная реакция в режиме реального времени,ПЦР-ДИАГНОСТИКА ИНФЕКЦИЙ		,Вирусные инфекции респираторного тракта		,"Аденовирус, ДНК, ПЦР, вирусемия аденовируса, молекулярное выявление Adenovirus","Human Adenovirus, DNA, Adenovirus Detection, PCR, Adenovirus Viremia, Molecular Detection of Adenovirus"
Выявление РНК риновируса (Human rinovirus),Выявление РНК риновируса (Human rinovirus),Соскоб эпит. кл. из ротогл.,,,не обнаружено,,,,Полимеразная цепная реакция в режиме реального времени,ПЦР-ДИАГНОСТИКА ИНФЕКЦИЙ		,Вирусные инфекции респираторного тракта		,"Риновирус, РНК, ПЦР из ротоглотки, Human rhinovirus, вирус в ротоглотке","Human Rhinovirus, RNA, Rhinovirus Detection, PCR, Oropharyngeal Swab, Rhinovirus in Oropharynx"
Выявление РНК риновируса (Human rinovirus),Выявление РНК риновируса (Human rinovirus),Соскоб эпит. кл. из носогл.,,,не обнаружено,,,,Полимеразная цепная реакция в режиме реального времени,ПЦР-ДИАГНОСТИКА ИНФЕКЦИЙ		,Вирусные инфекции респираторного тракта		,"Риновирус, РНК, ПЦР из носоглотки, Human rhinovirus, вирус в носоглотке","Human Rhinovirus, RNA, Rhinovirus Detection, PCR, Nasopharyngeal Swab, Rhinovirus in Nasopharynx"
Выявление РНК риновируса (Human rinovirus),Выявление РНК риновируса (Human rinovirus),Мокрота,,,не обнаружено,,,,Полимеразная цепная реакция в режиме реального времени,ПЦР-ДИАГНОСТИКА ИНФЕКЦИЙ		,Вирусные инфекции респираторного тракта		,"Риновирус, РНК (мокрота), ПЦР в мокроте, Rhinovirus в дыхательных путях","Human Rhinovirus, RNA (Sputum), Rhinovirus Detection, PCR, Sputum, Rhinovirus in Respiratory Secretions"
Выявление РНК риновируса (Human rinovirus),Выявление РНК риновируса (Human rinovirus),Лаважная жидкость,,,не обнаружено,,,,Полимеразная цепная реакция в режиме реального времени,ПЦР-ДИАГНОСТИКА ИНФЕКЦИЙ		,Вирусные инфекции респираторного тракта		,"Риновирус, РНК (лаваж), ПЦР в БАЛ, Rhinovirus в бронхоальвеолярном лаваже","Human Rhinovirus, RNA (Lavage), Rhinovirus Detection, PCR, BAL Fluid, Rhinovirus in Bronchoalveolar Lavage"
Выявление РНК риновируса (Human rinovirus),Выявление РНК риновируса (Human rinovirus),"Выпоты, транссудаты, экссудаты",,,не обнаружено,,,,Полимеразная цепная реакция в режиме реального времени,ПЦР-ДИАГНОСТИКА ИНФЕКЦИЙ		,Вирусные инфекции респираторного тракта		,"Риновирус, РНК (выпот), ПЦР в экссудате, Rhinovirus в жидкости полостей","Human Rhinovirus, RNA (Effusion), Rhinovirus Detection, PCR, Body Fluid, Rhinovirus in Effusion"
Выявление РНК риновируса (Human rinovirus),Выявление РНК риновируса (Human rinovirus),Биолог. жидк.,,,не обнаружено,,,,Полимеразная цепная реакция в режиме реального времени,ПЦР-ДИАГНОСТИКА ИНФЕКЦИЙ		,Вирусные инфекции респираторного тракта		,"Риновирус, РНК (биологическая жидкость), ПЦР в биожидкости, Rhinovirus (неуточнённая локализация)","Human Rhinovirus, RNA (Biological Fluid), Rhinovirus Detection, PCR, Biological Fluid, Rhinovirus (Unspecified)"
Выявление РНК риновируса (Human rinovirus),Выявление РНК риновируса (Human rinovirus),Ликвор,,,не обнаружено,,,,Полимеразная цепная реакция в режиме реального времени,ПЦР-ДИАГНОСТИКА ИНФЕКЦИЙ		,Вирусные инфекции респираторного тракта		,"Риновирус, РНК (ликвор), ПЦР в спинномозговой жидкости, Rhinovirus в ЦСЖ","Human Rhinovirus, RNA (CSF), Rhinovirus Detection, PCR, Cerebrospinal Fluid, Rhinovirus in CSF"
Выявление ДНК Chlamydia trachomatis,Выявление ДНК Chlamydia trachomatis,Соскоб из уретры,,,не обнаружено,,,,Полимеразная цепная реакция в режиме реального времени,ПЦР-ДИАГНОСТИКА ИНФЕКЦИЙ		,ПЦР-диагностика возбудителей ИППП		,"Chlamydia trachomatis, ДНК, ПЦР из уретры, хламидия, CT в уретре","Chlamydia trachomatis, DNA, CT DNA Detection, PCR, Urethral Swab, CT in Urethra"
Выявление ДНК Chlamydia trachomatis,Выявление ДНК Chlamydia trachomatis,Соскоб из цервик. канала,,,не обнаружено,,,,Полимеразная цепная реакция в режиме реального времени,ПЦР-ДИАГНОСТИКА ИНФЕКЦИЙ		,ПЦР-диагностика возбудителей ИППП		,"Chlamydia trachomatis, ДНК, ПЦР из цервик. канала, хламидия, CT в цервикальном канале","Chlamydia trachomatis, DNA, CT DNA Detection, PCR, Cervical Swab, CT in Cervical Canal"
Выявление ДНК Chlamydia trachomatis,Выявление ДНК Chlamydia trachomatis,Соскоб с задней стенки влагалища,,,не обнаружено,,,,Полимеразная цепная реакция в режиме реального времени,ПЦР-ДИАГНОСТИКА ИНФЕКЦИЙ		,ПЦР-диагностика возбудителей ИППП		,"Chlamydia trachomatis, ДНК (влагалище), ПЦР со стенки влагалища, CT в вагинальном секрете","Chlamydia trachomatis, DNA, Vaginal Swab, CT Detection, CT in Vaginal Secretions"
Выявление ДНК Chlamydia trachomatis,Выявление ДНК Chlamydia trachomatis,Соскоб эпит. кл. из носогл.,,,не обнаружено,,,,Полимеразная цепная реакция в режиме реального времени,ПЦР-ДИАГНОСТИКА ИНФЕКЦИЙ		,ПЦР-диагностика возбудителей ИППП		,"Chlamydia trachomatis, ДНК (носоглотка), ПЦР из носоглотки, CT в носоглотке","Chlamydia trachomatis, DNA, Nasopharyngeal Swab, CT Detection, CT in Nasopharynx"
Выявление ДНК Chlamydia trachomatis,Выявление ДНК Chlamydia trachomatis,Соскоб эпит. кл. из ротогл.,,,не обнаружено,,,,Полимеразная цепная реакция в режиме реального времени,ПЦР-ДИАГНОСТИКА ИНФЕКЦИЙ		,ПЦР-диагностика возбудителей ИППП		,"Chlamydia trachomatis, ДНК (ротоглотка), ПЦР из ротоглотки, CT в ротоглотке","Chlamydia trachomatis, DNA, Oropharyngeal Swab, CT Detection, CT in Oropharynx"
Выявление ДНК Chlamydia trachomatis,Выявление ДНК Chlamydia trachomatis,Соскоб эпит. клет. другой,,,не обнаружено,,,,Полимеразная цепная реакция в режиме реального времени,ПЦР-ДИАГНОСТИКА ИНФЕКЦИЙ		,ПЦР-диагностика возбудителей ИППП		,"Chlamydia trachomatis, ДНК (другие эпителиальные клетки), ПЦР (другое), CT (неуточнённая локализация)","Chlamydia trachomatis, DNA (Other Epithelial Cells), CT Detection, PCR (Other Site), CT (Unspecified)"
Выявление ДНК Chlamydia trachomatis,Выявление ДНК Chlamydia trachomatis,Моча разовая (первая порция),,,не обнаружено,,,,Полимеразная цепная реакция в режиме реального времени,ПЦР-ДИАГНОСТИКА ИНФЕКЦИЙ		,ПЦР-диагностика возбудителей ИППП		,"Chlamydia trachomatis, ДНК (моча), ПЦР в моче, CT в моче, уринологический тест","Chlamydia trachomatis, DNA (Urine), CT Detection, PCR, Urine, CT in Urine"
Выявление ДНК Chlamydia trachomatis,Выявление ДНК Chlamydia trachomatis,Секрет предстат. железы,,,не обнаружено,,,,Полимеразная цепная реакция в режиме реального времени,ПЦР-ДИАГНОСТИКА ИНФЕКЦИЙ		,ПЦР-диагностика возбудителей ИППП		,"Chlamydia trachomatis, ДНК (секрет простаты), ПЦР в секрете простаты, CT в секрете","Chlamydia trachomatis, DNA (Prostatic Secretion), CT Detection, PCR, Prostatic Fluid, CT in Prostatic Secretion"
Выявление ДНК Chlamydia trachomatis,Выявление ДНК Chlamydia trachomatis,Сперма,,,не обнаружено,,,,Полимеразная цепная реакция в режиме реального времени,ПЦР-ДИАГНОСТИКА ИНФЕКЦИЙ		,ПЦР-диагностика возбудителей ИППП		,"Chlamydia trachomatis, ДНК (семенная жидкость), ПЦР в сперме, CT в сперме","Chlamydia trachomatis, DNA (Semen), CT Detection, PCR, Semen, CT in Semen"
Выявление ДНК Chlamydia trachomatis,Выявление ДНК Chlamydia trachomatis,Кровь ЭДТА,,,не обнаружено,,,,Полимеразная цепная реакция в режиме реального времени,ПЦР-ДИАГНОСТИКА ИНФЕКЦИЙ		,ПЦР-диагностика возбудителей ИППП		,"Chlamydia trachomatis, ДНК, ПЦР, вирусемия хламидии, молекулярное выявление CT","Chlamydia trachomatis, DNA, CT Detection, PCR, Molecular Detection, CT Viremia"
Выявление ДНК Chlamydia trachomatis,Выявление ДНК Chlamydia trachomatis,"Выпоты, транссудаты, экссудаты",,,не обнаружено,,,,Полимеразная цепная реакция в режиме реального времени,ПЦР-ДИАГНОСТИКА ИНФЕКЦИЙ		,ПЦР-диагностика возбудителей ИППП		,"Chlamydia trachomatis, ДНК (выпот), ПЦР в экссудате, CT в жидкости полостей","Chlamydia trachomatis, DNA (Effusion), CT Detection, PCR, Body Fluid, CT in Effusion"
Выявление ДНК Chlamydia trachomatis,Выявление ДНК Chlamydia trachomatis,Биолог. жидк.,,,не обнаружено,,,,Полимеразная цепная реакция в режиме реального времени,ПЦР-ДИАГНОСТИКА ИНФЕКЦИЙ		,ПЦР-диагностика возбудителей ИППП		,"Chlamydia trachomatis, ДНК (биологическая жидкость), ПЦР в биожидкости, CT (неуточнённая локализация)","Chlamydia trachomatis, DNA (Biological Fluid), CT Detection, PCR, Biological Fluid, CT (Unspecified)"
Выявление ДНК Mycoplasma hominis,Выявление ДНК Mycoplasma hominis,Соскоб из уретры,,,не обнаружено,,,,Полимеразная цепная реакция в режиме реального времени,ПЦР-ДИАГНОСТИКА ИНФЕКЦИЙ		,ПЦР-диагностика возбудителей ИППП		,"Mycoplasma hominis, ДНК, ПЦР из уретры, микоплазма hominis в уретре","Mycoplasma hominis, DNA, Mh DNA Detection, PCR, Urethral Swab, Mh in Urethra"
Выявление ДНК Mycoplasma hominis,Выявление ДНК Mycoplasma hominis,Соскоб из цервик. канала,,,не обнаружено,,,,Полимеразная цепная реакция в режиме реального времени,ПЦР-ДИАГНОСТИКА ИНФЕКЦИЙ		,ПЦР-диагностика возбудителей ИППП		,"Mycoplasma hominis, ДНК, ПЦР из цервик. канала, микоплазма hominis в церв. канале","Mycoplasma hominis, DNA, Mh DNA Detection, PCR, Cervical Swab, Mh in Cervical Canal"
Выявление ДНК Mycoplasma hominis,Выявление ДНК Mycoplasma hominis,Соскоб с задней стенки влагалища,,,не обнаружено,,,,Полимеразная цепная реакция в режиме реального времени,ПЦР-ДИАГНОСТИКА ИНФЕКЦИЙ		,ПЦР-диагностика возбудителей ИППП		,"Mycoplasma hominis, ДНК (влагалище), ПЦР со стенки влагалища, Mh в вагинальном секрете","Mycoplasma hominis, DNA, Vaginal Swab, Mh Detection, PCR, Mh in Vaginal Secretions"
Выявление ДНК Mycoplasma hominis,Выявление ДНК Mycoplasma hominis,Соскоб эпит. клет. другой,,,не обнаружено,,,,Полимеразная цепная реакция в режиме реального времени,ПЦР-ДИАГНОСТИКА ИНФЕКЦИЙ		,ПЦР-диагностика возбудителей ИППП		,"Mycoplasma hominis, ДНК (другие эпителиальные клетки), ПЦР (другое), Mh (неуточнённая локализация)","Mycoplasma hominis, DNA (Other Epithelial Cells), Mh Detection, PCR (Other Site), Mh (Unspecified)"
Выявление ДНК Mycoplasma hominis,Выявление ДНК Mycoplasma hominis,Моча разовая (первая порция),,,не обнаружено,,,,Полимеразная цепная реакция в режиме реального времени,ПЦР-ДИАГНОСТИКА ИНФЕКЦИЙ		,ПЦР-диагностика возбудителей ИППП		,"Mycoplasma hominis, ДНК (моча), ПЦР в моче, Mh в моче","Mycoplasma hominis, DNA (Urine), Mh Detection, PCR, Urine, Mh in Urine"
Выявление ДНК Mycoplasma hominis,Выявление ДНК Mycoplasma hominis,Секрет предстат. железы,,,не обнаружено,,,,Полимеразная цепная реакция в режиме реального времени,ПЦР-ДИАГНОСТИКА ИНФЕКЦИЙ		,ПЦР-диагностика возбудителей ИППП		,"Mycoplasma hominis, ДНК (секрет простаты), ПЦР в секрете простаты, Mh в секрете","Mycoplasma hominis, DNA (Prostatic Secretion), Mh Detection, PCR, Prostatic Fluid, Mh in Prostatic Secretion"
Выявление ДНК Mycoplasma hominis,Выявление ДНК Mycoplasma hominis,Сперма,,,не обнаружено,,,,Полимеразная цепная реакция в режиме реального времени,ПЦР-ДИАГНОСТИКА ИНФЕКЦИЙ		,ПЦР-диагностика возбудителей ИППП		,"Mycoplasma hominis, ДНК (семенная жидкость), ПЦР в сперме, Mh в сперме","Mycoplasma hominis, DNA (Semen), Mh Detection, PCR, Semen, Mh in Semen"
Выявление ДНК Mycoplasma genitalium,Выявление ДНК Mycoplasma genitalium,Соскоб из уретры,,,не обнаружено,,,,Полимеразная цепная реакция в режиме реального времени,ПЦР-ДИАГНОСТИКА ИНФЕКЦИЙ		,ПЦР-диагностика возбудителей ИППП		,"Mycoplasma genitalium, ДНК, ПЦР из уретры, микоплазма genitalium в уретре","Mycoplasma genitalium, DNA, Mg DNA Detection, PCR, Urethral Swab, Mg in Urethra"
Выявление ДНК Mycoplasma genitalium,Выявление ДНК Mycoplasma genitalium,Соскоб из цервик. канала,,,не обнаружено,,,,Полимеразная цепная реакция в режиме реального времени,ПЦР-ДИАГНОСТИКА ИНФЕКЦИЙ		,ПЦР-диагностика возбудителей ИППП		,"Mycoplasma genitalium, ДНК, ПЦР из цервик. канала, микоплазма genitalium в церв. канале","Mycoplasma genitalium, DNA, Mg DNA Detection, PCR, Cervical Swab, Mg in Cervical Canal"
Выявление ДНК Mycoplasma genitalium,Выявление ДНК Mycoplasma genitalium,Соскоб с задней стенки влагалища,,,не обнаружено,,,,Полимеразная цепная реакция в режиме реального времени,ПЦР-ДИАГНОСТИКА ИНФЕКЦИЙ		,ПЦР-диагностика возбудителей ИППП		,"Mycoplasma genitalium, ДНК (влагалище), ПЦР со стенки влагалища, Mg в вагинальном секрете","Mycoplasma genitalium, DNA, Vaginal Swab, Mg Detection, PCR, Mg in Vaginal Secretions"
Выявление ДНК Mycoplasma genitalium,Выявление ДНК Mycoplasma genitalium,Моча разовая (первая порция),,,не обнаружено,,,,Полимеразная цепная реакция в режиме реального времени,ПЦР-ДИАГНОСТИКА ИНФЕКЦИЙ		,ПЦР-диагностика возбудителей ИППП		,"Mycoplasma genitalium, ДНК (моча), ПЦР в моче, Mg в моче","Mycoplasma genitalium, DNA (Urine), Mg Detection, PCR, Urine, Mg in Urine"
Выявление ДНК Mycoplasma genitalium,Выявление ДНК Mycoplasma genitalium,Секрет предстат. железы,,,не обнаружено,,,,Полимеразная цепная реакция в режиме реального времени,ПЦР-ДИАГНОСТИКА ИНФЕКЦИЙ		,ПЦР-диагностика возбудителей ИППП		,"Mycoplasma genitalium, ДНК (секрет простаты), ПЦР в секрете простаты, Mg в секрете","Mycoplasma genitalium, DNA (Prostatic Secretion), Mg Detection, PCR, Prostatic Fluid, Mg in Prostatic Secretion"
Выявление ДНК Mycoplasma genitalium,Выявление ДНК Mycoplasma genitalium,Сперма,,,не обнаружено,,,,Полимеразная цепная реакция в режиме реального времени,ПЦР-ДИАГНОСТИКА ИНФЕКЦИЙ		,ПЦР-диагностика возбудителей ИППП		,"Mycoplasma genitalium, ДНК (семенная жидкость), ПЦР в сперме, Mg в сперме","Mycoplasma genitalium, DNA (Semen), Mg Detection, PCR, Semen, Mg in Semen"
Выявление ДНК Ureaplasma urealitycum (T960),Выявление ДНК Ureaplasma urealitycum (T960),Соскоб из уретры,,,не обнаружено,,,,Полимеразная цепная реакция в режиме реального времени,ПЦР-ДИАГНОСТИКА ИНФЕКЦИЙ		,ПЦР-диагностика возбудителей ИППП		,"Ureaplasma urealyticum, ДНК, ПЦР из уретры, уреаплазма в уретре, T960","Ureaplasma urealyticum, DNA, Uu DNA Detection, PCR, Urethral Swab, Uu in Urethra"
Выявление ДНК Ureaplasma urealitycum (T960),Выявление ДНК Ureaplasma urealitycum (T960),Соскоб из цервик. канала,,,не обнаружено,,,,Полимеразная цепная реакция в режиме реального времени,ПЦР-ДИАГНОСТИКА ИНФЕКЦИЙ		,ПЦР-диагностика возбудителей ИППП		,"Ureaplasma urealyticum, ДНК, ПЦР из цервик. канала, уреаплазма в церв. канале, T960","Ureaplasma urealyticum, DNA, Uu DNA Detection, PCR, Cervical Swab, Uu in Cervical Canal"
Выявление ДНК Ureaplasma urealitycum (T960),Выявление ДНК Ureaplasma urealitycum (T960),Соскоб с задней стенки влагалища,,,не обнаружено,,,,Полимеразная цепная реакция в режиме реального времени,ПЦР-ДИАГНОСТИКА ИНФЕКЦИЙ		,ПЦР-диагностика возбудителей ИППП		,"Ureaplasma urealyticum, ДНК (влагалище), ПЦР со стенки влагалища, Uu в вагинальном секрете","Ureaplasma urealyticum, DNA, Vaginal Swab, Uu Detection, PCR, Uu in Vaginal Secretions"
Выявление ДНК Ureaplasma urealitycum (T960),Выявление ДНК Ureaplasma urealitycum (T960),Моча разовая (первая порция),,,не обнаружено,,,,Полимеразная цепная реакция в режиме реального времени,ПЦР-ДИАГНОСТИКА ИНФЕКЦИЙ		,ПЦР-диагностика возбудителей ИППП		,"Ureaplasma urealyticum, ДНК (моча), ПЦР в моче, Uu в моче, T960","Ureaplasma urealyticum, DNA (Urine), Uu Detection, PCR, Urine, Uu in Urine"
Выявление ДНК Ureaplasma urealitycum (T960),Выявление ДНК Ureaplasma urealitycum (T960),Секрет предстат. железы,,,не обнаружено,,,,Полимеразная цепная реакция в режиме реального времени,ПЦР-ДИАГНОСТИКА ИНФЕКЦИЙ		,ПЦР-диагностика возбудителей ИППП		,"Ureaplasma urealyticum, ДНК (секрет простаты), ПЦР в секрете простаты, Uu в секрете","Ureaplasma urealyticum, DNA (Prostatic Secretion), Uu Detection, PCR, Prostatic Fluid, Uu in Prostatic Secretion"
Выявление ДНК Ureaplasma urealitycum (T960),Выявление ДНК Ureaplasma urealitycum (T960),Сперма,,,не обнаружено,,,,Полимеразная цепная реакция в режиме реального времени,ПЦР-ДИАГНОСТИКА ИНФЕКЦИЙ		,ПЦР-диагностика возбудителей ИППП		,"Ureaplasma urealyticum, ДНК (семенная жидкость), ПЦР в сперме, Uu в сперме","Ureaplasma urealyticum, DNA (Semen), Uu Detection, PCR, Semen, Uu in Semen"
Выявление ДНК Ureaplasma parvum,Выявление ДНК Ureaplasma parvum,Соскоб из уретры,,,не обнаружено,,,,Полимеразная цепная реакция в режиме реального времени,ПЦР-ДИАГНОСТИКА ИНФЕКЦИЙ		,ПЦР-диагностика возбудителей ИППП		,"Ureaplasma parvum, ДНК, ПЦР из уретры, уреаплазма parvum, UP в уретре","Ureaplasma parvum, DNA, Up DNA Detection, PCR, Urethral Swab, Up in Urethra"
Выявление ДНК Ureaplasma parvum,Выявление ДНК Ureaplasma parvum,Соскоб из цервик. канала,,,не обнаружено,,,,Полимеразная цепная реакция в режиме реального времени,ПЦР-ДИАГНОСТИКА ИНФЕКЦИЙ		,ПЦР-диагностика возбудителей ИППП		,"Ureaplasma parvum, ДНК, ПЦР из цервик. канала, уреаплазма parvum в церв. канале","Ureaplasma parvum, DNA, Up DNA Detection, PCR, Cervical Swab, Up in Cervical Canal"
Выявление ДНК Ureaplasma parvum,Выявление ДНК Ureaplasma parvum,Соскоб с задней стенки влагалища,,,не обнаружено,,,,Полимеразная цепная реакция в режиме реального времени,ПЦР-ДИАГНОСТИКА ИНФЕКЦИЙ		,ПЦР-диагностика возбудителей ИППП		,"Ureaplasma parvum, ДНК (влагалище), ПЦР со стенки влагалища, Up в вагинальном секрете","Ureaplasma parvum, DNA, Vaginal Swab, Up Detection, PCR, Up in Vaginal Secretions"
Выявление ДНК Ureaplasma parvum,Выявление ДНК Ureaplasma parvum,Моча разовая (первая порция),,,не обнаружено,,,,Полимеразная цепная реакция в режиме реального времени,ПЦР-ДИАГНОСТИКА ИНФЕКЦИЙ		,ПЦР-диагностика возбудителей ИППП		,"Ureaplasma parvum, ДНК (моча), ПЦР в моче, Up в моче","Ureaplasma parvum, DNA (Urine), Up Detection, PCR, Urine, Up in Urine"
Выявление ДНК Ureaplasma parvum,Выявление ДНК Ureaplasma parvum,Секрет предстат. железы,,,не обнаружено,,,,Полимеразная цепная реакция в режиме реального времени,ПЦР-ДИАГНОСТИКА ИНФЕКЦИЙ		,ПЦР-диагностика возбудителей ИППП		,"Ureaplasma parvum, ДНК (секрет простаты), ПЦР в секрете простаты, Up в секрете","Ureaplasma parvum, DNA (Prostatic Secretion), Up Detection, PCR, Prostatic Fluid, Up in Prostatic Secretion"
Выявление ДНК Ureaplasma parvum,Выявление ДНК Ureaplasma parvum,Сперма,,,не обнаружено,,,,Полимеразная цепная реакция в режиме реального времени,ПЦР-ДИАГНОСТИКА ИНФЕКЦИЙ		,ПЦР-диагностика возбудителей ИППП		,"Ureaplasma parvum, ДНК (семенная жидкость), ПЦР в сперме, Up в сперме","Ureaplasma parvum, DNA (Semen), Up Detection, PCR, Semen, Up in Semen"
Выявление ДНК Neisseria gonorrhoeae,Выявление ДНК Neisseria gonorrhoeae,Соскоб из уретры,,,не обнаружено,,,,Полимеразная цепная реакция в режиме реального времени,ПЦР-ДИАГНОСТИКА ИНФЕКЦИЙ		,ПЦР-диагностика возбудителей ИППП		,"Neisseria gonorrhoeae, ДНК, ПЦР из уретры, гонококк, NG в уретре","Neisseria gonorrhoeae, DNA, Ng DNA Detection, PCR, Urethral Swab, Ng in Urethra"
Выявление ДНК Neisseria gonorrhoeae,Выявление ДНК Neisseria gonorrhoeae,Соскоб из цервик. канала,,,не обнаружено,,,,Полимеразная цепная реакция в режиме реального времени,ПЦР-ДИАГНОСТИКА ИНФЕКЦИЙ		,ПЦР-диагностика возбудителей ИППП		,"Neisseria gonorrhoeae, ДНК, ПЦР из цервик. канала, гонококк в церв. канале","Neisseria gonorrhoeae, DNA, Ng DNA Detection, PCR, Cervical Swab, Ng in Cervical Canal"
Выявление ДНК Neisseria gonorrhoeae,Выявление ДНК Neisseria gonorrhoeae,Соскоб с задней стенки влагалища,,,не обнаружено,,,,Полимеразная цепная реакция в режиме реального времени,ПЦР-ДИАГНОСТИКА ИНФЕКЦИЙ		,ПЦР-диагностика возбудителей ИППП		,"Neisseria gonorrhoeae, ДНК (влагалище), ПЦР со стенки влагалища, Ng в вагинальном секрете","Neisseria gonorrhoeae, DNA, Vaginal Swab, Ng Detection, PCR, Ng in Vaginal Secretions"
Выявление ДНК Neisseria gonorrhoeae,Выявление ДНК Neisseria gonorrhoeae,Соскоб эпит. кл. из носогл.,,,не обнаружено,,,,Полимеразная цепная реакция в режиме реального времени,ПЦР-ДИАГНОСТИКА ИНФЕКЦИЙ		,ПЦР-диагностика возбудителей ИППП		,"Neisseria gonorrhoeae, ДНК (носоглотка), ПЦР из носоглотки, Ng в носоглотке","Neisseria gonorrhoeae, DNA (Nasopharynx), Ng Detection, PCR, Nasopharyngeal Swab, Ng in Nasopharynx"
Выявление ДНК Neisseria gonorrhoeae,Выявление ДНК Neisseria gonorrhoeae,Соскоб эпит. кл. из ротогл.,,,не обнаружено,,,,Полимеразная цепная реакция в режиме реального времени,ПЦР-ДИАГНОСТИКА ИНФЕКЦИЙ		,ПЦР-диагностика возбудителей ИППП		,"Neisseria gonorrhoeae, ДНК (ротоглотка), ПЦР из ротоглотки, Ng в ротоглотке","Neisseria gonorrhoeae, DNA (Oropharynx), Ng Detection, PCR, Oropharyngeal Swab, Ng in Oropharynx"
Выявление ДНК Neisseria gonorrhoeae,Выявление ДНК Neisseria gonorrhoeae,Соскоб эпит. клет. другой,,,не обнаружено,,,,Полимеразная цепная реакция в режиме реального времени,ПЦР-ДИАГНОСТИКА ИНФЕКЦИЙ		,ПЦР-диагностика возбудителей ИППП		,"Neisseria gonorrhoeae, ДНК (другие эпителиальные клетки), ПЦР (другое), Ng (неуточнённая локализация)","Neisseria gonorrhoeae, DNA (Other Epithelial Cells), Ng Detection, PCR (Other Site), Ng (Unspecified)"
Выявление ДНК Neisseria gonorrhoeae,Выявление ДНК Neisseria gonorrhoeae,Моча разовая (первая порция),,,не обнаружено,,,,Полимеразная цепная реакция в режиме реального времени,ПЦР-ДИАГНОСТИКА ИНФЕКЦИЙ		,ПЦР-диагностика возбудителей ИППП		,"Neisseria gonorrhoeae, ДНК (моча), ПЦР в моче, Ng в моче","Neisseria gonorrhoeae, DNA (Urine), Ng Detection, PCR, Urine, Ng in Urine"
Выявление ДНК Neisseria gonorrhoeae,Выявление ДНК Neisseria gonorrhoeae,Секрет предстат. железы,,,не обнаружено,,,,Полимеразная цепная реакция в режиме реального времени,ПЦР-ДИАГНОСТИКА ИНФЕКЦИЙ		,ПЦР-диагностика возбудителей ИППП		,"Neisseria gonorrhoeae, ДНК (секрет простаты), ПЦР в секрете простаты, Ng в секрете","Neisseria gonorrhoeae, DNA (Prostatic Secretion), Ng Detection, PCR, Prostatic Fluid, Ng in Prostatic Secretion"
Выявление ДНК Neisseria gonorrhoeae,Выявление ДНК Neisseria gonorrhoeae,Сперма,,,не обнаружено,,,,Полимеразная цепная реакция в режиме реального времени,ПЦР-ДИАГНОСТИКА ИНФЕКЦИЙ		,ПЦР-диагностика возбудителей ИППП		,"Neisseria gonorrhoeae, ДНК (семенная жидкость), ПЦР в сперме, Ng в сперме","Neisseria gonorrhoeae, DNA (Semen), Ng Detection, PCR, Semen, Ng in Semen"
Выявление ДНК Gardnerella vaginalis,Выявление ДНК Gardnerella vaginalis,Соскоб из уретры,,,не обнаружено,,,,Полимеразная цепная реакция в режиме реального времени,ПЦР-ДИАГНОСТИКА ИНФЕКЦИЙ		,ПЦР-диагностика возбудителей ИППП		,"Gardnerella vaginalis, ДНК, ПЦР из уретры, гарднерелла в уретре","Gardnerella vaginalis, DNA, Gv DNA Detection, PCR, Urethral Swab, Gv in Urethra"
Выявление ДНК Gardnerella vaginalis,Выявление ДНК Gardnerella vaginalis,Соскоб из цервик. канала,,,не обнаружено,,,,Полимеразная цепная реакция в режиме реального времени,ПЦР-ДИАГНОСТИКА ИНФЕКЦИЙ		,ПЦР-диагностика возбудителей ИППП		,"Gardnerella vaginalis, ДНК, ПЦР из цервик. канала, гарднерелла в церв. канале","Gardnerella vaginalis, DNA, Gv DNA Detection, PCR, Cervical Swab, Gv in Cervical Canal"
Выявление ДНК Gardnerella vaginalis,Выявление ДНК Gardnerella vaginalis,Соскоб с задней стенки влагалища,,,не обнаружено,,,,Полимеразная цепная реакция в режиме реального времени,ПЦР-ДИАГНОСТИКА ИНФЕКЦИЙ		,ПЦР-диагностика возбудителей ИППП		,"Gardnerella vaginalis, ДНК (влагалище), ПЦР со стенки влагалища, Gv в вагинальном секрете","Gardnerella vaginalis, DNA, Vaginal Swab, Gv Detection, PCR, Gv in Vaginal Secretions"
Выявление ДНК Gardnerella vaginalis,Выявление ДНК Gardnerella vaginalis,Моча разовая (первая порция),,,не обнаружено,,,,Полимеразная цепная реакция в режиме реального времени,ПЦР-ДИАГНОСТИКА ИНФЕКЦИЙ		,ПЦР-диагностика возбудителей ИППП		,"Gardnerella vaginalis, ДНК (моча), ПЦР в моче, Gv в моче","Gardnerella vaginalis, DNA (Urine), Gv Detection, PCR, Urine, Gv in Urine"
Выявление ДНК Gardnerella vaginalis,Выявление ДНК Gardnerella vaginalis,Секрет предстат. железы,,,не обнаружено,,,,Полимеразная цепная реакция в режиме реального времени,ПЦР-ДИАГНОСТИКА ИНФЕКЦИЙ		,ПЦР-диагностика возбудителей ИППП		,"Gardnerella vaginalis, ДНК (секрет простаты), ПЦР в секрете простаты, Gv в секрете","Gardnerella vaginalis, DNA (Prostatic Secretion), Gv Detection, PCR, Prostatic Fluid, Gv in Prostatic Secretion"
Выявление ДНК Gardnerella vaginalis,Выявление ДНК Gardnerella vaginalis,Сперма,,,не обнаружено,,,,Полимеразная цепная реакция в режиме реального времени,ПЦР-ДИАГНОСТИКА ИНФЕКЦИЙ		,ПЦР-диагностика возбудителей ИППП		,"Gardnerella vaginalis, ДНК (семенная жидкость), ПЦР в сперме, Gv в сперме","Gardnerella vaginalis, DNA (Semen), Gv Detection, PCR, Semen, Gv in Semen"
Выявление ДНК Streptococcus agalactiae (гемолитический стрептококк группы В),Выявление ДНК Streptococcus agalactiae (гемолитический стрептококк группы В),Соскоб из уретры,,,не обнаружено,,,,Полимеразная цепная реакция в режиме реального времени,ПЦР-ДИАГНОСТИКА ИНФЕКЦИЙ		,ПЦР-диагностика возбудителей ИППП		,"Streptococcus agalactiae, ДНК, ПЦР из уретры, стрептококк группы В, GBS в уретре","Streptococcus agalactiae, DNA, GBS DNA Detection, PCR, Urethral Swab, GBS in Urethra"
Выявление ДНК Streptococcus agalactiae (гемолитический стрептококк группы В),Выявление ДНК Streptococcus agalactiae (гемолитический стрептококк группы В),Соскоб из цервик. канала,,,не обнаружено,,,,Полимеразная цепная реакция в режиме реального времени,ПЦР-ДИАГНОСТИКА ИНФЕКЦИЙ		,ПЦР-диагностика возбудителей ИППП		,"Streptococcus agalactiae, ДНК, ПЦР из цервик. канала, стрептококк группы В в церв. канале","Streptococcus agalactiae, DNA, GBS DNA Detection, PCR, Cervical Swab, GBS in Cervical Canal"
Выявление ДНК Streptococcus agalactiae (гемолитический стрептококк группы В),Выявление ДНК Streptococcus agalactiae (гемолитический стрептококк группы В),Соскоб с задней стенки влагалища,,,не обнаружено,,,,Полимеразная цепная реакция в режиме реального времени,ПЦР-ДИАГНОСТИКА ИНФЕКЦИЙ		,ПЦР-диагностика возбудителей ИППП		,"Streptococcus agalactiae, ДНК (влагалище), ПЦР со стенки влагалища, GBS в вагинальном секрете","Streptococcus agalactiae, DNA, Vaginal Swab, GBS Detection, PCR, GBS in Vaginal Secretions"
Выявление ДНК Streptococcus agalactiae (гемолитический стрептококк группы В),Выявление ДНК Streptococcus agalactiae (гемолитический стрептококк группы В),Моча разовая (первая порция),,,не обнаружено,,,,Полимеразная цепная реакция в режиме реального времени,ПЦР-ДИАГНОСТИКА ИНФЕКЦИЙ		,ПЦР-диагностика возбудителей ИППП		,"Streptococcus agalactiae, ДНК (моча), ПЦР в моче, GBS в моче","Streptococcus agalactiae, DNA (Urine), GBS Detection, PCR, Urine, GBS in Urine"
Выявление ДНК Streptococcus agalactiae (гемолитический стрептококк группы В),Выявление ДНК Streptococcus agalactiae (гемолитический стрептококк группы В),Секрет предстат. железы,,,не обнаружено,,,,Полимеразная цепная реакция в режиме реального времени,ПЦР-ДИАГНОСТИКА ИНФЕКЦИЙ		,ПЦР-диагностика возбудителей ИППП		,"Streptococcus agalactiae, ДНК (секрет простаты), ПЦР в секрете простаты, GBS в секрете","Streptococcus agalactiae, DNA (Prostatic Secretion), GBS Detection, PCR, Prostatic Fluid, GBS in Prostatic Secretion"
Выявление ДНК Streptococcus agalactiae (гемолитический стрептококк группы В),Выявление ДНК Streptococcus agalactiae (гемолитический стрептококк группы В),Сперма,,,не обнаружено,,,,Полимеразная цепная реакция в режиме реального времени,ПЦР-ДИАГНОСТИКА ИНФЕКЦИЙ		,ПЦР-диагностика возбудителей ИППП		,"Streptococcus agalactiae, ДНК (семенная жидкость), ПЦР в сперме, GBS в сперме","Streptococcus agalactiae, DNA (Semen), GBS Detection, PCR, Semen, GBS in Semen"
Выявление ДНК Candida albicans,Выявление ДНК Candida albicans,Соскоб из уретры,,,не обнаружено,,,,Полимеразная цепная реакция в режиме реального времени,ПЦР-ДИАГНОСТИКА ИНФЕКЦИЙ		,ПЦР-диагностика возбудителей ИППП		,"Candida albicans, ДНК, ПЦР из уретры, кандида альбиканс, Ca в уретре","Candida albicans, DNA, Ca DNA Detection, PCR, Urethral Swab, Ca in Urethra"
Выявление ДНК Candida albicans,Выявление ДНК Candida albicans,Соскоб из цервик. канала,,,не обнаружено,,,,Полимеразная цепная реакция в режиме реального времени,ПЦР-ДИАГНОСТИКА ИНФЕКЦИЙ		,ПЦР-диагностика возбудителей ИППП		,"Candida albicans, ДНК, ПЦР из цервик. канала, кандида альбиканс в церв. канале","Candida albicans, DNA, Ca DNA Detection, PCR, Cervical Swab, Ca in Cervical Canal"
Выявление ДНК Candida albicans,Выявление ДНК Candida albicans,Соскоб с задней стенки влагалища,,,не обнаружено,,,,Полимеразная цепная реакция в режиме реального времени,ПЦР-ДИАГНОСТИКА ИНФЕКЦИЙ		,ПЦР-диагностика возбудителей ИППП		,"Candida albicans, ДНК (влагалище), ПЦР со стенки влагалища, Ca в вагинальном секрете","Candida albicans, DNA, Vaginal Swab, Ca Detection, PCR, Ca in Vaginal Secretions"
Выявление ДНК Candida albicans,Выявление ДНК Candida albicans,Моча разовая (первая порция),,,не обнаружено,,,,Полимеразная цепная реакция в режиме реального времени,ПЦР-ДИАГНОСТИКА ИНФЕКЦИЙ		,ПЦР-диагностика возбудителей ИППП		,"Candida albicans, ДНК (моча), ПЦР в моче, Ca в моче","Candida albicans, DNA (Urine), Ca Detection, PCR, Urine, Ca in Urine"
Выявление ДНК Candida albicans,Выявление ДНК Candida albicans,Секрет предстат. железы,,,не обнаружено,,,,Полимеразная цепная реакция в режиме реального времени,ПЦР-ДИАГНОСТИКА ИНФЕКЦИЙ		,ПЦР-диагностика возбудителей ИППП		,"Candida albicans, ДНК (секрет простаты), ПЦР в секрете простаты, Ca в секрете","Candida albicans, DNA (Prostatic Secretion), Ca Detection, PCR, Prostatic Fluid, Ca in Prostatic Secretion"
Выявление ДНК Candida albicans,Выявление ДНК Candida albicans,Сперма,,,не обнаружено,,,,Полимеразная цепная реакция в режиме реального времени,ПЦР-ДИАГНОСТИКА ИНФЕКЦИЙ		,ПЦР-диагностика возбудителей ИППП		,"Candida albicans, ДНК (семенная жидкость), ПЦР в сперме, Ca в сперме","Candida albicans, DNA (Semen), Ca Detection, PCR, Semen, Ca in Semen"
Выявление ДНК возбудителей кандидоза с типированием до вида (C.albicans / C.glabrata / C.krusei),Candida albicans,Соскоб из уретры,,,не обнаружено,,,,Полимеразная цепная реакция в режиме реального времени,ПЦР-ДИАГНОСТИКА ИНФЕКЦИЙ		,ПЦР-диагностика возбудителей ИППП		,"Candida spp., ДНК с типированием, ПЦР на C. albicans/glabrata/krusei, кандидоз, идентификация вида, Ca/Cg/Ck в уретре","Candida spp., DNA with Speciation, Candida albicans/glabrata/krusei Detection, PCR, Urethral Swab, Ca/Cg/Ck in Urethra"
,Candida glabrata,,,,не обнаружено,,,,,,,,
,Candida krusei,,,,не обнаружено,,,,,,,,
Выявление ДНК возбудителей кандидоза с типированием до вида (C.albicans / C.glabrata / C.krusei),Candida albicans,Соскоб из цервик. канала,,,не обнаружено,,,,Полимеразная цепная реакция в режиме реального времени,ПЦР-ДИАГНОСТИКА ИНФЕКЦИЙ		,ПЦР-диагностика возбудителей ИППП		,"Candida spp., ДНК с типированием, ПЦР на C. albicans/glabrata/krusei, кандидоз, идентификация вида, Ca/Cg/Ck в церв. канале","Candida spp., DNA with Speciation, Candida albicans/glabrata/krusei Detection, PCR, Cervical Swab, Ca/Cg/Ck in Cervical Canal"
,Candida glabrata,,,,не обнаружено,,,,,,,,
,Candida krusei,,,,не обнаружено,,,,,,,,
Выявление ДНК возбудителей кандидоза с типированием до вида (C.albicans / C.glabrata / C.krusei),Candida albicans,Соскоб с задней стенки влагалища,,,не обнаружено,,,,Полимеразная цепная реакция в режиме реального времени,ПЦР-ДИАГНОСТИКА ИНФЕКЦИЙ		,ПЦР-диагностика возбудителей ИППП		,"Candida spp., ДНК с типированием, ПЦР со стенки влагалища, Ca/Cg/Ck в вагинальном секрете, идентификация видов кандид","Candida spp., DNA with Speciation, Vaginal Swab, Candida albicans/glabrata/krusei Detection, PCR, Ca/Cg/Ck in Vaginal Secretions"
,Candida glabrata,,,,не обнаружено,,,,,,,,
,Candida krusei,,,,не обнаружено,,,,,,,,
Выявление ДНК возбудителей кандидоза с типированием до вида (C.albicans / C.glabrata / C.krusei),Candida albicans,Моча разовая (первая порция),,,не обнаружено,,,,Полимеразная цепная реакция в режиме реального времени,ПЦР-ДИАГНОСТИКА ИНФЕКЦИЙ		,ПЦР-диагностика возбудителей ИППП		,"Candida spp., ДНК с типированием, ПЦР в моче, Ca/Cg/Ck в моче, идентификация вида кандид","Candida spp., DNA with Speciation, Urine PCR, Candida albicans/glabrata/krusei Detection, Ca/Cg/Ck in Urine"
,Candida glabrata,,,,не обнаружено,,,,,,,,
,Candida krusei,,,,не обнаружено,,,,,,,,
Выявление ДНК возбудителей кандидоза с типированием до вида (C.albicans / C.glabrata / C.krusei),Candida albicans,Секрет предстат. железы,,,не обнаружено,,,,Полимеразная цепная реакция в режиме реального времени,ПЦР-ДИАГНОСТИКА ИНФЕКЦИЙ		,ПЦР-диагностика возбудителей ИППП		,"Candida spp., ДНК с типированием, ПЦР в секрете простаты, Ca/Cg/Ck в секрете","Candida spp., DNA with Speciation, Prostatic Secretion, Candida albicans/glabrata/krusei Detection, PCR, Ca/Cg/Ck in Prostatic Secretion"
,Candida glabrata,,,,не обнаружено,,,,,,,,
,Candida krusei,,,,не обнаружено,,,,,,,,
Выявление ДНК возбудителей кандидоза с типированием до вида (C.albicans / C.glabrata / C.krusei),Candida albicans,Сперма,,,не обнаружено,,,,Полимеразная цепная реакция в режиме реального времени,ПЦР-ДИАГНОСТИКА ИНФЕКЦИЙ		,ПЦР-диагностика возбудителей ИППП		,"Candida spp., ДНК с типированием, ПЦР в сперме, Ca/Cg/Ck в сперме","Candida spp., DNA with Speciation, Semen PCR, Candida albicans/glabrata/krusei Detection, Ca/Cg/Ck in Semen"
,Candida glabrata,,,,не обнаружено,,,,,,,,
,Candida krusei,,,,не обнаружено,,,,,,,,
Выявление ДНК Trichomonas vaginalis,Выявление ДНК Trichomonas vaginalis,Соскоб из уретры,,,не обнаружено,,,,Полимеразная цепная реакция в режиме реального времени,ПЦР-ДИАГНОСТИКА ИНФЕКЦИЙ		,ПЦР-диагностика возбудителей ИППП		,"Trichomonas vaginalis, ДНК, ПЦР из уретры, трихомонады, TV в уретре","Trichomonas vaginalis, DNA, TV Detection, PCR, Urethral Swab, TV in Urethra"
Выявление ДНК Trichomonas vaginalis,Выявление ДНК Trichomonas vaginalis,Соскоб из цервик. канала,,,не обнаружено,,,,Полимеразная цепная реакция в режиме реального времени,ПЦР-ДИАГНОСТИКА ИНФЕКЦИЙ		,ПЦР-диагностика возбудителей ИППП		,"Trichomonas vaginalis, ДНК, ПЦР из цервик. канала, трихомонады в церв. канале","Trichomonas vaginalis, DNA, TV Detection, PCR, Cervical Swab, TV in Cervical Canal"
Выявление ДНК Trichomonas vaginalis,Выявление ДНК Trichomonas vaginalis,Соскоб с задней стенки влагалища,,,не обнаружено,,,,Полимеразная цепная реакция в режиме реального времени,ПЦР-ДИАГНОСТИКА ИНФЕКЦИЙ		,ПЦР-диагностика возбудителей ИППП		,"Trichomonas vaginalis, ДНК (влагалище), ПЦР со стенки влагалища, TV в вагинальном секрете","Trichomonas vaginalis, DNA, Vaginal Swab, TV Detection, PCR, TV in Vaginal Secretions"
Выявление ДНК Trichomonas vaginalis,Выявление ДНК Trichomonas vaginalis,Соскоб эпит. клет. другой,,,не обнаружено,,,,Полимеразная цепная реакция в режиме реального времени,ПЦР-ДИАГНОСТИКА ИНФЕКЦИЙ		,ПЦР-диагностика возбудителей ИППП		,"Trichomonas vaginalis, ДНК (другие эпителиальные клетки), ПЦР (другое), TV (неуточнённая локализация)","Trichomonas vaginalis, DNA (Other Epithelial Cells), TV Detection, PCR (Other Site), TV (Unspecified)"
Выявление ДНК Trichomonas vaginalis,Выявление ДНК Trichomonas vaginalis,Моча разовая (первая порция),,,не обнаружено,,,,Полимеразная цепная реакция в режиме реального времени,ПЦР-ДИАГНОСТИКА ИНФЕКЦИЙ		,ПЦР-диагностика возбудителей ИППП		,"Trichomonas vaginalis, ДНК (моча), ПЦР в моче, TV в моче","Trichomonas vaginalis, DNA (Urine), TV Detection, PCR, Urine, TV in Urine"
Выявление ДНК Trichomonas vaginalis,Выявление ДНК Trichomonas vaginalis,Секрет предстат. железы,,,не обнаружено,,,,Полимеразная цепная реакция в режиме реального времени,ПЦР-ДИАГНОСТИКА ИНФЕКЦИЙ		,ПЦР-диагностика возбудителей ИППП		,"Trichomonas vaginalis, ДНК (секрет простаты), ПЦР в секрете простаты, TV в секрете","Trichomonas vaginalis, DNA (Prostatic Secretion), TV Detection, PCR, Prostatic Fluid, TV in Prostatic Secretion"
Выявление ДНК Trichomonas vaginalis,Выявление ДНК Trichomonas vaginalis,Сперма,,,не обнаружено,,,,Полимеразная цепная реакция в режиме реального времени,ПЦР-ДИАГНОСТИКА ИНФЕКЦИЙ		,ПЦР-диагностика возбудителей ИППП		,"Trichomonas vaginalis, ДНК (семенная жидкость), ПЦР в сперме, TV в сперме","Trichomonas vaginalis, DNA (Semen), TV Detection, PCR, Semen, TV in Semen"
Обнаружение ДНК возбудителя сифилиса (Treponema pallidum),Обнаружение ДНК возбудителя сифилиса (Treponema pallidum),Соскоб из уретры,,,не обнаружено,,,,Полимеразная цепная реакция в режиме реального времени,ПЦР-ДИАГНОСТИКА ИНФЕКЦИЙ		,Диагностика сифилиса		,"Treponema pallidum, ДНК, ПЦР из уретры, бледная трепонема, TP в уретре","Treponema pallidum, DNA, TP Detection, PCR, Urethral Swab, TP in Urethra"
Обнаружение ДНК возбудителя сифилиса (Treponema pallidum),Обнаружение ДНК возбудителя сифилиса (Treponema pallidum),Соскоб из цервик. канала,,,не обнаружено,,,,Полимеразная цепная реакция в режиме реального времени,ПЦР-ДИАГНОСТИКА ИНФЕКЦИЙ		,Диагностика сифилиса		,"Treponema pallidum, ДНК, ПЦР из цервик. канала, бледная трепонема, TP в церв. канале","Treponema pallidum, DNA, TP Detection, PCR, Cervical Swab, TP in Cervical Canal"
Обнаружение ДНК возбудителя сифилиса (Treponema pallidum),Обнаружение ДНК возбудителя сифилиса (Treponema pallidum),Соскоб с задней стенки влагалища,,,не обнаружено,,,,Полимеразная цепная реакция в режиме реального времени,ПЦР-ДИАГНОСТИКА ИНФЕКЦИЙ		,Диагностика сифилиса		,"Treponema pallidum, ДНК (влагалище), ПЦР со стенки влагалища, TP в вагинальном секрете","Treponema pallidum, DNA, Vaginal Swab, TP Detection, PCR, TP in Vaginal Secretions"
Обнаружение ДНК возбудителя сифилиса (Treponema pallidum),Обнаружение ДНК возбудителя сифилиса (Treponema pallidum),Соскоб эпит. клет. другой,,,не обнаружено,,,,Полимеразная цепная реакция в режиме реального времени,ПЦР-ДИАГНОСТИКА ИНФЕКЦИЙ		,Диагностика сифилиса		,"Treponema pallidum, ДНК (другие эпителиальные клетки), ПЦР (другое), TP (неуточнённая локализация)","Treponema pallidum, DNA (Other Epithelial Cells), TP Detection, PCR (Other Site), TP (Unspecified)"
Обнаружение ДНК возбудителя сифилиса (Treponema pallidum),Обнаружение ДНК возбудителя сифилиса (Treponema pallidum),Ликвор,,,не обнаружено,,,,Полимеразная цепная реакция в режиме реального времени,ПЦР-ДИАГНОСТИКА ИНФЕКЦИЙ		,Диагностика сифилиса		,"Treponema pallidum, ДНК (ликвор), ПЦР в спинномозговой жидкости, нейросифилис, TP в ЦСЖ","Treponema pallidum, DNA (CSF), TP Detection, PCR, Cerebrospinal Fluid, TP in CSF"
Обнаружение ДНК возбудителя сифилиса (Treponema pallidum),Обнаружение ДНК возбудителя сифилиса (Treponema pallidum),"Выпоты, транссудаты, экссудаты",,,не обнаружено,,,,Полимеразная цепная реакция в режиме реального времени,ПЦР-ДИАГНОСТИКА ИНФЕКЦИЙ		,Диагностика сифилиса		,"Treponema pallidum, ДНК (выпот), ПЦР в экссудате, TP в жидкости полостей","Treponema pallidum, DNA (Effusion), TP Detection, PCR, Body Fluid, TP in Effusion"
Обнаружение ДНК возбудителя сифилиса (Treponema pallidum),Обнаружение ДНК возбудителя сифилиса (Treponema pallidum),Биолог. жидк.,,,не обнаружено,,,,Полимеразная цепная реакция в режиме реального времени,ПЦР-ДИАГНОСТИКА ИНФЕКЦИЙ		,Диагностика сифилиса		,"Treponema pallidum, ДНК (биологическая жидкость), ПЦР в биожидкости, TP (неуточнённая локализация)","Treponema pallidum, DNA (Biological Fluid), TP Detection, PCR, Biological Fluid, TP (Unspecified)"
Обнаружение ДНК возбудителя сифилиса (Treponema pallidum),Обнаружение ДНК возбудителя сифилиса (Treponema pallidum),Кровь ЭДТА,,,не обнаружено,,,,Полимеразная цепная реакция в режиме реального времени,ПЦР-ДИАГНОСТИКА ИНФЕКЦИЙ		,Диагностика сифилиса		,"Treponema pallidum, ДНК, ПЦР, бледная трепонема, молекулярное выявление TP, вирусемия","Treponema pallidum, DNA, TP Detection, PCR, Molecular Detection, TP Viremia"
Выявление ДНК Helicobacter pylori,Выявление ДНК Helicobacter pylori,Биоптат,,,не обнаружено,,,,Полимеразная цепная реакция в режиме реального времени,ПЦР-ДИАГНОСТИКА ИНФЕКЦИЙ		,ПЦР-диагностика прочих инфекций		,"Helicobacter pylori, ДНК, ПЦР в биоптате, HP в образце слизистой, идентификация HP в ткани","Helicobacter pylori, DNA, HP Detection, PCR, Biopsy, HP in Gastric Tissue"
Выявление ДНК Helicobacter pylori,Выявление ДНК Helicobacter pylori,Желудочный сок,,,не обнаружено,,,,Полимеразная цепная реакция в режиме реального времени,ПЦР-ДИАГНОСТИКА ИНФЕКЦИЙ		,ПЦР-диагностика прочих инфекций		,"Helicobacter pylori, ДНК (желудочный сок), ПЦР в соке, HP в аспирате","Helicobacter pylori, DNA (Gastric Juice), HP Detection, PCR, Gastric Aspirate, HP in Gastric Secretions"
Выявление ДНК Toxoplasma gondii,Выявление ДНК Toxoplasma gondii,"Выпоты, транссудаты, экссудаты",,,не обнаружено,,,,Полимеразная цепная реакция в режиме реального времени,ПЦР-ДИАГНОСТИКА ИНФЕКЦИЙ		,ПЦР-диагностика прочих инфекций		,"Toxoplasma gondii, ДНК (выпот), ПЦР в экссудате, токсоплазма в жидкости полостей","Toxoplasma gondii, DNA (Effusion), Toxoplasma Detection, PCR, Body Fluid, Toxoplasma in Effusion"
Выявление ДНК Toxoplasma gondii,Выявление ДНК Toxoplasma gondii,Биолог. жидк.,,,не обнаружено,,,,Полимеразная цепная реакция в режиме реального времени,ПЦР-ДИАГНОСТИКА ИНФЕКЦИЙ		,ПЦР-диагностика прочих инфекций		,"Toxoplasma gondii, ДНК (биологическая жидкость), ПЦР в биожидкости, Toxoplasma (неуточнённая локализация)","Toxoplasma gondii, DNA (Biological Fluid), Toxoplasma Detection, PCR, Biological Fluid, Toxoplasma (Unspecified)"
Выявление ДНК Toxoplasma gondii,Выявление ДНК Toxoplasma gondii,Кровь ЭДТА,,,не обнаружено,,,,Полимеразная цепная реакция в режиме реального времени,ПЦР-ДИАГНОСТИКА ИНФЕКЦИЙ		,ПЦР-диагностика прочих инфекций		,"Toxoplasma gondii, ДНК, ПЦР, токсоплазма, молекулярное выявление Toxoplasma, вирусемия","Toxoplasma gondii, DNA, Toxoplasma Detection, PCR, Molecular Detection, Toxoplasma Viremia"
Выявление ДНК Toxoplasma gondii,Выявление ДНК Toxoplasma gondii,Ликвор,,,не обнаружено,,,,Полимеразная цепная реакция в режиме реального времени,ПЦР-ДИАГНОСТИКА ИНФЕКЦИЙ		,ПЦР-диагностика прочих инфекций		,"Toxoplasma gondii, ДНК (ликвор), ПЦР в спинномозговой жидкости, токсоплазмоз ЦНС, Toxoplasma в ЦСЖ","Toxoplasma gondii, DNA (CSF), Toxoplasma Detection, PCR, Cerebrospinal Fluid, Toxoplasma in CSF"
Выявление ДНК Candida albicans,Выявление ДНК Candida albicans,Соскоб эпит. клет. другой,,,не обнаружено,,,,Полимеразная цепная реакция в режиме реального времени,ПЦР-ДИАГНОСТИКА ИНФЕКЦИЙ		,ПЦР-диагностика прочих инфекций		,"Candida albicans, ДНК (другие эпителиальные клетки), ПЦР (другое), Ca в неуточнённой локализации","Candida albicans, DNA (Other Epithelial Cells), Ca Detection, PCR (Other Site), Ca (Unspecified)"
Выявление ДНК Listeria monocitogenes,Выявление ДНК Listeria monocitogenes,Кровь ЭДТА,,,не обнаружено,,,,Полимеразная цепная реакция в режиме реального времени,ПЦР-ДИАГНОСТИКА ИНФЕКЦИЙ		,ПЦР-диагностика прочих инфекций		,"Listeria monocytogenes, ДНК, ПЦР, листерия, молекулярное выявление Lm, вирусемия","Listeria monocytogenes, DNA, Lm Detection, PCR, Molecular Detection, Lm Viremia"
Выявление ДНК Listeria monocitogenes,Выявление ДНК Listeria monocitogenes,Ликвор,,,не обнаружено,,,,Полимеразная цепная реакция в режиме реального времени,ПЦР-ДИАГНОСТИКА ИНФЕКЦИЙ		,ПЦР-диагностика прочих инфекций		,"Listeria monocytogenes, ДНК (ликвор), ПЦР в спинномозговой жидкости, листериоз ЦНС, Lm в ЦСЖ","Listeria monocytogenes, DNA (CSF), Lm Detection, PCR, Cerebrospinal Fluid, Lm in CSF"
Выявление ДНК Listeria monocitogenes,Выявление ДНК Listeria monocitogenes,Соскоб эпит. кл. из носогл.,,,не обнаружено,,,,Полимеразная цепная реакция в режиме реального времени,ПЦР-ДИАГНОСТИКА ИНФЕКЦИЙ		,ПЦР-диагностика прочих инфекций		,"Listeria monocytogenes, ДНК (носоглотка), ПЦР из носоглотки, Lm в носоглотке","Listeria monocytogenes, DNA (Nasopharynx), Lm Detection, PCR, Nasopharyngeal Swab, Lm in Nasopharynx"
Выявление ДНК Listeria monocitogenes,Выявление ДНК Listeria monocitogenes,Соскоб эпит. кл. из ротогл.,,,не обнаружено,,,,Полимеразная цепная реакция в режиме реального времени,ПЦР-ДИАГНОСТИКА ИНФЕКЦИЙ		,ПЦР-диагностика прочих инфекций		,"Listeria monocytogenes, ДНК (ротоглотка), ПЦР из ротоглотки, Lm в ротоглотке","Listeria monocytogenes, DNA (Oropharynx), Lm Detection, PCR, Oropharyngeal Swab, Lm in Oropharynx"
Выявление ДНК Listeria monocitogenes,Выявление ДНК Listeria monocitogenes,Соскоб эпит. клет. другой,,,не обнаружено,,,,Полимеразная цепная реакция в режиме реального времени,ПЦР-ДИАГНОСТИКА ИНФЕКЦИЙ		,ПЦР-диагностика прочих инфекций		,"Listeria monocytogenes, ДНК (другие эпителиальные клетки), ПЦР (другое), Lm (неуточнённая локализация)","Listeria monocytogenes, DNA (Other Epithelial Cells), Lm Detection, PCR (Other Site), Lm (Unspecified)"
Выявление ДНК Listeria monocitogenes,Выявление ДНК Listeria monocitogenes,Биоптат,,,не обнаружено,,,,Полимеразная цепная реакция в режиме реального времени,ПЦР-ДИАГНОСТИКА ИНФЕКЦИЙ		,ПЦР-диагностика прочих инфекций		,"Listeria monocytogenes, ДНК (ткань), ПЦР в биоптате, Lm в образце ткани","Listeria monocytogenes, DNA (Tissue), Lm Detection, PCR, Biopsy, Lm in Tissue"
Фемофлор - 16,Lactobacillus spp.,Соскоб урогенитальный,,,,,,,Полимеразная цепная реакция в режиме реального времени,ПЦР-ДИАГНОСТИКА ИНФЕКЦИЙ		,Количественное исследование биоценоза влагалища (ПЦР)		,"Лактобациллы, Фемофлор 16; Лактобактерии, Фемофлор 16; Палочки Додерляйна, Фемофлор 16; Молочнокислые бактерии, Фемофлор 16; Lactobacillus, Фемофлор 16; Бактерии нормоценоза, Фемофлор 16; Ацидофильные палочки, Фемофлор 16","Lactobacillus species, Femoflor 16; Lactobacilli, Femoflor 16; Döderlein's bacilli, Femoflor 16; Lactic acid bacteria, Femoflor 16; Lactobacillus, Femoflor 16; Normal flora bacteria, Femoflor 16; Acidophilic rods, Femoflor 16"
,Семейство Enterobacteriaceae,,,,,,,,,,,"Энтеробактерии, Фемофлор 16; Энтеробактериaceae, Фемофлор 16; Грамотрицательные палочки, Фемофлор 16; Кишечные палочки, Фемофлор 16; Условно-патогенные энтеробактерии, Фемофлор 16; Enterobacteriaceae, Фемофлор 16; Факультативные анаэробы, Фемофлор 16","Enterobacteriaceae, Femoflor 16; Enterobacteriaceae family, Femoflor 16; Gram-negative rods, Femoflor 16; Intestinal rods, Femoflor 16; Opportunistic enterobacteria, Femoflor 16; Facultative anaerobes, Femoflor 16; Rod-shaped bacteria, Femoflor 16"
,Streptococcus spp,,,,,,,,,,,"Стрептококки, Фемофлор 16; Гемолитический стрептококк, Фемофлор 16; Streptococcus, Фемофлор 16; Альфа- и бета-гемолитические стрептококки, Фемофлор 16; Условно-патогенные стрептококки, Фемофлор 16; Стрептококки группы В, Фемофлор 16; Гроздевидные бактерии, Фемофлор 16","Streptococcus species, Femoflor 16; Streptococci, Femoflor 16; Hemolytic streptococcus, Femoflor 16; Alpha- and beta-hemolytic streptococci, Femoflor 16; Opportunistic streptococci, Femoflor 16; Group B streptococcus, Femoflor 16; Grape-like cocci, Femoflor 16"
,Staphylococcus spp,,,,,,,,,,,"Стафилококки, Фемофлор 16; Золотистый стафилококк, Фемофлор 16; Staphylococcus, Фемофлор 16; Условно-патогенные кокки, Фемофлор 16; Гроздевидные кокки, Фемофлор 16; Эпидермальный стафилококк, Фемофлор 16; Кожные кокки, Фемофлор 16","Staphylococcus species, Femoflor 16; Staphylococci, Femoflor 16; Staphylococcus, Femoflor 16; Opportunistic cocci, Femoflor 16; Grape-like cocci, Femoflor 16; Coagulase-negative staphylococci, Femoflor 16; Skin-associated cocci, Femoflor 16"
,"Gardnerella vaginalis, Prevotella bivia, Porphyromonas spp.",,,,,,,,,,,"Гарднерелла и анаэробные бактерии, Фемофлор 16; G. vaginalis / P. bivia / Porphyromonas, Фемофлор 16; Ассоциированные анаэробы, Фемофлор 16; Бактерии бактериального вагиноза, Фемофлор 16; Комплекс Gardnerella-Prevotella-Porphyromonas, Фемофлор 16; Условно-патогенные анаэробы, Фемофлор 16; Anaerobic mix, Фемофлор 16","Gardnerella vaginalis, Prevotella bivia, Porphyromonas spp., Femoflor 16; G. vaginalis / P. bivia / Porphyromonas, Femoflor 16; Anaerobic bacteria complex, Femoflor 16; BV-associated bacteria, Femoflor 16; Gardnerella-Prevotella-Porphyromonas complex, Femoflor 16; Opportunistic anaerobes, Femoflor 16; Mixed anaerobes, Femoflor 16"
,Eubacterium spp.,,,,,,,,,,,"Эубактерии, Фемофлор 16; Eubacterium, Фемофлор 16; Ацидофильные анаэробы, Фемофлор 16; Ферментирующие бактерии, Фемофлор 16; Условно-патогенные анаэробы, Фемофлор 16; Эубактерии толстой кишки, Фемофлор 16; Спорулирующие бактерии, Фемофлор 16","Eubacterium species, Femoflor 16; Eubacteria, Femoflor 16; Acidophilic anaerobes, Femoflor 16; Fermenting bacteria, Femoflor 16; Opportunistic anaerobes, Femoflor 16; Colon anaerobes, Femoflor 16; Spore-forming bacteria, Femoflor 16"
,"Sneathia spp., Leptotrihia spp., Fusobacterium spp.",,,,,,,,,,,"Sneathia, Leptotrichia, Fusobacterium, Фемофлор 16; Полиморфные палочки, Фемофлор 16; Анаэробные грамотрицательные бактерии, Фемофлор 16; Бактерии с высокой ассоциацией с BV, Фемофлор 16; Условно-патогенные анаэробы, Фемофлор 16; BV-ассоциированные бактерии, Фемофлор 16; Микроорганизмы при дисбиозе, Фемофлор 16","Sneathia spp., Leptotrichia spp., Fusobacterium spp., Femoflor 16; Polymorphic rods, Femoflor 16; Anaerobic gram-negative bacteria, Femoflor 16; BV-associated bacteria, Femoflor 16; Opportunistic anaerobes, Femoflor 16; Bacteria linked to bacterial vaginosis, Femoflor 16; Dysbiosis-associated microorganisms, Femoflor 16"
,"Veilonella spp., Megasphaera spp., Dialister spp.",,,,,,,,,,,"Veillonella, Megasphaera, Dialister, Фемофлор 16; Анаэробные кокки и палочки, Фемофлор 16; Микробный комплекс BV, Фемофлор 16; Условно-патогенные анаэробы, Фемофлор 16; Ферментирующие бактерии, Фемофлор 16; BV-ассоциированные микроорганизмы, Фемофлор 16; Полиморфные анаэробы, Фемофлор 16","Veillonella spp., Megasphaera spp., Dialister spp., Femoflor 16; Anaerobic cocci and rods, Femoflor 16; BV-related microbial complex, Femoflor 16; Opportunistic anaerobes, Femoflor 16; Fermenting bacteria, Femoflor 16; BV-associated microorganisms, Femoflor 16; Polymorphic anaerobes, Femoflor 16"
,Lachnobacterium spp. Clostridium spp.,,,,,,,,,,,"Lachnobacterium, Clostridium, Фемофлор 16; Спорулирующие анаэробы, Фемофлор 16; Клостридии, Фемофлор 16; Условно-патогенные грамположительные палочки, Фемофлор 16; Ацидофильные анаэробы, Фемофлор 16; Толстокишечные бактерии, Фемофлор 16; Грамположительные анаэробы, Фемофлор 16","Lachnobacterium spp., Clostridium spp., Femoflor 16; Spore-forming anaerobes, Femoflor 16; Clostridia, Femoflor 16; Opportunistic gram-positive rods, Femoflor 16; Acidophilic anaerobes, Femoflor 16; Gut-associated bacteria, Femoflor 16; Gram-positive anaerobes, Femoflor 16"
,"Mobiluncus spp., Corynebacterium spp.",,,,,,,,,,,"Mobiluncus, Corynebacterium, Фемофлор 16; Изогнутые палочки, Фемофлор 16; Дифтероиды, Фемофлор 16; Условно-патогенные палочки, Фемофлор 16; Анаэробные и факультативные бактерии, Фемофлор 16; Бактерии при дисбиозе, Фемофлор 16; Грязевидные палочки, Фемофлор 16","Mobiluncus spp., Corynebacterium spp., Femoflor 16; Curved rods, Femoflor 16; Diphtheroids, Femoflor 16; Opportunistic rods, Femoflor 16; Anaerobic and facultative bacteria, Femoflor 16; Dysbiosis-associated bacteria, Femoflor 16; Slender rods, Femoflor 16"
,Peptostreptococcus spp.,,,,,,,,,,,"Пептострептококки, Фемофлор 16; Анаэробные грамположительные кокки, Фемофлор 16; Условно-патогенные кокки, Фемофлор 16; Облигатные анаэробы, Фемофлор 16; Гроздевидные анаэробы, Фемофлор 16; Сопутствующие бактерии при воспалении, Фемофлор 16; Peptostreptococcus, Фемофлор 16","Peptostreptococcus species, Femoflor 16; Anaerobic gram-positive cocci, Femoflor 16; Opportunistic cocci, Femoflor 16; Obligate anaerobes, Femoflor 16; Clustered anaerobes, Femoflor 16; Inflammation-associated bacteria, Femoflor 16; Peptostreptococcus, Femoflor 16"
,Atopobium vaginae,,,,,,,,,,,"Atopobium vaginae, Фемофлор 16; Атопобиум вагинальный, Фемофлор 16; Условно-патогенный анаэроб, Фемофлор 16; Бактерия бактериального вагиноза, Фемофлор 16; Anaerobe BV, Фемофлор 16; Ассоциирован с рецидивирующим BV, Фемофлор 16; Микроорганизм дисбиоза, Фемофлор 16","Atopobium vaginae, Femoflor 16; Vaginal Atopobium, Femoflor 16; Opportunistic anaerobe, Femoflor 16; Bacterial vaginosis-associated bacterium, Femoflor 16; BV-related anaerobe, Femoflor 16; Associated with recurrent BV, Femoflor 16; Dysbiosis-associated microorganism, Femoflor 16"
,Mycoplasma hominis,,,,,,,,,,,"Mycoplasma hominis, Фемофлор 16; Микоплазма hominis, Фемофлор 16; Уреаплазмоподобный микроорганизм, Фемофлор 16; Условно-патогенная микоплазма, Фемофлор 16; Интраклетарный патоген, Фемофлор 16; Микроорганизм урогенитального тракта, Фемофлор 16; Mh, Фемофлор 16","Mycoplasma hominis, Femoflor 16; Mh, Femoflor 16; Opportunistic mycoplasma, Femoflor 16; Urogenital mycoplasma, Femoflor 16; Intracellular pathogen, Femoflor 16; Mycoplasma species, Femoflor 16; M. hominis, Femoflor 16"
,Ureaplasma (urealyticum + parvum),,,,,,,,,,,"Ureaplasma, Фемофлор 16; Уреаплазма (urealyticum + parvum), Фемофлор 16; Уреаплазмы, Фемофлор 16; Уреадеградирующие микоплазмы, Фемофлор 16; Условно-патогенные уреаплазмы, Фемофлор 16; U. urealyticum и U. parvum, Фемофлор 16; Uu/Up, Фемофлор 16","Ureaplasma, Femoflor 16; Ureaplasma urealyticum and parvum, Femoflor 16; Ureaplasmas, Femoflor 16; Urease-producing mycoplasmas, Femoflor 16; Opportunistic ureaplasmas, Femoflor 16; U. urealyticum and U. parvum, Femoflor 16; Uu/Up, Femoflor 16"
,Candida spp.,,,,,,,,,,,"Кандида, Фемофлор 16; Candida, Фемофлор 16; Грибы рода Candida, Фемофлор 16; Дрожжеподобные грибы, Фемофлор 16; Условно-патогенные грибы, Фемофлор 16; Кандидозный агент, Фемофлор 16; Дрожжи, Фемофлор 16","Candida species, Femoflor 16; Candida, Femoflor 16; Yeast-like fungi, Femoflor 16; Opportunistic fungi, Femoflor 16; Candidiasis agent, Femoflor 16; Yeasts, Femoflor 16; Fungi of Candida genus, Femoflor 16"
,Mycoplasma genitalium,,,,,,,,,,,"Mycoplasma genitalium, Фемофлор 16; Микоплазма genitalium, Фемофлор 16; Патогенная микоплазма, Фемофлор 16; Урогенитальный патоген, Фемофлор 16; Mg, Фемофлор 16; Микроорганизм, ассоциированный с уретритом, Фемофлор 16; STI-микоплазма, Фемофлор 16","Mycoplasma genitalium, Femoflor 16; Mg, Femoflor 16; Pathogenic mycoplasma, Femoflor 16; Urogenital pathogen, Femoflor 16; Genital mycoplasma, Femoflor 16; Urethritis-associated microorganism, Femoflor 16; STI-related mycoplasma, Femoflor 16"
,КВМ – контроль взятия материала,,,,,,,,,,,"Контроль взятия материала, Фемофлор 16; КВМ, Фемофлор 16; Валидность образца, Фемофлор 16; Контроль качества забора, Фемофлор 16; Взятие биоматериала, Фемофлор 16; Контроль адекватности, Фемофлор 16; Внутренний контроль, Фемофлор 16","Sample Adequacy Control, Femoflor 16; Specimen Collection Control, Femoflor 16; Swab Adequacy, Femoflor 16; Collection Quality Control, Femoflor 16; Sample Validity, Femoflor 16; Internal Control, Femoflor 16; Specimen Adequacy, Femoflor 16"
,ОБМ (общая бактериальная масса),,,,,,,,,,,"Общая бактериальная масса, Фемофлор 16; ОБМ, Фемофлор 16; Микробная нагрузка, Фемофлор 16; Общее количество бактерий, Фемофлор 16; Бактериальная плотность, Фемофлор 16; Суммарная ДНК бактерий, Фемофлор 16; Микробиомная масса, Фемофлор 16","Total Bacterial Mass, Femoflor 16; TBM, Femoflor 16; Microbial Load, Femoflor 16; Total Bacterial Count, Femoflor 16; Bacterial Density, Femoflor 16; Total Bacterial DNA, Femoflor 16; Microbiome Mass, Femoflor 16"
Фемофлор - 8,Lactobacillus spp.,Соскоб урогенитальный,,,,,,,Полимеразная цепная реакция в режиме реального времени,ПЦР-ДИАГНОСТИКА ИНФЕКЦИЙ		,Количественное исследование биоценоза влагалища (ПЦР)		,"Лактобациллы, Фемофлор 8; Лактобактерии, Фемофлор 8; Палочки Додерляйна, Фемофлор 8; Молочнокислые бактерии, Фемофлор 8; Lactobacillus, Фемофлор 8; Бактерии нормоценоза, Фемофлор 8; Ацидофильные палочки, Фемофлор 8","Lactobacillus species, Femoflor 8; Lactobacilli, Femoflor 8; Döderlein's bacilli, Femoflor 8; Lactic acid bacteria, Femoflor 8; Lactobacillus, Femoflor 8; Normal flora bacteria, Femoflor 8; Acidophilic rods, Femoflor 8"
,Семейство Enterobacteriaceae,,,,,,,,,,,"Энтеробактерии, Фемофлор 8; Энтеробактериaceae, Фемофлор 8; Грамотрицательные палочки, Фемофлор 8; Кишечные палочки, Фемофлор 8; Условно-патогенные энтеробактерии, Фемофлор 8; Enterobacteriaceae, Фемофлор 8; Факультативные анаэробы, Фемофлор 8","Enterobacteriaceae, Femoflor 8; Enterobacteriaceae family, Femoflor 8; Gram-negative rods, Femoflor 8; Intestinal rods, Femoflor 8; Opportunistic enterobacteria, Femoflor 8; Facultative anaerobes, Femoflor 8; Rod-shaped bacteria, Femoflor 8"
,Streptococcus spp.,,,,,,,,,,,"Стрептококки, Фемофлор 8; Гемолитический стрептококк, Фемофлор 8; Streptococcus, Фемофлор 8; Альфа- и бета-гемолитические стрептококки, Фемофлор 8; Условно-патогенные стрептококки, Фемофлор 8; Стрептококки группы В, Фемофлор 8; Гроздевидные бактерии, Фемофлор 8","Streptococcus species, Femoflor 8; Streptococci, Femoflor 8; Hemolytic streptococcus, Femoflor 8; Alpha- and beta-hemolytic streptococci, Femoflor 8; Opportunistic streptococci, Femoflor 8; Group B streptococcus, Femoflor 8; Grape-like cocci, Femoflor 8"
,"Gardnerella vaginalis, Prevotella bivia, Porphyromonas spp.",,,,,,,,,,,"Гарднерелла и анаэробные бактерии, Фемофлор 8; G. vaginalis / P. bivia / Porphyromonas, Фемофлор 8; Ассоциированные анаэробы, Фемофлор 8; Бактерии бактериального вагиноза, Фемофлор 8; Комплекс Gardnerella-Prevotella-Porphyromonas, Фемофлор 8; Условно-патогенные анаэробы, Фемофлор 8; Anaerobic mix, Фемофлор 8","Gardnerella vaginalis, Prevotella bivia, Porphyromonas spp., Femoflor 8; G. vaginalis / P. bivia / Porphyromonas, Femoflor 8; Anaerobic bacteria complex, Femoflor 8; BV-associated bacteria, Femoflor 8; Gardnerella-Prevotella-Porphyromonas complex, Femoflor 8; Opportunistic anaerobes, Femoflor 8; Mixed anaerobes, Femoflor 8"
,Eubacterium spp.,,,,,,,,,,,"Эубактерии, Фемофлор 8; Eubacterium, Фемофлор 8; Ацидофильные анаэробы, Фемофлор 8; Ферментирующие бактерии, Фемофлор 8; Условно-патогенные анаэробы, Фемофлор 8; Эубактерии толстой кишки, Фемофлор 8; Спорулирующие бактерии, Фемофлор 8","Eubacterium species, Femoflor 8; Eubacteria, Femoflor 8; Acidophilic anaerobes, Femoflor 8; Fermenting bacteria, Femoflor 8; Opportunistic anaerobes, Femoflor 8; Colon anaerobes, Femoflor 8; Spore-forming bacteria, Femoflor 8"
,Candida spp.,,,,,,,,,,,"Кандида, Фемофлор 8; Candida, Фемофлор 8; Грибы рода Candida, Фемофлор 8; Дрожжеподобные грибы, Фемофлор 8; Условно-патогенные грибы, Фемофлор 8; Кандидозный агент, Фемофлор 8; Дрожжи, Фемофлор 8","Candida species, Femoflor 8; Candida, Femoflor 8; Yeast-like fungi, Femoflor 8; Opportunistic fungi, Femoflor 8; Candidiasis agent, Femoflor 8; Yeasts, Femoflor 8; Fungi of Candida genus, Femoflor 8"
,Mycoplasma hominis,,,,,,,,,,,"Mycoplasma hominis, Фемофлор 8; Микоплазма hominis, Фемофлор 8; Условно-патогенная микоплазма, Фемофлор 8; Микроорганизм урогенитального тракта, Фемофлор 8; Mh, Фемофлор 8; Интраклетарный патоген, Фемофлор 8; Streptococcus-like mycoplasma, Фемофлор 8","Mycoplasma hominis, Femoflor 8; Mh, Femoflor 8; Opportunistic mycoplasma, Femoflor 8; Urogenital mycoplasma, Femoflor 8; Intracellular pathogen, Femoflor 8; Mycoplasma species, Femoflor 8; Streptococcus-like mycoplasma, Femoflor 8"
,Mycoplasma genitalium,,,,,,,,,,,"Mycoplasma genitalium, Фемофлор 8; Микоплазма genitalium, Фемофлор 8; Патогенная микоплазма, Фемофлор 8; Урогенитальный патоген, Фемофлор 8; Mg, Фемофлор 8; Микроорганизм, ассоциированный с уретритом, Фемофлор 8; STI-микоплазма, Фемофлор 8","Mycoplasma genitalium, Femoflor 8; Mg, Femoflor 8; Pathogenic mycoplasma, Femoflor 8; Urogenital pathogen, Femoflor 8; Genital mycoplasma, Femoflor 8; Urethritis-associated microorganism, Femoflor 8; STI-related mycoplasma, Femoflor 8"
,КВМ – контроль взятия материала,,,,,,,,,,,"Контроль взятия материала, Фемофлор 8; КВМ, Фемофлор 8; Валидность образца, Фемофлор 8; Контроль качества забора, Фемофлор 8; Взятие биоматериала, Фемофлор 8; Контроль адекватности, Фемофлор 8; Внутренний контроль, Фемофлор 8","Sample Adequacy Control, Femoflor 8; Specimen Collection Control, Femoflor 8; Swab Adequacy, Femoflor 8; Collection Quality Control, Femoflor 8; Sample Validity, Femoflor 8; Internal Control, Femoflor 8; Specimen Adequacy, Femoflor 8"
,ОБМ (общая бактериальная масса),,,,,,,,,,,"Общая бактериальная масса, Фемофлор 8; ОБМ, Фемофлор 8; Микробная нагрузка, Фемофлор 8; Общее количество бактерий, Фемофлор 8; Бактериальная плотность, Фемофлор 8; Суммарная ДНК бактерий, Фемофлор 8; Микробиомная масса, Фемофлор 8","Total Bacterial Mass, Femoflor 8; TBM, Femoflor 8; Microbial Load, Femoflor 8; Total Bacterial Count, Femoflor 8; Bacterial Density, Femoflor 8; Total Bacterial DNA, Femoflor 8; Microbiome Mass, Femoflor 8"
"Антитела к коронавирусу SARS-CoV-2 (COVID-19), IgM, качественно",КП,Сыв-ка крови,,0,0.8,,,,Иммуноферментный анализ (ИФА),,,,
,Результат,,,,Отрицательно,,,,,,,,
"Антитела к коронавирусу SARS-CoV-2 (COVID-19), IgG, качественно",КП,Сыв-ка крови,,0,0.8,,,,Иммуноферментный анализ (ИФА),,,,
,Результат,,,,Отрицательно,,,,,,,,
"Антитела к коронавирусу SARS-CoV-2 (COVID19), к спайковому (S) и нуклеокапсидному (N) белкам, IgG, качественно",КП,Сыв-ка крови,,0,0.8,,,,"Иммуноферментный анализ, тест-система SARS-CoV-2-IgG-ИФА-БЕСТ"" (Вектор-Бест, Россия)",,,,
,Результат,,,,Отрицательно,,,,,,,,
"Coronavirus SARS-CoV-2, РНК","Coronavirus SARS-CoV-2, РНК",Мазок из ротоглотки и носоглотки,,,Отрицательно,,,,Real-Time ПЦР с обратной транскрипцией,,,,
,корона вирус сеувкнирование,,,,,,,,,,,,
,отирт ЛЭМП реакция,Мазок из ротоглотки и носоглотки,,,,,,,,,,,
,,бронхо лаваж,,,,,,,,,,,
"L-карнитин в крови (общий), ВЭЖХ-МС","L-карнитин в крови (общий), ВЭЖХ-МС",Кровь ЭДТА,мкмоль/л,23,68,Новорожденные (от 0 до 2 дней),,,Высокоэффективная жидкостная хроматография с тандемной масс-спектрометрией,ВЭЖХ-МС,Жирные кислоты,"Общий L-карнитин плазмы, определение общего карнитина, уровень общего карнитина в крови, скрининг на нарушения метаболизма карнитина, ВЭЖХ-МС анализ общего карнитина, общий карнитин (плазма), оценка карнитинового статуса (общий)","Total L-carnitine in plasma, plasma total carnitine assay, blood total carnitine level, carnitine metabolism disorder screening (total), HPLC-MS/MS measurement of total carnitine, total carnitine (EDTA plasma), carnitine status assessment (total)"
,,,,17,41,Новорожденные от 2 до 4 дней,,,,,,,
,,,,19,59,От 4 дней до 1 месяца,,,,,,,
,,,,38,68,Дети (от 1 мес до 1 года),,,,,,,
,,,,35,84,Дети (от 1 до 7 лет),,,,,,,
,,,,28,83,Дети (7-11 лет),,,,,,,
,,,,34,77,Дети (11-18 лет),,,,,,,
,,,,34,78,Взрослые (от 18 лет и старше),,,,,,,
"L-карнитин в крови (свободный и общий), ВЭЖХ-МС","L-карнитин свободный (C0) в крови
",Кровь ЭДТА,мкмоль/л,9,52,,,,Высокоэффективная жидкостная хроматография с тандемной масс-спектрометрией,ВЭЖХ-МС,Жирные кислоты,"Профиль карнитина в моче, свободный и общий карнитин мочи, экскреция карнитина с мочой, почечный клиренс карнитина, ВЭЖХ-МС анализ мочи на карнитин, диагностика вторичной карнитинурии, оценка потерь карнитина","Urinary carnitine profile, free and total carnitine in urine, urinary carnitine excretion, renal carnitine clearance, HPLC-MS/MS analysis of urinary carnitine, diagnostics of secondary carnitinuria, assessment of carnitine losses"
,"L-карнитин общий (C total) в крови
",Кровь ЭДТА,мкмоль/л,23,68,Новорожденные (от 0 до 2 дней),,,,ВЭЖХ-МС,Жирные кислоты,"Общий L-карнитин плазмы, определение общего карнитина, уровень общего карнитина в крови, скрининг на нарушения метаболизма карнитина, ВЭЖХ-МС анализ общего карнитина, общий карнитин (плазма), оценка карнитинового статуса (общий)","Total L-carnitine in plasma, plasma total carnitine assay, blood total carnitine level, carnitine metabolism disorder screening (total), HPLC-MS/MS measurement of total carnitine, total carnitine (EDTA plasma), carnitine status assessment (total)"
,,,мкмоль/л,17,41,Новорожденные от 2 до 4 дней,,,,,,,
,,,мкмоль/л,19,59,От 4 дней до 1 месяца,,,,,,,
,,,мкмоль/л,38,68,Дети (от 1 мес до 1 года),,,,,,,
,,,мкмоль/л,35,84,Дети (от 1 до 7 лет),,,,,,,
,,,мкмоль/л,28,83,Дети (7-11 лет),,,,,,,
,,,мкмоль/л,34,77,Дети (11-18 лет),,,,,,,
,,,мкмоль/л,34,78,Взрослые (от 18 лет и старше),,,,,,,
"Адреналин в суточной моче, ВЭЖХ","Адреналин в суточной моче, ВЭЖХ",Суточная моча,мкг/сут,0,"2,5",Дети до 1 года,,,Высокоэффективная жидкостная хроматография с тандемной масс-спектрометрией,ВЭЖХ-МС,ОБМЕН КАТЕХОЛАМИНОВ И СЕРОТОНИНА,"Адреналин мочи, суточная экскреция адреналина, определение адреналина в моче, катехоламины мочи (адреналин), фракция адреналина, оценка симпато-адреналовой системы, скрининг на феохромоцитому","Urinary adrenaline, 24-hour urinary adrenaline excretion, urine adrenaline assay, urinary catecholamines (adrenaline), adrenaline fraction, assessment of sympatho-adrenal system, pheochromocytoma screening"
,,,,0,"3,5",Дети (1-2 года),,,,,,,
,,,,0,6,Дети (2-4 года),,,,,,,
,,,,"0,2",10,Дети (4-10 лет),,,,,,,
,,,,"0,5",20,Дети (10-16 лет),,,,,,,
,,,,0,20,Взрослые от 16 лет и старше,,,,,,,
"Асимметричный диметиларгинин (АДМА), метод ВЭЖХ-МС","Асимметричный диметиларгинин (АДМА), метод ВЭЖХ-МС",Кровь ЭДТА,нг/мл,63,137,,,,Высокоэффективная жидкостная хроматография с тандемной масс-спектрометрией,ВЭЖХ-МС,Жирные кислоты,"ADMA, асимметричный диметиларгинин плазмы, маркер эндотелиальной дисфункции, ингибитор NO-синтазы, определение ADMA, риск сердечно-сосудистых событий, маркер сосудистого здоровья","ADMA, asymmetric dimethylarginine in plasma, endothelial dysfunction marker, nitric oxide synthase inhibitor, ADMA assay, cardiovascular risk marker, vascular health biomarker"
"Бета-каротин, ВЭЖХ-УФ","Бета-каротин, ВЭЖХ-УФ",Сыв-ка крови,нг/мл,100,850,,,,Высокоэффективная жидкостная хроматография с тандемной масс-спектрометрией,ВЭЖХ-МС,Витамины,"Бета-каротин сыворотки, провитамин А, уровень каротиноидов, антиоксидантный статус (каротиноиды), скрининг гиповитаминоза А, пищевой статус по каротиноидам, спектр каротиноидов","Beta-carotene serum, provitamin A, carotenoid levels, antioxidant status (carotenoids), hypovitaminosis A screening, carotenoid nutritional status, carotenoid profile"
"Витамин B1  (тиамин), ВЭЖХ-МС","Витамин B1  (тиамин), ВЭЖХ-МС",Замороженная плазма,нг/мл,"1,06","3,98",,,,Высокоэффективная жидкостная хроматография с тандемной масс-спектрометрией,ВЭЖХ-МС,Витамины,"Тиамин плазмы, витамин B1, оценка статуса тиамина, скрининг дефицита витамина B1, тиамин в плазме, маркер нутритивного статуса, диагностика бери-бери","Thiamine plasma, vitamin B1, thiamine status assessment, vitamin B1 deficiency screening, plasma thiamine, nutritional status marker, beriberi diagnostics"
"Витамин B2 (рибофлавин), ВЭЖХ-МС","Витамин B2 (рибофлавин), ВЭЖХ-МС",Замороженная плазма,нг/мл,137,370,,,,Высокоэффективная жидкостная хроматография с тандемной масс-спектрометрией,ВЭЖХ-МС,Витамины,"Рибофлавин плазмы, витамин B2, оценка статуса рибофлавина, скрининг дефицита витамина B2, рибофлавин в плазме, маркер арибофлавиноза, кофактор энергетического метаболизма","Riboflavin plasma, vitamin B2, riboflavin status assessment, vitamin B2 deficiency screening, plasma riboflavin, ariboflavinosis marker, energy metabolism cofactor assessment"
"Витамин B3 (никотинамид), ВЭЖХ-МС","Витамин B3 (никотинамид), ВЭЖХ-МС",Замороженная плазма,нг/мл,"5,2","72,1",,,,Высокоэффективная жидкостная хроматография с тандемной масс-спектрометрией,ВЭЖХ-МС,Витамины,"Никотинамид плазмы, витамин B3, ниацин, оценка статуса ниацина, скрининг дефицита витамина B3, никотинамид в плазме, диагностика пеллагры, маркер NAD/NADP пула","Nicotinamide plasma, vitamin B3, niacin, niacin status assessment, vitamin B3 deficiency screening, plasma nicotinamide, pellagra diagnostics, NAD/NADP pool marker"
"Витамин B5 (пантотеновая кислота), ВЭЖХ-МС","Витамин B5 (пантотеновая кислота), ВЭЖХ-МС",Замороженная плазма,мкг/мл,"0,003","0,825",Дети до 1 года,,,Высокоэффективная жидкостная хроматография с тандемной масс-спектрометрией,ВЭЖХ-МС,Витамины,"Пантотеновая кислота плазмы, витамин B5, оценка статуса пантотената, скрининг дефицита витамина B5, пантотеновая кислота в плазме, кофактор метаболизма, маркер синтеза коэнзима А","Pantothenic acid plasma, vitamin B5, pantothenate status assessment, vitamin B5 deficiency screening, plasma pantothenic acid, metabolism cofactor, coenzyme A synthesis marker"
,,,,"0,003","0,229",Дети (1-10 лет),,,,,,,
,,,,"0,037","0,147",Взрослые от 10 лет,,,,,,,
"Витамин B6 (пиридоксин), ВЭЖХ-МС","Витамин B6 (пиридоксин), ВЭЖХ-МС",Замороженная плазма,нг/мл,"8,7","27,2",,,,Высокоэффективная жидкостная хроматография с тандемной масс-спектрометрией,ВЭЖХ-МС,Витамины,"Пиридоксин плазмы, витамин B6, оценка статуса витамина B6, скрининг дефицита пиридоксина, витамин B6 в плазме, кофактор аминокислотного метаболизма, маркер нутритивного статуса","Pyridoxine plasma, vitamin B6, vitamin B6 status assessment, pyridoxine deficiency screening, plasma vitamin B6, amino acid metabolism cofactor, nutritional status marker"
"Витамин B7 (биотин), ВЭЖХ-МС","Витамин B7 (биотин), ВЭЖХ-МС",Замороженная плазма,нг/мл,"0,060","2,460",Дети до 12 лет,,,Высокоэффективная жидкостная хроматография с тандемной масс-спектрометрией,ВЭЖХ-МС,Витамины,"Биотин плазмы, витамин B7, витамин H, оценка статуса биотина, скрининг дефицита витамина B7, биотин в плазме, кофактор карбоксилаз, маркер метаболизма жирных кислот","Biotin plasma, vitamin B7, vitamin H, biotin status assessment, vitamin B7 deficiency screening, plasma biotin, carboxylase cofactor, fatty acid metabolism marker"
,,,,"0,221","3,004",Взрослые от 12 лет,,,,,,,
"Витамин C (аскорбиновая кислота), ВЭЖХ-МС","Витамин C (аскорбиновая кислота), ВЭЖХ-МС",Замороженная плазма,мкг/мл,4,20,,,,Высокоэффективная жидкостная хроматография с тандемной масс-спектрометрией,ВЭЖХ-МС,Витамины,"Аскорбиновая кислота плазмы, витамин C, оценка статуса витамина C, скрининг дефицита аскорбиновой кислоты, витамин C в плазме, антиоксидантный статус, маркер нутритивного статуса","Ascorbic acid plasma, vitamin C, vitamin C status assessment, ascorbic acid deficiency screening, plasma vitamin C, antioxidant status marker, nutritional status marker"
"Витамин D, 1,25-OH (1,25-дигидроксикальциферол), ВЭЖХ-МС","Витамин D, 1,25-OH (1,25-дигидроксикальциферол), ВЭЖХ-МС",Сыв-ка крови,пг/мл,16,65,,,,Высокоэффективная жидкостная хроматография с тандемной масс-спектрометрией,ВЭЖХ-МС,Витамины,"1,25-дигидроксивитамин D, кальцитриол, активная форма витамина D, гормональная форма витамина D, оценка метаболизма витамина D, диагностика нарушений метаболизма кальция, почечный метаболит витамина D","1,25-dihydroxyvitamin D, calcitriol, active vitamin D, hormonal form of vitamin D, vitamin D metabolism assessment, calcium metabolism disorders diagnostics, renal vitamin D metabolite"
"Витамин D, 25-OH (25-гидроксикальциферол), ВЭЖХ-МС","Витамин D, 25-OH (25-гидроксикальциферол), ВЭЖХ-МС",Сыв-ка крови,нг/мл,"2,98","49,6",,,,Высокоэффективная жидкостная хроматография с тандемной масс-спектрометрией,ВЭЖХ-МС,Витамины,"25-гидроксивитамин D, кальцидиол, основной метаболит витамина D, оценка статуса витамина D, скрининг дефицита витамина D, суммарный витамин D (D2+D3), маркер обеспеченности витамином D","25-hydroxyvitamin D, calcidiol, major vitamin D metabolite, vitamin D status assessment, vitamin D deficiency screening, total vitamin D (D2+D3), vitamin D sufficiency marker"
"Витамин E (токоферол), ВЭЖХ-МС","Витамин E (токоферол), ВЭЖХ-МС",Сыв-ка крови,нг/мл,"0,060","2,460",Дети до 12 лет,,,Высокоэффективная жидкостная хроматография с тандемной масс-спектрометрией,ВЭЖХ-МС,Витамины,"Альфа-токоферол сыворотки, витамин E, оценка статуса витамина E, скрининг дефицита токоферола, антиоксидантный статус (витамин E), основной антиоксидант плазмы, маркер нутритивного статуса","Alpha-tocopherol serum, vitamin E, vitamin E status assessment, tocopherol deficiency screening, antioxidant status (vitamin E), major plasma antioxidant, nutritional status marker"
,,,,"0,221","3,004",Взрослые от 12 лет,,,,,,,
"Витамин K (филлохинон), ВЭЖХ-МС","Витамин K (филлохинон), ВЭЖХ-МС",Сыв-ка крови,нг/мл,"0,1","2,2",,,,Высокоэффективная жидкостная хроматография с тандемной масс-спектрометрией,ВЭЖХ-МС,Витамины,"Филлохинон сыворотки, витамин K1, оценка статуса витамина K, скрининг дефицита витамина K, коагуляционный витамин, маркер коагуляции, фактор свертывания крови, маркер нутритивного статуса","Phylloquinone serum, vitamin K1, vitamin K status assessment, vitamin K deficiency screening, coagulation vitamin, coagulation marker, blood clotting factor, nutritional status marker"
"Витамин А (ретинол), ВЭЖХ-МС","Витамин А (ретинол), ВЭЖХ-МС",Сыв-ка крови,мкг/мл,"0,200","0,430",Дети (от 0 до 6 лет),,,Высокоэффективная жидкостная хроматография с тандемной масс-спектрометрией,ВЭЖХ-МС,Витамины,"Ретинол сыворотки, витамин A, оценка статуса витамина A, скрининг дефицита витамина A, ретинол в сыворотке, маркер нутритивного статуса, диагностика гиповитаминоза A","Retinol serum, vitamin A, vitamin A status assessment, vitamin A deficiency screening, serum retinol, nutritional status marker, hypovitaminosis A diagnostics"
,,,,"0,260","0,490",Дети (6-13 лет),,,,,,,
,,,,"0,260","0,720",От 13 до 19 лет,,,,,,,
,,,,"0,300","0,800",Взрослые от 19 лет,,,,,,,
"Гистамин в крови, ВЭЖХ","Гистамин в крови, ВЭЖХ",Замороженная плазма,нмоль/л,0,"9,3",,,,Высокоэффективная жидкостная хроматография с тандемной масс-спектрометрией,ВЭЖХ-МС,Витамины,"Гистамин плазмы, медиатор воспаления и аллергии, маркер активации тучных клеток, диагностика анафилаксии, оценка аллергического статуса, биогенный амин, маркер дегрануляции тучных клеток","Histamine plasma, inflammation and allergy mediator, mast cell activation marker, anaphylaxis diagnostics, allergic status assessment, biogenic amine, mast cell degranulation marker"
"Гистамин в суточной моче, ВЭЖХ-МС","Гистамин в суточной моче, ВЭЖХ-МС",Суточная моча,мкг/сут,0,65,,,,Высокоэффективная жидкостная хроматография с тандемной масс-спектрометрией,ВЭЖХ-МС,Витамины,"Гистамин мочи, суточная экскреция гистамина, маркер системной активации тучных клеток, диагностика мастоцитоза, оценка высвобождения гистамина, метаболит гистамина, диагностика аллергических заболеваний","Urinary histamine, 24-hour urinary histamine excretion, systemic mast cell activation marker, mastocytosis diagnostics, histamine release assessment, histamine metabolite, allergic diseases diagnostics"
"Дегидроэпиандростерон (ДГЭА) в слюне, метод ВЭЖХ-МС","Дегидроэпиандростерон (ДГЭА) в слюне, метод ВЭЖХ-МС",Слюна,нг/мл,"0,9","1,74",,,,Высокоэффективная жидкостная хроматография с тандемной масс-спектрометрией,ВЭЖХ-МС,Гормональные исследования,"ДГЭА слюны, свободный ДГЭА, неконъюгированный ДГЭА, биодоступный ДГЭА, оценка надпочечниковой андрогенной активности, адренархе, маркер функции надпочечников","Salivary DHEA, free DHEA, unconjugated DHEA, bioavailable DHEA, adrenal androgen activity assessment, adrenarche, adrenal function marker"
"Мелатонин в крови, метод ВЭЖХ-МС","Мелатонин в крови, метод ВЭЖХ-МС",Кровь ЭДТА,пг/мл,0,200,,,,Высокоэффективная жидкостная хроматография с тандемной масс-спектрометрией,ВЭЖХ-МС,Гормональные исследования,"Мелатонин плазмы, гормон сна, маркер циркадных ритмов, оценка секреции мелатонина, диагностика нарушений сна, N-ацетил-5-метокситриптамин, маркер эпифизарной функции, регулятор цикла сон-бодрствование","Melatonin plasma, sleep hormone, circadian rhythm marker, melatonin secretion assessment, sleep disorders diagnostics, N-acetyl-5-methoxytryptamine, pineal function marker, sleep-wake cycle regulator"
Прогестерон в слюне (ВЭЖХ),Прогестерон в слюне (ВЭЖХ),Слюна,нг/мл,в,"0,360",женщины,,,Высокоэффективная жидкостная хроматография с тандемной масс-спектрометрией,ВЭЖХ-МС,Гормональные исследования,"Прогестерон слюны, свободный прогестерон, биодоступный прогестерон, оценка лютеиновой фазы, маркер овуляции, гестаген, маркер функции желтого тела","Salivary progesterone, free progesterone, bioavailable progesterone, luteal phase assessment, ovulation marker, gestagen, corpus luteum function marker"
,,,,"0,08","0,180",мужчины,,,,,,,
"Серотонин в крови, ВЭЖХ","Серотонин в крови, ВЭЖХ",Замороженная сыв-ка,нг/мл,50,220,,,,Высокоэффективная жидкостная хроматография с тандемной масс-спектрометрией,ВЭЖХ-МС,Гормональные исследования,"Серотонин сыворотки, 5-гидрокситриптамин (5-HT), маркер серотонинергической активности, нейромедиатор, оценка метаболизма триптофана, диагностика карциноидного синдрома, регулятор настроения","Serotonin serum, 5-hydroxytryptamine (5-HT), serotonergic activity marker, neurotransmitter, tryptophan metabolism assessment, carcinoid syndrome diagnostics, mood regulator"
Тестостерон свободный в слюне (ВЭЖХ),Тестостерон свободный в слюне (ВЭЖХ),Слюна,нмоль/л,"0,310","1,180",женщины,,,Высокоэффективная жидкостная хроматография с тандемной масс-спектрометрией,ВЭЖХ-МС,Гормональные исследования,"Свободный тестостерон слюны, биодоступный тестостерон, не связанный с ГСПГ тестостерон, оценка андрогенного статуса, активная фракция тестостерона, маркер гиперандрогении, диагностика нарушений половых гормонов","Salivary free testosterone, bioavailable testosterone, non-SHBG bound testosterone, androgen status assessment, active testosterone fraction, hyperandrogenism marker, sex hormone disorders diagnostics"
,,,,0,"0,410",мужчины,,,,,,,
"Фолиевая кислота в эритроцитах, ВЭЖХ-МС","Фолиевая кислота в эритроцитах, ВЭЖХ-МС",Кровь ЭДТА,нг/мл,0,498,,,,Высокоэффективная жидкостная хроматография с тандемной масс-спектрометрией,ВЭЖХ-МС,Гормональные исследования,"Фолаты эритроцитов, эритроцитарный фолат, оценка долговременного статуса фолатов, скрининг дефицита фолиевой кислоты, маркер тканевых запасов фолата, диагностика макроцитарной анемии, витамин B9 в эритроцитах","Erythrocyte folate, red blood cell folate, long-term folate status assessment, folic acid deficiency screening, tissue folate stores marker, macrocytic anemia diagnostics, vitamin B9 in erythrocytes"
Эстрадиол в слюне (ВЭЖХ),Эстрадиол в слюне (ВЭЖХ),Слюна,пг/мл,"0,01","26,3",женщины,,,Высокоэффективная жидкостная хроматография с тандемной масс-спектрометрией,ВЭЖХ-МС,Гормональные исследования,"Эстрадиол слюны, свободный эстрадиол, биодоступный эстрадиол, оценка эстрогенного статуса, маркер фолликулярной фазы, основной эстроген, диагностика нарушений менструального цикла","Salivary estradiol, free estradiol, bioavailable estradiol, estrogen status assessment, follicular phase marker, major estrogen, menstrual cycle disorders diagnostics"
,,,,"4,110","6,680",мужчины,,,,,,,
"Эстрогены и их метаболиты в моче (10 показателей: эстрадиол, эстрон, эстриол, 16а-ОНЕ1, 2-ОНЕ2, 2-ОНЕ1, 2-ОМеЕ1, 4-ОМеЕ1, 4-ОНЕ1 и расчет соотношений; прегнандиол), метод ВЭЖХ-МС/МС",Эстрадиол,Моча сут.,мкг/сут,"1,0","4,0",Мужчины от 16 лет,,,Высокоэффективная жидкостная хроматография с тандемной масс-спектрометрией,ВЭЖХ-МС,Гормональные исследования,"Эстрадиол, 17β-эстрадиол, 17бетта-эстрадиол, β-эстрадиол, бетта-эстрадиол, эстрадиол-17β, эстрадиол-17бетта","Estradiol, 17β-Estradiol, 17beta-Estradiol, β-Estradiol, beta-Estradiol, Estradiol-17β, Estradiol-17beta"
,,,,"1,0","23,0",Жен. Фолликулярная фаза,,,,,,,
,,,,"4,0","45,0",Жен. Фаза овуляции,,,,,,,
,,,,"2,0","7,8",Жен. Лютеиновая фаза,,,,,,,
,,,,"0,0","3,0",Жен. Менопауза,,,,,,,
,,,,"0,000","45,000",Женщины,,,,,,,
,Эстрон,Моча сут.,мкг/сут,"2,0","8,0",Мужчины от 16 лет,,,Высокоэффективная жидкостная хроматография с тандемной масс-спектрометрией,ВЭЖХ-МС,Гормональные исследования,"Эстрон, 17α-эстрон, 17альфа-эстрон, α-эстрон, альфа-эстрон, эстрадиол-17α, эстрадиол-17альфа","Estrone, 17α-Estrone, 17alpha-Estrone, α-Estrone, alpha-Estrone, Estradiol-17α, Estradiol-17alpha"
,,,,"2,0","39,0",Жен. Фолликулярная фаза,,,,,,,
,,,,"11,0","46,0",Жен. Фаза овуляции,,,,,,,
,,,,"4,7","27,6",Жен. Лютеиновая фаза,,,,,,,
,,,,"0,9","6,5",Жен. Менопауза,,,,,,,
,,,мкг/сут,"0,900","46,000",Женщины,,,,,,,
,Эстриол,Моча сут.,,9,60,Мужчины от 16 лет,,,Высокоэффективная жидкостная хроматография с тандемной масс-спектрометрией,ВЭЖХ-МС,Гормональные исследования,"Эстриол, 16α-гидроксиэстрадиол, 16альфа-гидроксиэстрадиол, α-эстриол, альфа-эстриол, 16α-эстриол, 16альфа-эстриол","Estriol, 16α-Hydroxyestradiol, 16alpha-Hydroxyestradiol, α-Estriol, alpha-Estriol, 16α-Estriol, 16alpha-Estriol"
,,,,"3,0","48,0",Жен. Фолликулярная фаза,,,,,,,
,,,,"20,0","130,0",Жен. Фаза овуляции,,,,,,,
,,,,"7,0","29,7",Жен. Лютеиновая фаза,,,,,,,
,,,,0,"7,0",Жен. Менопауза,,,,,,,
,,,,0,"130,000",Женщины,,,,,,,
,2-гидроксиэстрадиол (2-OHE2),Моча сут.,мкг/сут,"0,45","2,2",Жен. Лютеиновая фаза,,,Высокоэффективная жидкостная хроматография с тандемной масс-спектрометрией,ВЭЖХ-МС,Гормональные исследования,"2-гидрокси-17β-эстрадиол, 2-гидрокси-17бетта-эстрадиол, 2-OH-β-эстрадиол, 2-OH-бетта-эстрадиол, 2-гидрокси-β-эстрадиол, 2-гидрокси-бетта-эстрадиол, катехол-β-эстрадиол","2-Hydroxy-17β-estradiol, 2-Hydroxy-17beta-estradiol, 2-OH-β-estradiol, 2-OH-beta-estradiol, 2-Hydroxy-β-estradiol, 2-Hydroxy-beta-estradiol, Catechol-β-estradiol"
,,,,"0,03","0,54",Жен. Менопауза,,,,,,,
,,,,"0,030","2,200",Женщины,,,,,,,
,2-гидроксиэстрон (2-OHE1),Моча сут.,мкг/сут,"3,2","30,1",Жен. Лютеиновая фаза,,,Высокоэффективная жидкостная хроматография с тандемной масс-спектрометрией,ВЭЖХ-МС,Гормональные исследования,"2-гидрокси-α-эстрон, 2-гидрокси-альфа-эстрон, 2-OH-α-эстрон, 2-OH-альфа-эстрон, 2-гидрокси-17α-эстрон, 2-гидрокси-17альфа-эстрон, катехол-α-эстрон","2-Hydroxy-α-estrone, 2-Hydroxy-alpha-estrone, 2-OH-α-estrone, 2-OH-alpha-estrone, 2-Hydroxy-17α-estrone, 2-Hydroxy-17alpha-estrone, Catechol-α-estrone"
,,,,"0,2","5,2",Жен. Менопауза,,,,,,,
,,,,"0,200","30,100",Женщины,,,,,,,
,4-гидроксиэстрон (4-OHE1),Моча сут.,мкг/сут,"0,4","2,6",Жен. Лютеиновая фаза,,,Высокоэффективная жидкостная хроматография с тандемной масс-спектрометрией,ВЭЖХ-МС,Гормональные исследования,"4-гидрокси-β-эстрон, 4-гидрокси-бетта-эстрон, 4-OH-β-эстрон, 4-OH-бетта-эстрон, 4-гидрокси-17β-эстрон, 4-гидрокси-17бетта-эстрон, оксигенированный β-эстрон","4-Hydroxy-β-estrone, 4-Hydroxy-beta-estrone, 4-OH-β-estrone, 4-OH-beta-estrone, 4-Hydroxy-17β-estrone, 4-Hydroxy-17beta-estrone, Oxygenated β-estrone"
,,,,"0,1","1,0",Жен. Менопауза,,,,,,,
,,,,"0,050","2,630",Женщины,,,,,,,
,16а-гидроксиэстрон (16a-OHE1),Моча сут.,мкг/сут,"1,8","7,8",Жен. Лютеиновая фаза,,,Высокоэффективная жидкостная хроматография с тандемной масс-спектрометрией,ВЭЖХ-МС,Гормональные исследования,"16α-гидроксиэстрон, 16альфа-гидроксиэстрон, 16α-OHE1, 16альфа-OHE1, 16-гидрокси-α-эстрон, 16-гидрокси-альфа-эстрон, 16α-метаболит эстрона","16α-Hydroxyestrone, 16alpha-Hydroxyestrone, 16α-OHE1, 16alpha-OHE1, 16-Hydroxy-α-estrone, 16-Hydroxy-alpha-estrone, 16α-Estrone metabolite"
,,,,"0,2","3,0",Жен. Менопауза,,,,,,,
,,,,"0,200","7,800",Женщины,,,,,,,
,Соотношение (2-OHE1 + 2-OHE2)/16a-OHE1,Моча сут.,,"7,0","10,0",Жен. Фолликулярная фаза,,,Высокоэффективная жидкостная хроматография с тандемной масс-спектрометрией,ВЭЖХ-МС,Гормональные исследования,"Коэффициент 2:16, индекс 2-гидрокси к 16-гидрокси, соотношение (2-OHE1+2-OHE2)/16α-OHE1, соотношение (2-OHE1+2-OHE2)/16альфа-OHE1, метаболический профиль эстрогенов, индекс детоксикации, соотношение катехол-альфа","2:16 Ratio, 2-Hydroxy to 16-Hydroxy Ratio, (2-OHE1+2-OHE2)/16α-OHE1 Ratio, (2-OHE1+2-OHE2)/16alpha-OHE1 Ratio, Estrogen Metabolism Profile, Detoxification Index, Catechol-alpha Ratio"
,,,,"38,0","221,0",Жен. Фаза овуляции,,,,,,,
,,,,"14,7"," 61,9",Жен. Лютеиновая фаза,,,,,,,
,,,,"1,0","7,0",Жен. Постменопауза,,,,,,,
,,,,"1,600","7,700",Женщины,,,,,,,
,Соотношение 2-OMeE1/2-OHE1,Моча сут.,,"0,2","0,65",Женщины,,,Высокоэффективная жидкостная хроматография с тандемной масс-спектрометрией,ВЭЖХ-МС,Гормональные исследования,"Индекс метилирования, соотношение 2-OMeE1/2-OHE1, соотношение 2-метокси-альфа/2-гидрокси-альфа, коэффициент O-метилирования, индекс COMT, соотношение 2-OMeE1 к 2-OHE1, соотношение метокси/гидрокси","Methylation Index, 2-OMeE1/2-OHE1 Ratio, 2-Methoxy-alpha/2-Hydroxy-alpha Ratio, O-Methylation Coefficient, COMT Activity Index, 2-OMeE1 to 2-OHE1 Ratio, Methoxy/Hydroxy Ratio"
,2-метоксиэстрон (2-OMeE1),Моча сут.,мкг/сут,"1,0","9,0",Жен. Лютеиновая фаза,,,Высокоэффективная жидкостная хроматография с тандемной масс-спектрометрией,ВЭЖХ-МС,Гормональные исследования,"2-метокси-α-эстрон, 2-метокси-альфа-эстрон, 2-OMe-α-эстрон, 2-OMe-альфа-эстрон, 2-метокси-17α-эстрон, 2-метокси-17альфа-эстрон, конъюгированный α-эстрон","2-Methoxy-α-estrone, 2-Methoxy-alpha-estrone, 2-OMe-α-estrone, 2-OMe-alpha-estrone, 2-Methoxy-17α-estrone, 2-Methoxy-17alpha-estrone, Conjugated α-estrone"
,,,,"0,3","3,6",Жен. Менопауза,,,,,,,
,,,,"0,300","9,000",Женщины,,,,,,,
,Соотношение (2-ОНЕ1/2-OMeE1),Моча сут.,,"0,66","3,34",Женщины,,,Высокоэффективная жидкостная хроматография с тандемной масс-спектрометрией,ВЭЖХ-МС,Гормональные исследования,"Индекс метилирования, соотношение 2-OMeE1/2-OHE1, соотношение 2-метокси-альфа/2-гидрокси-альфа, коэффициент O-метилирования, индекс COMT, соотношение 2-OMeE1 к 2-OHE1, соотношение метокси/гидрокси","Methylation Index, 2-OMeE1/2-OHE1 Ratio, 2-Methoxy-alpha/2-Hydroxy-alpha Ratio, O-Methylation Coefficient, COMT Activity Index, 2-OMeE1 to 2-OHE1 Ratio, Methoxy/Hydroxy Ratio"
,4-метоксиэстрон (4-OMeE1),Моча сут.,,-,-,,,,Высокоэффективная жидкостная хроматография с тандемной масс-спектрометрией,ВЭЖХ-МС,Гормональные исследования,"4-метокси-β-эстрон, 4-метокси-бетта-эстрон, 4-OMe-β-эстрон, 4-OMe-бетта-эстрон, 4-метокси-17β-эстрон, 4-метокси-17бетта-эстрон, стабилизированный β-метаболит","4-Methoxy-β-estrone, 4-Methoxy-beta-estrone, 4-OMe-β-estrone, 4-OMe-beta-estrone, 4-Methoxy-17β-estrone, 4-Methoxy-17beta-estrone, Stabilized β-metabolite"
,Соотношение (4-OHE1/4-OMeE1 ),Моча сут.,,-,-,,,,Высокоэффективная жидкостная хроматография с тандемной масс-спектрометрией,ВЭЖХ-МС,Гормональные исследования,"Соотношение 4-OHE1/4-OMeE1, индекс 4-гидрокси к 4-метокси, соотношение 4-гидрокси-бетта/4-метокси-бетта, коэффициент оксидативного стресса, соотношение катехол-бетта/метокси-бетта, индекс риска, соотношение 4-ОН/4-ОМе","4-OHE1/4-OMeE1 Ratio, 4-Hydroxy to 4-Methoxy Ratio, 4-Hydroxy-beta/4-Methoxy-beta Ratio, Oxidative Stress Coefficient, Catechol-beta/Methoxy-beta Ratio, Risk Index, 4-OH/4-OMe Ratio"
,Соотношение 4-OMeE1/4-OHE1,Моча сут.,,-,-,,,,Высокоэффективная жидкостная хроматография с тандемной масс-спектрометрией,ВЭЖХ-МС,Гормональные исследования,"Соотношение 4-OMeE1/4-OHE1, индекс метилирования 4-позиции, соотношение 4-метокси-бетта/4-гидрокси-бетта, коэффициент защиты, соотношение метокси-бетта к катехол-бетта, индекс детоксикации, соотношение 4-ОМе/4-ОН","4-OMeE1/4-OHE1 Ratio, 4-Position Methylation Index, 4-Methoxy-beta/4-Hydroxy-beta Ratio, Protective Coefficient, Methoxy-beta to Catechol-beta Ratio, Detoxification Index, 4-OMe/4-OH Ratio"
,Прегнандиол,Моча сут.,мг/сут,"0,0","1,9",Мужчины от 16 лет,,,Высокоэффективная жидкостная хроматография с тандемной масс-спектрометрией,ВЭЖХ-МС,Гормональные исследования,"Прегнандиол, 5α-прегнан-3α,20α-диол, 5альфа-прегнан-3альфа,20альфа-диол, α-прегнандиол, альфа-прегнандиол, 3α,20α-диол прегнана, стероидный метаболит","Pregnanediol, 5α-Pregnan-3α,20α-diol, 5alpha-Pregnan-3alpha,20alpha-diol, α-Pregnanediol, alpha-Pregnanediol, 3α,20α-Pregnanediol, Steroid metabolite"
,,,,"0,0","2500,0",Жен. Фолликулярная фаза,,,,,,,
,,,,"1450,0","6140,0",Жен. Лютеиновая фаза,,,,,,,
,,,,"200,0","1000,0",Жен. Постменопауза,,,,,,,
,,,,"0,000","6140,000",Женщины,,,,,,,
"L-карнитин в крови (свободный), ВЭЖХ-МС","L-карнитин в крови (свободный), ВЭЖХ-МС",Кровь ЭДТА,мкмоль/л,12,36,0–2 сут.,,,Высокоэффективная жидкостная хроматография с тандемной масс-спектрометрией,ВЭЖХ-МС,Жирные кислоты,"Свободный L-карнитин плазмы, уровень свободного карнитина в крови, неэстерифицированный карнитин, анализ на свободный карнитин, ВЭЖХ-МС анализ свободного карнитина, свободный карнитин (плазма), оценка дефицита свободного карнитина","Free L-carnitine in plasma, plasma free carnitine level, unesterified carnitine assay, HPLC-MS/MS measurement of free carnitine, free carnitine (EDTA plasma), circulating free carnitine concentration, free carnitine deficiency assessment"
,,Кровь ЭДТА,мкмоль/л,10,21,2–8 сут.,,,,,,,
,,Кровь ЭДТА,мкмоль/л,12,46,8–31 сут.,,,,,,,
,,Кровь ЭДТА,мкмоль/л,27,49,1–24 мес.,,,,,,,
,,Кровь ЭДТА,мкмоль/л,24,63,2–7 лет,,,,,,,
,,Кровь ЭДТА,мкмоль/л,22,66,7–11 лет,,,,,,,
,,Кровь ЭДТА,мкмоль/л,22,65,11–18 лет,,,,,,,
,,Кровь ЭДТА,мкмоль/л,25,54,Старше 18 лет,,,,,,,
Аланин (ALA),Аланин (ALA),Кровь ЭДТА,мкмоль/л,121,571,0–1 мес.,,,Высокоэффективная жидкостная хроматография с тандемной масс-спектрометрией,ВЭЖХ-МС,Жирные кислоты,"L-аланин, Альфа-аланин, 2-аминопропионовая кислота, Протеиногенная аминокислота А, 2-аминопропионат, Аминопропионовая кислота, Незаменимая аминокислота (в некоторых контекстах)","L-Alanine, Alpha-alanine, 2-Aminopropanoic acid, Alanine (canonical), 2-Aminopropionate, Aminopropionic acid, Alanine zwitterion"
,,Кровь ЭДТА,мкмоль/л,"112,5","500,4",1–24 мес.,,,,,,,
,,Кровь ЭДТА,мкмоль/л,"155,8","597,3",2–15 лет,,,,,,,
,,Кровь ЭДТА,мкмоль/л,"124,8","564,2",Старше 15 лет,,,,,,,
,,Кровь ЭДТА,мкмоль/л,"19,4",171,0–1 мес.,,,,,,,
,,Кровь ЭДТА,мкмоль/л,25,"140,7",1–24 мес.,,,,,,,
,,Кровь ЭДТА,мкмоль/л,"32,7","121,6",2–15 лет,,,,,,,
,,Кровь ЭДТА,мкмоль/л,32,150,Старше 15 лет,,,,,,,
Ацетилкарнитин (C2),Ацетилкарнитин (C2),Кровь ЭДТА,мкмоль/л,"2,14","15,89",0–8 сут.,,,Высокоэффективная жидкостная хроматография с тандемной масс-спектрометрией,ВЭЖХ-МС,Жирные кислоты,"Ацетил-L-карнитин, N-ацетилкарнитин, Ацетилкарнитина хлорид, L-карнитин ацетат, Ацетилкарнитин, Ацетил-L-карнитина оротат, Ацетилкарнитина малеат","Acetyl-L-carnitine, N-Acetylcarnitine, Acetylcarnitine chloride, L-Carnitine acetate, Acetyl carnitine, ALCAR (Acetyl-L-carnitine arginate), Acetyl-L-carnitine hydrochloride"
,,Кровь ЭДТА,мкмоль/л,2,"27,57",8–365 сут.,,,,,,,
,,Кровь ЭДТА,мкмоль/л,2,"27,57",1–8 лет,,,,,,,
,,Кровь ЭДТА,мкмоль/л,2,"17,83",Старше 8 лет,,,,,,,
,,Кровь ЭДТА,мкмоль/л,0,"0,46",0–8 сут.,,,,,,,
,,Кровь ЭДТА,мкмоль/л,0,"1,06",8–365 сут.,,,,,,,
,,Кровь ЭДТА,мкмоль/л,0,"1,06",1–8 лет,,,,,,,
,,Кровь ЭДТА,мкмоль/л,0,"0,83",Старше 8 лет,,,,,,,
Валин (VAL),Валин (VAL),Кровь ЭДТА,мкмоль/л,"73,5","309,4",0–31 сут.,,,Высокоэффективная жидкостная хроматография с тандемной масс-спектрометрией,ВЭЖХ-МС,Жирные кислоты,"L-валин, 2-амино-3-метилбутановая кислота, Валин, 3-Метилаланин, α-Аминомасляная кислота, Протеиногенная аминокислота V, 2-Амино-3-метилбутаноат","L-Valine, 2-Amino-3-methylbutanoic acid, Valine, 3-Methylalanine, α-Aminoisovaleric acid, Val, 2-Amino-3-methylbutyrate"
,,Кровь ЭДТА,мкмоль/л,"84,9",345,1–24 мес.,,,,,,,
,,Кровь ЭДТА,мкмоль/л,110,"333,9",2–15 лет,,,,,,,
,,Кровь ЭДТА,мкмоль/л,"102,6","345,4",Старше 15 лет,,,,,,,
Гексадеценоилкарнитин (C16:1),Гексадеценоилкарнитин (C16:1),Кровь ЭДТА,мкмоль/л,0,"0,15",0–8 сут.,,,Высокоэффективная жидкостная хроматография с тандемной масс-спектрометрией,ВЭЖХ-МС,Жирные кислоты,"Пальмитолеоилкарнитин, Гексадеценоил-L-карнитин, C16:1-ацилкарнитин, Н-гексадеценоил-L-карнитин, Пальмитолеат карнитина, Гексадеценовая кислота карнитин, 16:1-ацилкарнитин","Palmitoleylcarnitine, Hexadecenoylcarnitine, C16:1-carnitine, N-Hexadecenoyl-L-carnitine, Palmitoleate carnitine, Hexadecenoic acid carnitine, 16:1-acylcarnitine"
,,Кровь ЭДТА,мкмоль/л,0,"0,21",8–365 сут.,,,,,,,
,,Кровь ЭДТА,мкмоль/л,0,"0,21",1–8 лет,,,,,,,
,,Кровь ЭДТА,мкмоль/л,0,"0,1",Старше 8 лет,,,,,,,
Гексаноилкарнитин (C6),Гексаноилкарнитин (C6),Кровь ЭДТА,мкмоль/л,0,"0,14",0–8 сут.,,,Высокоэффективная жидкостная хроматография с тандемной масс-спектрометрией,ВЭЖХ-МС,Жирные кислоты,"Капролилкарнитин, Гексаноил-L-карнитин, C6-ацилкарнитин, Н-гексаноил-L-карнитин, Капроновая кислота карнитин, 6:0-ацилкарнитин, Гексаноат карнитина","Hexanoylcarnitine, Caproylcarnitine, C6-carnitine, N-Hexanoyl-L-carnitine, Caproic acid carnitine, Hexanoate carnitine, Hexanoic acid carnitine"
,,Кровь ЭДТА,мкмоль/л,0,"0,23",8–365 сут.,,,,,,,
,,Кровь ЭДТА,мкмоль/л,0,"0,23",1–8 лет,,,,,,,
,,Кровь ЭДТА,мкмоль/л,0,"0,17",Старше 8 лет,,,,,,,
Глицин (GLY),Глицин (GLY),Кровь ЭДТА,мкмоль/л,"145,6","518,9",0–1 мес.,,,Высокоэффективная жидкостная хроматография с тандемной масс-спектрометрией,ВЭЖХ-МС,Жирные кислоты,"Глицин, Аминоуксусная кислота, 2-аминоуксусная кислота, Аминокислота G, Гликокол, 2-Аминоацетат, Простейшая аминокислота","Glycine, Aminoacetic acid, 2-Aminoacetic acid, Gly, Glycocoll, 2-Aminoacetate, Simplest amino acid"
,,Кровь ЭДТА,мкмоль/л,120,365,1–24 мес.,,,,,,,
,,Кровь ЭДТА,мкмоль/л,"129,1","429,7",2–15 лет,,,,,,,
,,Кровь ЭДТА,мкмоль/л,132,467,Старше 15 лет,,,,,,,
Декадиеноноилкарнитин (C10:2),Декадиеноноилкарнитин (C10:2),Кровь ЭДТА,мкмоль/л,0,"0,11",0–8 сут.,,,Высокоэффективная жидкостная хроматография с тандемной масс-спектрометрией,ВЭЖХ-МС,Жирные кислоты,"Декадиеноил-L-карнитин, C10:2-ацилкарнитин, Н-декадиеноил-L-карнитин, 10:2-ацилкарнитин, Декадиеновая кислота карнитин, Сетка карнитина C10:2, Диеновая форма C10 карнитина","Decadienoylcarnitine, C10:2-carnitine, N-Decadienoyl-L-carnitine, 10:2-acylcarnitine, Decadienoic acid carnitine, Decadienylcarnitine, Dodecadienoic acid carnitine"
,,Кровь ЭДТА,мкмоль/л,0,"0,12",8–365 сут.,,,,,,,
,,Кровь ЭДТА,мкмоль/л,0,"0,12",1–8 лет,,,,,,,
,,Кровь ЭДТА,мкмоль/л,0,"0,26",Старше 8 лет,,,,,,,
Деканоилкарнитин (C10),Деканоилкарнитин (C10),Кровь ЭДТА,мкмоль/л,0,"0,27",0–8 сут.,,,Высокоэффективная жидкостная хроматография с тандемной масс-спектрометрией,ВЭЖХ-МС,Жирные кислоты,"Каприлоилкарнитин, Деканоил-L-карнитин, C10-ацилкарнитин, Н-деканоил-L-карнитин, Каприновая кислота карнитин, 10:0-ацилкарнитин, Деканоат карнитина","Decanoylcarnitine, Capryloylcarnitine, C10-carnitine, N-Decanoyl-L-carnitine, Capric acid carnitine, Decanoate carnitine, Decanoic acid carnitine"
,,Кровь ЭДТА,мкмоль/л,0,"0,91",8–365 сут.,,,,,,,
,,Кровь ЭДТА,мкмоль/л,0,"0,91",1–8 лет,,,,,,,
,,Кровь ЭДТА,мкмоль/л,0,"0,88",Старше 8 лет,,,,,,,
Деценоилкарнитин (C10:1),Деценоилкарнитин (C10:1),Кровь ЭДТА,мкмоль/л,0,"0,25",0–8 сут.,,,Высокоэффективная жидкостная хроматография с тандемной масс-спектрометрией,ВЭЖХ-МС,Жирные кислоты,"Деценоил-L-карнитин, C10:1-ацилкарнитин, Н-деценоил-L-карнитин, 10:1-ацилкарнитин, Деценовая кислота карнитин, Моноеновая форма C10 карнитина, Деценовая кислота карнитин","Decenoylcarnitine, C10:1-carnitine, N-Decenoyl-L-carnitine, 10:1-acylcarnitine, Decenoic acid carnitine, Decenylcarnitine, Decenoate carnitine"
,,Кровь ЭДТА,мкмоль/л,0,"0,46",8–365 сут.,,,,,,,
,,Кровь ЭДТА,мкмоль/л,0,"0,46",1–8 лет,,,,,,,
,,Кровь ЭДТА,мкмоль/л,0,"0,47",Старше 8 лет,,,,,,,
"Додеканоилкарнитин (лауроил, C12)","Додеканоилкарнитин (лауроил, C12)",Кровь ЭДТА,мкмоль/л,0,"0,18",0–8 сут.,,,Высокоэффективная жидкостная хроматография с тандемной масс-спектрометрией,ВЭЖХ-МС,Жирные кислоты,"Лауроилкарнитин, Додеканоил-L-карнитин, C12-ацилкарнитин, Н-додеканоил-L-карнитин, Лауриновая кислота карнитин, 12:0-ацилкарнитин, Додеканоат карнитина","Lauroylcarnitine, Dodecanoylcarnitine, C12-carnitine, N-Dodecanoyl-L-carnitine, Lauric acid carnitine, Dodecanoate carnitine, Dodecanoyl-L-carnitine"
,,Кровь ЭДТА,мкмоль/л,0,"0,35",8–365 сут.,,,,,,,
,,Кровь ЭДТА,мкмоль/л,0,"0,35",1–8 лет,,,,,,,
,,Кровь ЭДТА,мкмоль/л,0,"0,26",Старше 8 лет,,,,,,,
Додеценоилкарнитин (C12:1),Додеценоилкарнитин (C12:1),Кровь ЭДТА,мкмоль/л,0,"0,19",0–8 сут.,,,Высокоэффективная жидкостная хроматография с тандемной масс-спектрометрией,ВЭЖХ-МС,Жирные кислоты,"Лауролеоилкарнитин, Додеценоил-L-карнитин, C12:1-ацилкарнитин, Н-додеценоил-L-карнитин, Лауролеиновая кислота карнитин, 12:1-ацилкарнитин, Додеценоат карнитина","Lauroleoylcarnitine, Dodecenoylcarnitine, C12:1-carnitine, N-Dodecenoyl-L-carnitine, Lauroleic acid carnitine, Dodecenoate carnitine, Dodecenylcarnitine"
,,Кровь ЭДТА,мкмоль/л,0,"0,37",8–365 сут.,,,,,,,
,,Кровь ЭДТА,мкмоль/л,0,"0,37",1–8 лет,,,,,,,
,,Кровь ЭДТА,мкмоль/л,0,"0,35",Старше 8 лет,,,,,,,
Изовалерилкарнитин (C5),Изовалерилкарнитин (C5),Кровь ЭДТА,мкмоль/л,0,"0,38",0–8 сут.,,,Высокоэффективная жидкостная хроматография с тандемной масс-спектрометрией,ВЭЖХ-МС,Жирные кислоты,"Изовалерианоилкарнитин, Изовалерил-L-карнитин, C5-ацилкарнитин, Н-изовалерианоил-L-карнитин, 3-Метилбутаноилкарнитин, Изовалериановая кислота карнитин, 3-Метилбутаноат карнитина","Isovalerylcarnitine, Isovaleroylcarnitine, C5-carnitine, N-Isovaleroyl-L-carnitine, 3-Methylbutyrylcarnitine, Isovaleric acid carnitine, Isovalerate carnitine"
,,Кровь ЭДТА,мкмоль/л,0,"0,63",8–365 сут.,,,,,,,
,,Кровь ЭДТА,мкмоль/л,0,"0,63",1–8 лет,,,,,,,
,,Кровь ЭДТА,мкмоль/л,0,"0,51",Старше 8 лет,,,,,,,
Лейцин + изолейцин (XLE),Лейцин + изолейцин (XLE),Кровь ЭДТА,мкмоль/л,"63,3","351,9",0–1 мес.,,,Высокоэффективная жидкостная хроматография с тандемной масс-спектрометрией,ВЭЖХ-МС,Жирные кислоты,"Лейцин и изолейцин, Суммарный лейцин и изолейцин, XLE (маркер), Лейцин/изолейцин, Общий лейцин и изолейцин, Лейцин + изолейцин (сумма), Протеиногенные аминокислоты L+I","Leucine and isoleucine, Total leucine and isoleucine, XLE (biomarker), Leucine/isoleucine ratio, Combined leucine-isoleucine, Sum of leucine and isoleucine, Branched-chain amino acids (BCAAs) component"
,,Кровь ЭДТА,мкмоль/л,"76,3","343,2",1–24 мес.,,,,,,,
,,Кровь ЭДТА,мкмоль/л,"84,3","303,9",2–15 лет,,,,,,,
,,Кровь ЭДТА,мкмоль/л,"82,6","317,8",Старше 15 лет,,,,,,,
Линолеилкарнитин (C18:2),Линолеилкарнитин (C18:2),Кровь ЭДТА,мкмоль/л,0,"0,12",0–8 сут.,,,Высокоэффективная жидкостная хроматография с тандемной масс-спектрометрией,ВЭЖХ-МС,Жирные кислоты,"Линолеоилкарнитин, Октадекадиеноил-L-карнитин, C18:2-ацилкарнитин, Н-линолеоил-L-карнитин, Линолевая кислота карнитин, 18:2-ацилкарнитин, Октадекадиеновая кислота карнитин","Linoleylcarnitine, Octadecadienoylcarnitine, C18:2-carnitine, N-Linoleoyl-L-carnitine, Linoleic acid carnitine, Octadecadienoic acid carnitine, Linoleate carnitine"
,,Кровь ЭДТА,мкмоль/л,0,"0,31",8–365 сут.,,,,,,,
,,Кровь ЭДТА,мкмоль/л,0,"0,31",1–8 лет,,,,,,,
,,Кровь ЭДТА,мкмоль/л,0,"0,24",Старше 8 лет,,,,,,,
Метионин (MET),Метионин (MET),Кровь ЭДТА,мкмоль/л,"13,9","68,7",0–31 сут.,,,Высокоэффективная жидкостная хроматография с тандемной масс-спектрометрией,ВЭЖХ-МС,Жирные кислоты,"L-метионин, 2-амино-4-(метилтио)бутановая кислота, Метионин, Содержащая серу аминокислота, 2-Амино-4-метилтиобутаноат, Протеиногенная аминокислота M, Эссенциальная аминокислота MET","L-Methionine, 2-Amino-4-(methylthio)butanoic acid, Methionine, Sulfur-containing amino acid, 2-Amino-4-(methylthio)butyrate, Essential amino acid MET, Met"
,,Кровь ЭДТА,мкмоль/л,"11,6",52,1–24 мес.,,,,,,,
,,Кровь ЭДТА,мкмоль/л,"12,5","40,2",2–15 лет,,,,,,,
,,Кровь ЭДТА,мкмоль/л,"12,7","41,1",Старше 15 лет,,,,,,,
Миристоилкарнитин (C14),Миристоилкарнитин (C14),Кровь ЭДТА,мкмоль/л,0,"0,11",0–8 сут.,,,Высокоэффективная жидкостная хроматография с тандемной масс-спектрометрией,ВЭЖХ-МС,Жирные кислоты,"Миристоил-L-карнитин, Тетрадеканоилкарнитин, C14-ацилкарнитин, Н-миристоил-L-карнитин, Миристиновая кислота карнитин, 14:0-ацилкарнитин, Тетрадеканоат карнитина","Myristoylcarnitine, Tetradecanoylcarnitine, C14-carnitine, N-Myristoyl-L-carnitine, Myristic acid carnitine, Tetradecanoate carnitine, Tetradecanoyl-L-carnitine"
,,Кровь ЭДТА,мкмоль/л,0,"0,15",8–365 сут.,,,,,,,
,,Кровь ЭДТА,мкмоль/л,0,"0,15",1–8 лет,,,,,,,
,,Кровь ЭДТА,мкмоль/л,0,"0,12",Старше 8 лет,,,,,,,
Миристолеилкарнитин (C14:1),Миристолеилкарнитин (C14:1),Кровь ЭДТА,мкмоль/л,0,"0,16",0–8 сут.,,,Высокоэффективная жидкостная хроматография с тандемной масс-спектрометрией,ВЭЖХ-МС,Жирные кислоты,"Миристолеоил-L-карнитин, Тетрадеценоилкарнитин, C14:1-ацилкарнитин, Н-миристолеоил-L-карнитин, Миристолеиновая кислота карнитин, 14:1-ацилкарнитин, Тетрадеценовая кислота карнитин","Myristoleoylcarnitine, Tetradecenoylcarnitine, C14:1-carnitine, N-Myristoleoyl-L-carnitine, Myristoleic acid carnitine, Tetradecenoate carnitine, Tetradecenylcarnitine"
,,Кровь ЭДТА,мкмоль/л,0,"0,35",8–365 сут.,,,,,,,
,,Кровь ЭДТА,мкмоль/л,0,"0,35",1–8 лет,,,,,,,
,,Кровь ЭДТА,мкмоль/л,0,"0,24",Старше 8 лет,,,,,,,
"Октадеканоилкарнитин (стеароил, C18)","Октадеканоилкарнитин (стеароил, C18)",Кровь ЭДТА,мкмоль/л,0,"0,1",0–8 сут.,,,Высокоэффективная жидкостная хроматография с тандемной масс-спектрометрией,ВЭЖХ-МС,Жирные кислоты,"Стеароилкарнитин, Октадеканоил-L-карнитин, C18-ацилкарнитин, Н-октадеканоил-L-карнитин, Стеариновая кислота карнитин, 18:0-ацилкарнитин, Октадеканоат карнитина","Stearoylcarnitine, Octadecanoylcarnitine, C18-carnitine, N-Octadecanoyl-L-carnitine, Stearic acid carnitine, Octadecanoate carnitine, Stearate carnitine"
,,Кровь ЭДТА,мкмоль/л,0,"0,12",8–365 сут.,,,,,,,
,,Кровь ЭДТА,мкмоль/л,0,"0,12",1–8 лет,,,,,,,
,,Кровь ЭДТА,мкмоль/л,0,"0,14",Старше 8 лет,,,,,,,
"Октадеценоилкарнитин (олеил, C18:1)","Октадеценоилкарнитин (олеил, C18:1)",Кровь ЭДТА,мкмоль/л,0,"0,25",0–8 сут.,,,Высокоэффективная жидкостная хроматография с тандемной масс-спектрометрией,ВЭЖХ-МС,Жирные кислоты,"Олеоилкарнитин, Октадеценоил-L-карнитин, C18:1-ацилкарнитин, Н-октадеценоил-L-карнитин, Олеиновая кислота карнитин, 18:1-ацилкарнитин, Октадеценовая кислота карнитин","Oleoylcarnitine, Octadecenoylcarnitine, C18:1-carnitine, N-Octadecenoyl-L-carnitine, Oleic acid carnitine, Octadecenoate carnitine, Oleate carnitine"
,,Кровь ЭДТА,мкмоль/л,0,"0,45",8–365 сут.,,,,,,,
,,Кровь ЭДТА,мкмоль/л,0,"0,45",1–8 лет,,,,,,,
,,Кровь ЭДТА,мкмоль/л,0,"0,39",Старше 8 лет,,,,,,,
Октаноилкарнитин (C8),Октаноилкарнитин (C8),Кровь ЭДТА,мкмоль/л,0,"0,19",0–8 сут.,,,Высокоэффективная жидкостная хроматография с тандемной масс-спектрометрией,ВЭЖХ-МС,Жирные кислоты,"Каприлоилкарнитин, Октаноил-L-карнитин, C8-ацилкарнитин, Н-октаноил-L-карнитин, Каприловая кислота карнитин, 8:0-ацилкарнитин, Октаноат карнитина","Octanoylcarnitine, Capryloylcarnitine, C8-carnitine, N-Octanoyl-L-carnitine, Caprylic acid carnitine, Octanoate carnitine, Octanoic acid carnitine"
,,Кровь ЭДТА,мкмоль/л,0,"0,45",8–365 сут.,,,,,,,
,,Кровь ЭДТА,мкмоль/л,0,"0,45",1–8 лет,,,,,,,
,,Кровь ЭДТА,мкмоль/л,0,"0,78",Старше 8 лет,,,,,,,
Октеноилкартинин (C8:1),Октеноилкартинин (C8:1),Кровь ЭДТА,мкмоль/л,0,"0,48",0–8 сут.,,,Высокоэффективная жидкостная хроматография с тандемной масс-спектрометрией,ВЭЖХ-МС,Жирные кислоты,,
,,Кровь ЭДТА,мкмоль/л,0,"0,91",8–365 сут.,,,,,,,
,,Кровь ЭДТА,мкмоль/л,0,"0,91",1–8 лет,,,,,,,
,,Кровь ЭДТА,мкмоль/л,0,"0,88",Старше 8 лет,,,,,,,
Орнитин (ORN),Орнитин (ORN),Кровь ЭДТА,мкмоль/л,"30,5","205,7",0–1 мес.,,,Высокоэффективная жидкостная хроматография с тандемной масс-спектрометрией,ВЭЖХ-МС,Жирные кислоты,"L-орнитин, 2,5-диамино-пентановая кислота, Орнитин, Промежуточный метаболит цикла мочевины, 2,5-диаминовалериановая кислота, Протеиногенная аминокислота (непрямая), Диаминокислота ORN","L-Ornithine, 2,5-Diamino-pentanoic acid, Ornithine, Urea cycle intermediate, 2,5-Diaminopentanoic acid, Non-proteinogenic amino acid, Orn"
,,Кровь ЭДТА,мкмоль/л,"25,7","131,3",1–24 мес.,,,,,,,
,,Кровь ЭДТА,мкмоль/л,"27,3","135,6",2–15 лет,,,,,,,
,,Кровь ЭДТА,мкмоль/л,"30,5","131,4",Старше 15 лет,,,,,,,
Пальмитоилкарнитин (C16),Пальмитоилкарнитин (C16),Кровь ЭДТА,мкмоль/л,0,"0,36",0–8 сут.,,,Высокоэффективная жидкостная хроматография с тандемной масс-спектрометрией,ВЭЖХ-МС,Жирные кислоты,"Пальмитоил-L-карнитин, Гексадеканоилкарнитин, C16-ацилкарнитин, Н-пальмитоил-L-карнитин, Пальмитиновая кислота карнитин, 16:0-ацилкарнитин, Гексадеканоат карнитина","Palmitoylcarnitine, Hexadecanoylcarnitine, C16-carnitine, N-Palmitoyl-L-carnitine, Palmitic acid carnitine, Hexadecanoate carnitine, Palmitate carnitine"
,,Кровь ЭДТА,мкмоль/л,0,"0,52",8–365 сут.,,,,,,,
,,Кровь ЭДТА,мкмоль/л,0,"0,52",1–8 лет,,,,,,,
,,Кровь ЭДТА,мкмоль/л,0,"0,23",Старше 8 лет,,,,,,,
Пролин (PRO),Пролин (PRO),Кровь ЭДТА,мкмоль/л,85,303,0–2 года,,,Высокоэффективная жидкостная хроматография с тандемной масс-спектрометрией,ВЭЖХ-МС,Жирные кислоты,"L-пролин, Пирролидин-2-карбоновая кислота, Пролин, Иминокислота, 2-Пирролидинкарбоновая кислота, Протеиногенная аминокислота P, Циклическая аминокислота","L-Proline, Pyrrolidine-2-carboxylic acid, Proline, Imino acid, 2-Pyrrolidinecarboxylate, Pro, Secondary amino acid"
,,Кровь ЭДТА,мкмоль/л,80,357,2–18 лет,,,,,,,
,,Кровь ЭДТА,мкмоль/л,97,368,Старше 18 лет,,,,,,,
Пропионилкарнитин (C3),Пропионилкарнитин (C3),Кровь ЭДТА,мкмоль/л,0,"0,55",0–8 сут.,,,Высокоэффективная жидкостная хроматография с тандемной масс-спектрометрией,ВЭЖХ-МС,Жирные кислоты,"Пропионил-L-карнитин, N-пропионилкарнитин, Пропионилкарнитина хлорид, L-карнитин пропионат, Пропионилкарнитин, Пропионил-L-карнитина оротат, C3-ацилкарнитин","Propionyl-L-carnitine, N-Propionylcarnitine, Propionylcarnitine chloride, L-Carnitine propionate, Propionyl carnitine, Propionyl-L-carnitine hydrochloride, C3-carnitine"
,,Кровь ЭДТА,мкмоль/л,0,"1,78",8–365 сут.,,,,,,,
,,Кровь ЭДТА,мкмоль/л,0,"1,78",1–8 лет,,,,,,,
,,Кровь ЭДТА,мкмоль/л,0,"0,88",Старше 8 лет,,,,,,,
Тетрадекадиеноилкарнитин (C14:2),Тетрадекадиеноилкарнитин (C14:2),Кровь ЭДТА,мкмоль/л,0,"0,09",0–8 сут.,,,Высокоэффективная жидкостная хроматография с тандемной масс-спектрометрией,ВЭЖХ-МС,Жирные кислоты,"Тетрадекадиеноил-L-карнитин, C14:2-ацилкарнитин, Н-тетрадекадиеноил-L-карнитин, 14:2-ацилкарнитин, Тетрадекадиеновая кислота карнитин, Диеновая форма C14 карнитина, Тетрадекадиенат карнитина","Tetradecadienoylcarnitine, C14:2-carnitine, N-Tetradecadienoyl-L-carnitine, 14:2-acylcarnitine, Tetradecadienoic acid carnitine, Tetradecadienylcarnitine, Myristadienoic acid carnitine"
,,Кровь ЭДТА,мкмоль/л,0,"0,13",8–365 сут.,,,,,,,
,,Кровь ЭДТА,мкмоль/л,0,"0,13",1–8 лет,,,,,,,
,,Кровь ЭДТА,мкмоль/л,0,"0,18",Старше 8 лет,,,,,,,
Тирозин (TYR),Тирозин (TYR),Кровь ЭДТА,мкмоль/л,"21,4","186,9",0–1 мес.,,,Высокоэффективная жидкостная хроматография с тандемной масс-спектрометрией,ВЭЖХ-МС,Жирные кислоты,"L-тирозин, 4-гидрокси-фенилаланин, Тирозин, 2-амино-3-(4-гидроксифенил)пропановая кислота, Протеиногенная аминокислота Y, Ароматическая аминокислота, Тирозин (гидроксифенилаланин)","L-Tyrosine, 4-Hydroxy-phenylalanine, Tyrosine, 2-Amino-3-(4-hydroxyphenyl)propanoic acid, Tyr, 4-Hydroxyphenylalanine, p-Hydroxyphenylalanine"
,,Кровь ЭДТА,мкмоль/л,26,"140,2",1–24 мес.,,,,,,,
,,Кровь ЭДТА,мкмоль/л,"32,2","123,2",2–15 лет,,,,,,,
,,Кровь ЭДТА,мкмоль/л,"31,1","118,1",Старше 15 лет,,,,,,,
Фенилаланин (PHE),Фенилаланин (PHE),Кровь ЭДТА,мкмоль/л,"28,5","108,2",0–1 мес.,,,Высокоэффективная жидкостная хроматография с тандемной масс-спектрометрией,ВЭЖХ-МС,Жирные кислоты,"L-фенилаланин, 2-амино-3-фенилпропановая кислота, Фенилаланин, Протеиногенная аминокислота F, α-Амино-β-фенилпропионовая кислота, Ароматическая аминокислота, Фенилаланин (ароматическая)","L-Phenylalanine, 2-Amino-3-phenylpropanoic acid, Phenylalanine, Phe, α-Amino-β-phenylpropionic acid, Essential aromatic amino acid, 2-Amino-3-phenylpropanoate"
,,Кровь ЭДТА,мкмоль/л,"30,3","103,3",1–24 мес.,,,,,,,
,,Кровь ЭДТА,мкмоль/л,"31,9","103,4",2–15 лет,,,,,,,
,,Кровь ЭДТА,мкмоль/л,"33,6","101,9",Старше 15 лет,,,,,,,
Цитруллин (CIT),Цитруллин (CIT),Кровь ЭДТА,мкмоль/л,"4,7","44,3",0–1 мес.,,,Высокоэффективная жидкостная хроматография с тандемной масс-спектрометрией,ВЭЖХ-МС,Жирные кислоты,"L-цитруллин, 2-амино-5-(аминоокси)пентановая кислота, Цитруллин, Промежуточный метаболит цикла мочевины, 2-амино-5-уреидопентановая кислота, Непротеиногенная аминокислота, Цитруллин (аминокислота)","L-Citrulline, 2-Amino-5-(aminoxy)pentanoic acid, Citrulline, Urea cycle intermediate, 2-Amino-5-ureidopentanoic acid, Non-proteinogenic amino acid, Cit"
,,Кровь ЭДТА,мкмоль/л,"11,2","48,8",1–24 мес.,,,,,,,
,,Кровь ЭДТА,мкмоль/л,12,"47,3",2–15 лет,,,,,,,
,,Кровь ЭДТА,мкмоль/л,"13,7","63,2",Старше 15 лет,,,,,,,